"Accession","protein_name","mean_WT","mean_2E2","log2FC","p_value","adjusted_p_value"
"A1E3K4","BCL2 antagonist/killer 1",0.48725709138505,0.443396619093253,-0.137087564977938,0.0614045270655442,0.163593099170909
"B2CMK5","Caspase-8",0.492546238971117,0.505772666748193,0.0365252075909077,0.55859210203003,0.668672305255547
"C0SSX9","Integrin-linked protein kinase",4.2614585164978,4.52742722235313,0.0863135919106757,0.161581826006252,0.284789031934136
"F7J0L2","Serine/arginine-rich splicing factor 1 (Fragment)",17.9716311512727,17.429369457999,-0.0446330656621052,0.212830726583715,0.342144304455184
"G3GR61","ATP synthase subunit gamma",38.4322110624779,38.6232036256674,0.00965207005222979,0.92282284778941,0.951666082653738
"G3GR64","Inter-alpha-trypsin inhibitor heavy chain H5",0.0276805624492154,0.0303362529548629,0.131876921006687,0.0250621432466929,0.104592261155463
"G3GR66","Scm like with four mbt domains 2",0.089682085488139,0.0806870758703848,-0.152554692839487,0.00639165030682322,0.0674853425139978
"G3GR69","Splicing factor 45",1.59926374196678,1.51193567724345,-0.0810896413219523,0.0103485210404492,0.0740687025749455
"G3GR73","Rab GDP dissociation inhibitor",13.0505054509311,13.6712842174497,0.0592986124202555,0.709929986579565,0.786938256633944
"G3GR85","Presequence protease, mitochondrial",5.29353917366582,5.48839669589414,0.0518539404996581,0.154197473070242,0.278220454105715
"G3GR90","Isopentenyl-diphosphate Delta-isomerase 1",1.32971033424036,1.58977468453731,0.255668446580072,0.045424317991671,0.142756049124998
"G3GR93","Nucleolar GTP-binding protein 1",3.06195874954078,2.89529061512419,-0.0805083254042736,0.070391458758473,0.173971053693706
"G3GR95","La-related protein 4B",1.01274902146057,1.00331027309239,-0.0148394336304221,0.841728732506748,0.888167108354378
"G3GRA0","Delta(14)-sterol reductase LBR",1.91132522569962,1.90534595414938,-0.00530270676206623,0.907396887421856,0.939198435204426
"G3GRA4","Protein enabled-like",0.336769043673296,0.342037071321786,0.0206179950630467,0.708614775641107,0.786123616213469
"G3GRB1","Calpain-2 catalytic subunit",2.51120291323117,2.50718405712161,-0.00179248924995612,0.951011449728467,0.968665648886543
"G3GRB9","Melanoma inhibitory activity protein 3",0.547864116079958,0.517710592886738,-0.0816554033631085,0.00186951868460454,0.047888687356885
"G3GRD4","Mitochondrial amidoxime reducing component 2",4.79108212696294,4.45393760197918,-0.106187315056911,0.0902207606496954,0.200644761043093
"G3GRD7","Rab3 GTPase-activating protein non-catalytic subunit",0.0988797618614709,0.104832874945826,0.0843071744306756,0.0321258363246901,0.11987198905099
"G3GRD8","isoleucine--tRNA ligase",3.71063117016037,3.77754888475626,0.0250101933219222,0.560316737573393,0.670257369784899
"G3GRE1","proline--tRNA ligase (Fragment)",8.27401857828345,8.34693071645609,0.0122994507716121,0.709544921439931,0.786894251842096
"G3GRE9","RRP15-like protein",1.65026287926821,1.57677954024193,-0.0657177965413887,0.0210701220809778,0.0967722480028275
"G3GRF9","Centromere protein F",0.02218269227434,0.022455774615286,0.0174956821501775,0.494366978097181,0.61268560477218
"G3GRG8","Ras GTPase-activating protein-binding protein 1",6.87670150873584,7.63045143854411,0.147622387243712,0.186018417289077,0.31208420643629
"G3GRG9","Ras GTPase-activating protein-binding protein 1",7.69066739702423,6.0497155954783,-0.348423001228373,0.0111676302331716,0.0765903403880625
"G3GRH6","RNA polymerase-associated protein LEO1",0.617744198569359,0.485766257961918,-0.338101654830033,0.124936501384389,0.244253779283615
"G3GRH9","Tropomodulin-3",3.49452261821144,3.38069130025154,-0.0474791649699484,0.219451993245095,0.349931310810544
"G3GRI6","Myosin-Va",0.13679419916409,0.13536175820855,-0.0152076808409745,0.483119942716217,0.604486896549974
"G3GRK2","Dynein axonemal assembly factor 4",0.126758673596046,0.122138913789742,-0.0541093331215974,0.192813304207459,0.320112167253157
"G3GRK8","HECT-type E3 ubiquitin transferase",8.94171859695146,9.39768459062797,0.0716885755307937,0.0124845310096052,0.0803571640175935
"G3GRL2","Meiosis-specific nuclear structural protein 1",0.0526129277596326,0.0468695601454296,-0.167744616892898,0.037593220502025,0.129057426446407
"G3GRL6","Cingulin-like protein 1",0.0445239843224747,0.0483037338386334,0.117048872009558,0.0726593548101468,0.176609194298883
"G3GRM4","SAFB-like transcription modulator",0.258148953448885,0.264802133612541,0.0353178135842545,0.516463345812255,0.632724311286098
"G3GRM6","G2/mitotic-specific cyclin-B2",4.34239383209867e-08,4.22811735758273e-08,-0.038541108593467,0.060913018508509,0.162710193893041
"G3GRM7","Myosin-Ie",1.72939462665125,1.58330613893391,-0.128036710555759,0.0502681206633697,0.150324249178474
"G3GRN2","BCL2/adenovirus E1B 19 kDa protein-interacting protein 2",0.287863345526036,0.296095808783616,0.0411268065448369,0.449942123201859,0.573260862716643
"G3GRN5","M-phase phosphoprotein 6",2.36395331035642,2.26077150103208,-0.0653358880880806,0.248658655724083,0.382472665766777
"G3GRP9","AFG3-like protein 1",1.08982044738783,1.12719609219458,0.0487918119457274,0.0701122729072885,0.173971053693706
"G3GRQ2","Transcription factor 25",0.0459498614691899,0.0543788237523083,0.244931393187112,0.0295286797213888,0.113731290020125
"G3GRR3","Charged multivesicular body protein 1a",0.358140459113817,0.365687007436604,0.029714074513068,0.492598275412169,0.611782637230936
"G3GRR8","60S ribosomal protein L13",210.162931013041,224.050130504759,0.0891716453224651,0.317067960075058,0.450818378237562
"G3GRR9","Paraplegin",0.0600186354756321,0.0793783629999839,0.399544376993833,0.0421672775207141,0.136516240633273
"G3GRS3","Acyl-CoA synthetase family member 3",0.370188458232896,0.434961892694479,0.232808852412848,0.000863729497524229,0.0359757428941437
"G3GRT0","Adenine phosphoribosyltransferase",6.60372090742237,7.85134495905011,0.249252415691251,0.00875095943250933,0.0708998710557229
"G3GRU2","Zinc finger CCCH domain-containing protein 18",0.168566494530447,0.148591032452478,-0.184194485179773,0.0686882851841572,0.172597365248779
"G3GRU9","Large neutral amino acids transporter small subunit 1",5.72659220008998,5.80145937394475,0.0182590605192141,0.682912419273931,0.76624467559834
"G3GRV0","Kelch domain containing 4",0.766240815206019,0.74110718790042,-0.0474937254874444,0.476298609514808,0.597963783213076
"G3GRW1","Cytochrome c oxidase subunit 4",18.334272812909,19.0857077649256,0.0579542309421521,0.016614726022728,0.0888026626267328
"G3GRW2","ER membrane protein complex subunit 8",2.57177362540227,3.36729940308506,0.388685926313058,0.000730149209166229,0.0334768411380736
"G3GRX2","Ubiquitin carboxyl-terminal hydrolase",1.50093733643321,1.49402550725996,-0.00659772680423498,0.60899526261419,0.706763919545664
"G3GRY6","Malonyl-CoA decarboxylase, mitochondrial",0.0427999661165982,0.0436685280225343,0.0290166161569578,0.356157815870867,0.489150681050386
"G3GRY7","Heat shock factor-binding protein 1",0.923954624976373,0.857505900023597,-0.105878531548772,0.188047909670884,0.314070036760703
"G3GRZ3","Plexin-A1",0.216317184248793,0.228213469309168,0.077134443622032,0.0297959732099506,0.114104258963049
"G3GRZ4","Plexin-A1",0.186005919141859,0.185680307740938,-0.00174330059946648,0.94903497542763,0.967241188415432
"G3GRZ5","Coiled-coil-helix-coiled-coil-helix domain-containing protein 6",4.10389994383858,3.99922874260075,-0.036657210025163,0.554905658303201,0.665687899046886
"G3GS14","Transmembrane protein 43",10.5542937690708,10.0745245459018,-0.067585218343492,0.115786313954381,0.232725893840234
"G3GS40","Succinyl-CoA ligase [GDP-forming] subunit beta, mitochondrial",6.770606028753,4.89046868582733,-0.470074095992506,0.00252223183961706,0.0524342233987471
"G3GS48","Protein SHQ1 homolog",0.143633619668788,0.133595928991644,-0.104643429091752,0.082750582470054,0.190785672853139
"G3GS61","PRA1 family protein",3.22792316112637,3.3855785620373,0.0686046977083197,0.148577210832424,0.27144537372059
"G3GS63","TATA element modulatory factor",0.167816090114862,0.164192716083252,-0.0315984532896287,0.131875839745068,0.251899032305396
"G3GS69","FERM, ARHGEF and pleckstrin domain-containing protein 1",0.46941938682852,0.47162401648349,0.0063516804265944,0.867437735522475,0.90671895714982
"G3GS70","Importin-5",15.1382195679072,15.3681775871397,0.0212762604877561,0.67458424684202,0.75970170732848
"G3GS73","Heterogeneous nuclear ribonucleoprotein A3-like 1",6.02825927821531,5.12429176141357,-0.234022510425187,0.0786056843435442,0.185276919364678
"G3GS78","DnaJ homolog subfamily C member 3",0.723222121750037,0.789466577545866,0.126193192359953,0.0189623856418727,0.0935811002857384
"G3GS82","Multidrug resistance-associated protein 4 (Fragment)",0.682172513348036,0.608099545265019,-0.165426895267719,0.0186370043588497,0.0931186129012676
"G3GSA0","Ras GTPase-activating protein-binding protein 1",7.37832846747558,7.00910302434219,-0.0741741257116195,0.0255333240122073,0.105472687075892
"G3GSC9","tRNA (adenine(58)-N(1))-methyltransferase non-catalytic subunit TRM6",1.42518766049331,1.35557711878262,-0.0722054168153751,0.00617809503848303,0.0664103838758321
"G3GSE2","Gag polyprotein",1.03974352299854,0.915952241175209,-0.18296664161653,0.00213162451022309,0.0509292449037493
"G3GSG4","Renin receptor",1.36166960435103,1.53017322962773,0.16810415289598,0.00735288511774965,0.0689292288771211
"G3GSH2","ubiquitinyl hydrolase 1",0.274456808276153,0.280798547762451,0.0329038730022393,0.111912891292471,0.22770361529234
"G3GSH5","RNA helicase",35.0960828773132,33.0016190481136,-0.0892043439612671,0.0655222358929414,0.168694556564365
"G3GSH8","Peripheral plasma membrane protein CASK",0.369370047287554,0.404648578633419,0.131759800376529,0.00692195995387072,0.0684249127428805
"G3GSI7","Large subunit GTPase 1 homolog",1.21428354518817,1.22354134624978,0.0103357433617268,0.838238736260551,0.88504260260696
"G3GSJ5","Arf-GAP with coiled-coil, ANK repeat and PH domain-containing protein",0.303118962391236,0.306663664393872,0.0159391060690577,0.682791224614481,0.76624467559834
"G3GSJ7","D-beta-hydroxybutyrate dehydrogenase, mitochondrial",2.37121456006019,2.58632042232197,0.125974311046128,0.0493097299753833,0.149036812987691
"G3GSJ8","Disks large-like 1",0.337810090795467,0.282902361039766,-0.256681580410261,0.00879029662761567,0.0708998710557229
"G3GSK1","Nuclear cap-binding protein subunit 2",1.06569857288635,1.14117916048299,0.098894476278614,0.0153080312621896,0.0867432101377319
"G3GSK4","non-specific serine/threonine protein kinase",3.92301828400394,3.81116367596278,-0.0423855918652318,0.36830095855089,0.499210010763603
"G3GSL6","UBX domain-containing protein 7",1.55093687555477,1.34120087212864,-0.20922456866176,0.0133171304907514,0.08246742800149
"G3GSM1","choline-phosphate cytidylyltransferase",5.47066084947028,5.80437422674904,0.0854282203859849,0.0166997848301623,0.0888026626267328
"G3GSM5","Transferrin receptor protein 1",12.8532866158796,12.2230988058101,-0.0760377016018992,0.410065381334872,0.53696746139586
"G3GSN1","Oxysterol-binding protein",0.984547783968772,0.967424923095365,-0.0253830053785453,0.617395855815056,0.713544174521061
"G3GSN2","Zinc finger protein 148",0.247881979386098,0.246012680692238,-0.0109744097962832,0.813177977185093,0.86403386972651
"G3GSN8","Integrin beta",0.859150635631713,1.11567852444482,0.377615667266073,0.00220669114089804,0.0516489178222778
"G3GSP0","Uridine 5'-monophosphate synthase",3.1467628928253,3.26918115117314,0.0546789877680256,0.178978610617057,0.304855679254601
"G3GSP9","Protein disulfide-isomerase A5",2.13569164568975,2.39172846152661,0.163483598393302,0.00330003337905267,0.0581326932615225
"G3GSQ5","Poly [ADP-ribose] polymerase",4.47644053389242e-08,3.72238619204898e-08,-0.265248303975035,0.0180483336660395,0.0925963368541216
"G3GSS3","Midasin",0.486223633727981,0.524289460290276,0.108761373604755,0.000333640280195833,0.030127760075788
"G3GST3","Protein WWC2",0.00696201859128225,0.00628154727659808,-0.148574336351817,0.00618572579500259,0.0664103838758321
"G3GST5","CDKN2A-interacting protein",0.796204929781381,0.759138766238216,-0.06913759024326,0.205974758690883,0.334010425067047
"G3GSV1","Centromere protein U",0.215835355352055,0.251327067251295,0.219564376189239,0.000724112625378801,0.0334768411380736
"G3GSW2","28S ribosomal protein S22, mitochondrial",2.74308096636221,2.98084001253974,0.119692474213507,0.0184684874312159,0.0926896737397719
"G3GSW3","Coatomer subunit beta'",4.14545912886955,4.31717082776025,0.0588663134973779,0.105095078519607,0.220268529003846
"G3GSY1","Sodium/potassium-transporting ATPase subunit beta",9.95129758775601,9.5771383441863,-0.0554213587722328,0.104200636636462,0.219483656905121
"G3GSY8","5'-3' exoribonuclease 1",0.0899921305977539,0.10040563832989,0.158148947770356,0.0241453674936039,0.103475729834945
"G3GSZ0","Plastin-1",1.72766499096624,1.52001410266632,-0.187585223346341,0.102878212830885,0.21807053726724
"G3GSZ3","U2-associated protein SR140",2.1006987418265,1.97824897520182,-0.0866017002806369,0.0155556157785089,0.0867432101377319
"G3GT01","E3 ubiquitin-protein ligase listerin",0.0664015794694791,0.0643852743895085,-0.0458219145054115,0.417768742690493,0.544286485708478
"G3GT05","T-complex protein 1 subunit theta",84.1874989791604,72.1663977081267,-0.223390017427159,0.0238899070735767,0.102700871240023
"G3GT06","T-complex protein 1 subunit theta",47.1748072085749,38.7192269315689,-0.283849351052536,0.0207101174606109,0.0962732821398119
"G3GT56","Trifunctional purine biosynthetic protein adenosine-3",6.31054367647856,5.70120705873531,-0.147626860798801,0.0557941902608098,0.157456285668575
"G3GT57","Protein SON",1.14632903068314,1.14742462581305,0.00072366234658594,0.973494290263317,0.982434912378055
"G3GT64","Intersectin-1",4.57928100548593e-08,4.56008473243018e-08,-0.00790249030281132,0.926839934632753,0.954502541912561
"G3GT65","ATP synthase peripheral stalk subunit OSCP",1.05504917488827,1.04380902811825,-0.0151913670698451,0.640002917435975,0.732172235545261
"G3GTB7","Heterogeneous nuclear ribonucleoprotein Q",20.6339563070281,21.7514706792646,0.0710823867902945,0.487444512784495,0.608004041710698
"G3GTC7","NADP-dependent malic enzyme (Fragment)",0.353538738752628,0.335898225078332,-0.0736786585650731,0.0575585394243451,0.159477178355367
"G3GTC9","Phosphoacetylglucosamine mutase",0.791780314573463,0.75991115514074,-0.0604597818416384,0.419227828549443,0.545399806637552
"G3GTD7","Trophoblast glycoprotein",0.301234988167882,0.348939116467192,0.211921089436482,0.0128195584857092,0.0811024173353538
"G3GTE4","Growth factor receptor-bound protein 2",1.09709601971036,1.05964828345998,-0.0507638224651984,0.249568759250981,0.383520035451348
"G3GTE8","Small ribosomal subunit protein uS7m",11.0114255306215,10.7206426176159,-0.0389400376212574,0.225372535023588,0.355808288578165
"G3GTF0","Nuclear pore complex protein Nup85",1.7246492360624,1.74222657001708,0.0144135921139966,0.541315976971685,0.654276712506991
"G3GTF3","5'(3')-deoxyribonucleotidase, cytosolic type (Fragment)",1.78768560632484,1.46647353359012,-0.286790860073097,0.0113712418033133,0.0768962938125422
"G3GTF9","ATP synthase subunit d, mitochondrial",7.81096006838119,7.73096729059988,-0.0148797130649427,0.37575307577497,0.50650243440146
"G3GTG0","Large ribosomal subunit protein mL62",0.849768187671479,0.954651395846464,0.16853445844543,0.0226049708695956,0.10034328580973
"G3GTG7","NADPH:adrenodoxin oxidoreductase, mitochondrial",2.02940104364902,2.04926446384851,0.014234222140038,0.541710439668574,0.654314269783731
"G3GTH2","Na(+)/H(+) exchange regulatory cofactor NHE-RF",2.57661764557857,2.38483570634664,-0.112684674414614,0.100242191484131,0.214795528103321
"G3GTJ3","Peptidyl-cysteine S-nitrosylase GAPDH",114.844101555082,99.7159366317212,-0.205071144036183,0.0372378750258534,0.128456721968336
"G3GTK4","ubiquitinyl hydrolase 1",0.0441671685386854,0.0440845144160248,0.00644269325846913,0.983974018858611,0.989085748058216
"G3GTL7","39S ribosomal protein L37, mitochondrial",1.53072539739736,1.49299463147504,-0.0359798052717123,0.180971042491111,0.306844011761778
"G3GTM5","Nucleoporin NDC1",2.72972627251776,2.68160754694083,-0.0256958960662625,0.521642070439238,0.637901355411082
"G3GTN0","Low-density lipoprotein receptor-related protein 8",0.168111291631225,0.164053377290548,-0.0354283948087226,0.161368014602776,0.284712042633364
"G3GTN1","Mago homolog, exon junction complex subunit",2.10971890615722,2.12919470461405,0.0132548698937363,0.61652490159163,0.713030008855282
"G3GTN3","Carnitine O-palmitoyltransferase 2, mitochondrial",3.15051086049171,3.33052159206662,0.0801674199868685,0.000409852931911013,0.030127760075788
"G3GTP7","Vitronectin",1.0536706883106,1.00039755176272,-0.0746195966910974,0.0545275448980978,0.156655530278054
"G3GTQ2","Sigma intracellular receptor 2",0.247504542033517,0.237777908909838,-0.0614057576961509,0.525903631345663,0.64192384358775
"G3GTR5","Polycomb protein Suz12",0.680931033345663,0.659788538785661,-0.0437915917432752,0.490342369490411,0.609649298173999
"G3GTS4","Zinc finger protein 207",2.41633395749663,2.33396332855893,-0.049913357282672,0.287482261043498,0.420911254467448
"G3GTS6","26S proteasome non-ATPase regulatory subunit 11",11.9862730174324,11.4786028723961,-0.0632316306540903,0.295317413715477,0.427520494682396
"G3GTU0","Zinc finger protein 830",0.883372675247084,0.869929403109876,-0.0223806614398921,0.401546378935204,0.530167940945219
"G3GTU1","DNA ligase",0.185233307119074,0.189406543215911,0.0322007481141164,0.0849667327780642,0.193458268440939
"G3GTU8","Notchless protein-like 1",1.92191989296655,1.77171621877239,-0.115935592241338,0.144807302203939,0.266302220042079
"G3GTV7","Isobutyryl-CoA dehydrogenase, mitochondrial",0.53907140459866,0.549724465946802,0.0262006201260483,0.742965850315711,0.813979280198588
"G3GTV8","Thymocyte nuclear protein 1",0.540298007415728,0.581954578420968,0.105497436844145,0.406021216719998,0.533443865834775
"G3GTV9","VPS26, retromer complex component B",2.83655452727289,2.70293715856363,-0.0698067684606318,0.0949794201733514,0.207503994334339
"G3GTW0","Condensin-2 complex subunit D3",0.231988246588787,0.253340880681395,0.12656314376595,0.0378844694389701,0.12965165563623
"G3GTX5","Amyloid-like protein 2",0.909799867803686,0.941662095750693,0.048069102620623,0.451020540099582,0.573979371754107
"G3GTY0","Nuclear factor related to kappa-B-binding protein",0.130557486352942,0.118490586164134,-0.138170256797496,0.118915207614315,0.236628537387106
"G3GTY6","Structural maintenance of chromosomes protein 2",1.66515292907103,1.67930300931735,0.0119892644831907,0.606630135789199,0.704996897391128
"G3GTZ6","ATP binding cassette subfamily A member 1",0.00837578682293615,0.00885385155927598,0.0798872846902077,0.225016529446971,0.355753577732174
"G3GU10","formate--tetrahydrofolate ligase",13.7358885507402,13.4609976549384,-0.0292766684007679,0.187218407706846,0.313310005297406
"G3GU12","A-kinase anchor protein 12",2.19575989722201,2.19477376202391,-0.000807739269285124,0.976968070601345,0.984616721560584
"G3GU35","Putative RNA-binding protein 16",0.211961692222796,0.205875569210514,-0.0425196754099035,0.258166730655853,0.391697211017743
"G3GU41","Probable RNA-binding protein 19",0.551025595103954,0.613717413802602,0.155353024970803,0.00314161818028668,0.0571467176598887
"G3GU60","Phosphatidylethanolamine-binding protein 1",21.972787093613,19.9262271925088,-0.142904032709383,0.0996393983005913,0.214189509384765
"G3GU61","Serine/threonine-protein kinase TAO3",0.37727748064644,0.383335422463654,0.0230933188167164,0.38690386076342,0.516952982824418
"G3GU64","Heat shock protein beta-8",0.683493358575119,0.583607183921873,-0.228558663187748,0.0315120955074243,0.118506723217246
"G3GU69","Citron Rho-interacting kinase",0.140643140985038,0.156547318037432,0.154173198597572,0.0193130718751344,0.0940130756933143
"G3GU73","Ras-related protein Rab-35",2.17741309661745,1.97182453906989,-0.142912343134994,0.00809250294631331,0.0708998710557229
"G3GU75","Translational activator GCN1",0.960427268614133,1.00477414633955,0.0650560623160529,0.0201065834963659,0.0954061902179031
"G3GU76","Large ribosomal subunit protein uL10",114.998435100042,107.071173331972,-0.102723866395867,0.100920292290574,0.215792494599419
"G3GU77","Paxillin",0.0846854754302426,0.0800996303026212,-0.0812540788905678,0.276205032657631,0.410057693264931
"G3GU78","Phospholipase A2",0.182597343094494,0.204713348179233,0.164814702428428,0.0103789129093664,0.0740687025749455
"G3GU82","Kinetochore protein SPC25",2.00555315702198,2.15289547650682,0.10216710464169,0.0243286627892164,0.103598008085887
"G3GU87","peptidylprolyl isomerase",0.489024171667844,0.547113408673588,0.160561222782564,0.0903992215382334,0.200773851684451
"G3GU92","Lupus La protein",9.70915503530426,8.92796515860231,-0.120566696660966,0.046675751236381,0.144250913562481
"G3GUA5","Golgi reassembly-stacking protein 2",2.49592333793852,2.66787706958309,0.0954328869339136,0.136114354871928,0.256612476397757
"G3GUB2","Cytoplasmic dynein 1 intermediate chain 2 (Fragment)",1.1894947403234,0.88845896600887,-0.416351802572774,0.0425917839238677,0.137429334620886
"G3GUB3","Calcium-binding mitochondrial carrier protein Aralar1",7.14986343649117,7.94326192774,0.151830614404067,0.000219977114783594,0.0292870881507975
"G3GUB4","Histone acetyltransferase type B catalytic subunit",8.85446954320084,8.44004781257574,-0.069197778335726,0.288093242636531,0.420960145238847
"G3GUB5","Methionine aminopeptidase",0.450300071018614,0.488184285003097,0.117959554721985,0.111371995369902,0.227017094094436
"G3GUC4","Cell division cycle-associated protein 7",0.19215322608467,0.201495450071925,0.0674104146511199,0.309994550914496,0.444316638851789
"G3GUC8","Obg-like ATPase 1",7.78464269799201,7.74839152844971,-0.00850022080895485,0.922665766800544,0.951666082653738
"G3GUD8","Acidic leucine-rich nuclear phosphoprotein 32 family member",6.80018202741414,5.39565062128181,-0.337022300942369,0.0229571777046476,0.101235406821417
"G3GUE2","Succinate dehydrogenase assembly factor 4, mitochondrial",1.06928411944865,1.05365278232634,-0.0218849149646642,0.609284193356868,0.706854140438626
"G3GUG1","Nuclear pore complex protein Nup153",3.00880463425623,2.87023411804486,-0.0673887652749436,0.16014575127525,0.283452051569678
"G3GUG6","Lysine demethylase 1B",0.0420566986759226,0.0477704111348251,0.183315230061112,0.0183494231536061,0.0926896737397719
"G3GUG7","Protein DEK",12.3145192607217,12.6342295394989,0.0364667522575752,0.315923847595522,0.450147772627592
"G3GUH8","Serine/threonine-protein kinase WNK2",0.479655513845524,0.447729402710785,-0.0994072155322006,0.00323723583387325,0.0581326932615225
"G3GUI3","peptidylprolyl isomerase",6.4118936280194,6.06213108143665,-0.080949092529361,0.123903621921846,0.243514634511108
"G3GUK0","Fructose-2,6-bisphosphatase TIGAR",1.71767734691524,1.6375150535747,-0.0681628376757797,0.185882710152856,0.31208420643629
"G3GUK6","NADH dehydrogenase [ubiquinone] 1 alpha subcomplex subunit 9, mitochondrial",2.58011436132593,2.86469726027345,0.150820885881708,0.0210766248753372,0.0967722480028275
"G3GUL9","Lymphotoxin beta receptor",4.11522356836631e-08,4.54776621265119e-08,0.143428004497672,0.0533989435075909,0.155067077320278
"G3GUM0","Tapasin-related protein",0.167046349828361,0.169292038065974,0.0193540599444728,0.697776978687223,0.777967870641617
"G3GUM5","Condensin complex subunit 1",1.64564248714127,1.67075079162082,0.0219418264630786,0.53809006746497,0.650880901989611
"G3GUM9","NOP2 nucleolar protein",14.060579475857,14.0130640300995,-0.00506942181294168,0.817784583392597,0.867945711163479
"G3GUN0","DNA helicase",4.35303543397328,4.32073595911259,-0.0107908059687838,0.690844217074688,0.772617529551543
"G3GUN6","COP9 signalosome complex subunit 7a",2.34395835637814,2.17831719311548,-0.105614342636185,0.0173472911263864,0.0905793812792752
"G3GUP2","procollagen-proline 3-dioxygenase",0.670941444268424,0.676810735559627,0.012536260184183,0.57122635985191,0.678217320476886
"G3GUP6","Cell division cycle associated 3",0.38522892455363,0.323816667466358,-0.251517252410542,0.0106746444706766,0.0753756013572883
"G3GUP7","Ubiquitin carboxyl-terminal hydrolase",4.60172562582881,4.16049276711147,-0.147019162542442,0.0822844834721045,0.190247011420613
"G3GUQ6","Prohibitin-2",33.539741671615,34.7150349111017,0.0497177679200398,0.129480188627053,0.248876742250324
"G3GUQ7","EMG1 N1-specific pseudouridine methyltransferase",1.61893681159149,1.82436919843968,0.171824886930776,0.0277510864482868,0.109373781254879
"G3GUQ8","Lysophospholipid acyltransferase 5",1.30488354457693,1.30528672798271,0.000142048964936636,0.987855377618794,0.991707243218387
"G3GUR8","Sarcolemma associated protein",0.22829674462225,0.216183258539489,-0.078798764244671,0.022524502913899,0.10034328580973
"G3GUS2","ADP-ribosylation factor",8.16992767315322,8.68689579127348,0.087708892661821,0.134986430132274,0.255542749803575
"G3GUS6","2',5'-phosphodiesterase 12",1.11448941495382,1.20757895397819,0.115704905608962,0.0120224263876069,0.0785919162486725
"G3GUT3","Ras GTPase-activating protein-binding protein 1",6.3998510468208,6.28891386876048,-0.0252782334368242,0.477521559660693,0.598825275453105
"G3GUU0","Actin-related protein 8",0.0147579017729525,0.0134542635386972,-0.12380832554212,0.448565061166899,0.572377910684564
"G3GUU4","5'-(N(7)-methylguanosine 5'-triphospho)-[mRNA] hydrolase",0.363674107683821,0.412688708517319,0.180813107044076,0.0690456591074397,0.172975913946557
"G3GUU5","Transketolase",41.1088694996669,35.9688134497781,-0.194136753112332,0.046177187043612,0.143372026934109
"G3GUU6","Protein kinase C delta type",0.0710379374432114,0.070894594089432,-0.00280396761000112,0.93420472120466,0.957960539789215
"G3GUX2","Exportin-7 (Fragment)",0.335313309514939,0.383575440932415,0.197440057244999,0.290597652744027,0.422916619930553
"G3GUX6","Receptor expression-enhancing protein",0.418162071433125,0.388350974522591,-0.106670723387648,0.026244425051007,0.10639290944166
"G3GUY3","Vinexin (Fragment)",0.232558231516714,0.258576119983459,0.153420703380354,0.0398885348718103,0.133107603405732
"G3GUY5","Protein KIAA1967-like",2.14823694396937,2.12251194953986,-0.0174180322060091,0.283085738980912,0.415929749064579
"G3GUZ0","Charged multivesicular body protein 7",0.0940995408805687,0.118951997457139,0.336427319294092,0.0213482147744181,0.0970821669157301
"G3GV17","Mimitin, mitochondrial",0.68271294753868,0.677056750186264,-0.011465789559584,0.72349373911611,0.797869372264125
"G3GV24","Kinesin-like protein",1.05853138759926,1.04227776953995,-0.0223316080602222,0.316592754833111,0.450540401292964
"G3GV26","rRNA adenine N(6)-methyltransferase",1.26253931759917,1.37988538567485,0.126921456654108,0.104514306697531,0.219729512887335
"G3GV27","Importin-11 (Fragment)",0.201673484126038,0.213957615114185,0.0843786905258814,0.158220298611516,0.28123384994835
"G3GV30","Echinoderm microtubule-associated protein-like 4 (Fragment)",0.329031667624274,0.331552058606411,0.0110261398066249,0.586649103079861,0.690309431517714
"G3GV32","Cytochrome c oxidase subunit 7A-related protein, mitochondrial",0.350721325150223,0.332014184724984,-0.0797355833376139,0.182817982538151,0.308621085264365
"G3GV34","Metastasis-associated protein MTA3",0.206211816381925,0.210765936836742,0.0321790229031405,0.433262020421432,0.558600917700513
"G3GV37","Thyroid adenoma-associated protein-like",1.14185811365713,1.18777102545958,0.0571755094299902,0.139016090513512,0.259680510097532
"G3GV42","asparagine--tRNA ligase",0.683251806281788,0.671734486749927,-0.0235525541816112,0.628192818357439,0.722783965302992
"G3GV47","Leucine rich pentatricopeptide repeat containing",13.4517557342294,13.4402915052265,-0.00210725514804144,0.976358039743278,0.984298300909865
"G3GV53","Prolyl endopeptidase",0.247487458478213,0.257797328905646,0.058955574557269,0.138830523628464,0.259647557600533
"G3GV59","S1 RNA binding domain 1",0.0998710409912443,0.0959226986930231,-0.0585177682167197,0.178608168905652,0.304534661908924
"G3GV64","Mammalian ependymin-related protein 1",2.48599208019191,2.59330043614264,0.06232730316974,0.35022422835637,0.48320244003649
"G3GV75","RAS like proto-oncogene A",0.975692114523748,0.917320374775565,-0.0889492360157049,0.00516090350890222,0.0657455888740427
"G3GV81","Glycerol-3-phosphate dehydrogenase [NAD(+)]",0.46280208122496,0.517435913650571,0.162327601564753,0.0557067330010828,0.157456285668575
"G3GV85","dolichyl-diphosphooligosaccharide--protein glycotransferase",1.19294107787983,1.3423568066739,0.168709276487131,0.0739649653449264,0.177935585664532
"G3GVA0","Golgin subfamily A member 4",0.214625648799739,0.19848510808104,-0.11317901979081,0.0363678809257019,0.127573568734454
"G3GVA5","Phosphoinositide phospholipase C",0.125440403830932,0.138445078536573,0.141469581749043,0.0580262786573207,0.159613480789393
"G3GVB5","Ras-related C3 botulinum toxin substrate 1",25.4124978296323,26.3881830939153,0.0543752557852732,0.295912192785269,0.428196329119021
"G3GVD0","Actin, cytoplasmic 1",1077.88677421647,1153.94251400248,0.0974908803418426,0.116527369048889,0.23382320396081
"G3GVE7","BRCA1 associated ATM activator 1",0.0490858150687868,0.0485276495362643,-0.0154687500134196,0.746084043252356,0.815926609399737
"G3GVE9","Protein tweety homolog",0.640983859880186,0.627073590473932,-0.0258640941044166,0.819184026177595,0.868760752730168
"G3GVF5","Sorting nexin-8",0.739508038140855,0.910456985902813,0.299812367878127,0.00228459783832618,0.0524342233987471
"G3GVF8","Mitotic spindle assembly checkpoint protein MAD1",2.16147375067836,2.27872893105787,0.0762009542600817,0.00969619286098988,0.0727637638667937
"G3GVG3","Integrator complex subunit 1",0.402468008313151,0.375413366614903,-0.100746935393208,0.210482272749978,0.339112924045699
"G3GVH4","Developmentally-regulated GTP-binding protein 2",0.768104929884481,0.782984111026162,0.0267790687942766,0.579818177356637,0.685742558167019
"G3GVH8","Protein flightless-1-like",1.75287949251564,1.81535779101458,0.0500636350023048,0.197785954391709,0.325942683086681
"G3GVI3","Serine hydroxymethyltransferase",0.660748715475292,0.639091767117119,-0.0481057344240067,0.0453119354021301,0.142536699051625
"G3GVI4","Dehydrogenase/reductase SDR family member 7B",0.96635887215656,0.928887702215412,-0.062312489707369,0.576701697448414,0.683263922605253
"G3GVJ0","Aldehyde dehydrogenase",0.728118238698894,0.741115773060996,0.0274601609808779,0.687040477382535,0.769329032385194
"G3GVL1","Transient receptor potential cation channel subfamily V member 2",0.758224583340166,0.735323786130157,-0.036729630681044,0.723093964271008,0.797691331053086
"G3GVN0","Phosphomannomutase",0.703588670276531,0.614486734977375,-0.195126779491641,0.00593348224064068,0.0662513158860103
"G3GVP4","Protein transport protein Sec61 subunit alpha isoform 2",0.216253341539982,0.273744662942301,0.338070128490582,0.0272826095908192,0.108321345552161
"G3GVP7","ADP-sugar pyrophosphatase",1.72914931242394,1.63603480408695,-0.0802070641224917,0.0607362795478196,0.162497464145925
"G3GVQ7","phytanoyl-CoA dioxygenase",1.78695417500118,1.93494321317545,0.113993969637473,0.0821231691014152,0.190247011420613
"G3GVQ8","Selenide, water dikinase 1",0.428099282131519,0.429435408434894,0.00441771238233168,0.736716608532649,0.80898638082637
"G3GVR1","FERM domain-containing protein 4A",0.0723433985129351,0.0736530570967432,0.0201194754624487,0.805425149346171,0.859107551869392
"G3GVR4","Family with sequence similarity 107 member B",0.917874518350801,0.807761419570291,-0.18774744649062,0.108245632749419,0.222678631107748
"G3GVS3","Glycylpeptide N-tetradecanoyltransferase",0.211628206455502,0.206538815213108,-0.0352288773669476,0.492698230592045,0.611782637230936
"G3GVT2","Far upstream element-binding protein 1",5.93329856683416,6.32478941733746,0.0913618615547676,0.248131005995582,0.382012178963759
"G3GVU5","medium-chain acyl-CoA dehydrogenase",3.54262186731985,3.41100311843014,-0.0546381852975231,0.00592365596723272,0.0662513158860103
"G3GVV2","Crooked neck pre-mRNA splicing factor 1",3.21391297427035,3.23425116094437,0.00923103897271171,0.739645360632661,0.811403809255168
"G3GVV3","N-alpha-acetyltransferase 20",0.364714782610333,0.360083474572172,-0.017949710454799,0.569939680590604,0.677170078429802
"G3GVV6","Ras and Rab interactor 2",0.130385426408682,0.0975722307858217,-0.424170642952254,0.0247225412797981,0.10421454113789
"G3GVW1","Protein transport protein SEC23",3.32816502009791,3.41888095306052,0.0386282301381633,0.155825821540181,0.279501085045545
"G3GVW9","Sorting nexin-5",1.07298826213951,1.00247954407545,-0.0986562404051993,0.084491660281594,0.193229510521144
"G3GVX1","Ribosome-binding protein 1",4.25443521102199,4.42780875373986,0.053463093144638,0.551168444251528,0.662391663522393
"G3GVX2","Destrin",5.85862329621085,5.11069036970155,-0.197231304821484,0.0465173351804398,0.144027308833425
"G3GVX8","FAS-associated factor 1",1.89527518223019,1.89768622985806,0.00184346028382665,0.957122833694209,0.972995579606143
"G3GVY6","Oxysterol-binding protein",0.908272706288104,1.00876840204702,0.151231431583663,0.00774937946036825,0.0699432407049893
"G3GVY7","Nardilysin",0.383936305727754,0.368401107623177,-0.0597232601411326,0.0570139460150498,0.158911793475689
"G3GVZ4","Coiled-coil and C2 domain containing 1B",0.57531483523,0.451921129971306,-0.346924679551778,0.0161181403139532,0.0880055719915196
"G3GVZ7","Origin recognition complex subunit 1",0.830890839776285,0.896480133305441,0.109425757680524,0.0243174316011237,0.103598008085887
"G3GW05","Cytochrome c oxidase assembly factor 7",0.299614489430658,0.256510350427887,-0.224714212998809,0.0140792154913069,0.0846067627660458
"G3GW11","Sterol carrier protein 2",19.4937212166342,20.9996639601416,0.107317156703685,0.00244565916682263,0.0524342233987471
"G3GW47","Arginine--tRNA ligase, cytoplasmic",7.07530159470055,7.33826819820437,0.0528744427257721,0.113203264857995,0.229214354192201
"G3GW85","WD repeat-containing protein 43",0.694466921532745,0.649310499221965,-0.0972201005434309,0.0357248460095711,0.126798578572677
"G3GW88","Serine/threonine-protein phosphatase",14.3700240018184,16.1907473670336,0.172231490189006,0.00151109321960914,0.0428612627629812
"G3GW95","Kanadaptin",0.367641697577531,0.384111965273907,0.0629830271945433,0.167824251888812,0.29221172926005
"G3GW99","Zinc finger protein 512",1.21566616549825,1.16792286763522,-0.0584860047456484,0.217640168586714,0.347870890286405
"G3GWB3","Alpha-2-macroglobulin receptor-associated protein",20.3024980362509,24.5887113842252,0.270370844048304,0.117141292647936,0.234787964903573
"G3GWB9","Acyl-coenzyme A oxidase",0.460810815260382,0.476954389177854,0.0497691370253277,0.0676104146514248,0.171174022570589
"G3GWC2","Actin filament-associated protein 1",0.703449243247874,0.757601631082187,0.106447935182718,0.0634392910967761,0.165883833828836
"G3GWC4","GrpE protein homolog",2.30948001234336,2.28329846694214,-0.0165248368216027,0.591843944227525,0.693164767670143
"G3GWD0","Protein cappuccino",0.0908020574855999,0.0874503222756626,-0.0535628584274614,0.279780135444103,0.412703443513183
"G3GWD2","MORF4 family-associated protein 1",2.38693479635795,2.80458729894236,0.231286970185059,0.0373469603699952,0.128601107364582
"G3GWD3","Alpha-mannosidase",0.53320270865411,0.53851563356571,0.0145175206817277,0.535137117647186,0.648715658372015
"G3GWE6","Cell growth-regulating nucleolar protein",7.19899317023289,6.03903118880948,-0.253621532377389,0.00251991419701834,0.0524342233987471
"G3GWE9","Solute carrier family 2, facilitated glucose transporter member 9",3.72083181134425,3.60580853556975,-0.0461068493986838,0.358239795022066,0.491606639581326
"G3GWF3","Beta-1,3-glucosyltransferase",1.32484040636638,1.19770910333599,-0.145435791397573,0.084581254316412,0.193229510521144
"G3GWF4","Heat shock protein 105 kDa (Fragment)",9.93503331008355,8.98696488125946,-0.144642248961683,0.023316199321934,0.102117657819951
"G3GWG3","High mobility group protein B1",25.9574237205506,22.8666397009503,-0.183680271441678,0.0192824947002464,0.0940130756933143
"G3GWG7","High affinity cationic amino acid transporter 1",2.11456943838905,2.06805848028878,-0.0356266505093201,0.841220131865409,0.887910369395624
"G3GWH3","Proteasome maturation protein",3.75797898580528,3.62991950769978,-0.0510627133055301,0.341063070071438,0.474454736296386
"G3GWI3","DNA-directed RNA polymerases I and III subunit RPAC2",0.905359737148709,0.891556135092187,-0.0228660447651471,0.639044560427695,0.731491841228282
"G3GWJ3","Cyclin-dependent kinase 8",0.0388596011534617,0.0551804889939903,0.496625721286007,0.0653557674459462,0.168655168574851
"G3GWL7","Ribosomal L1 domain containing 1",3.60952478212571,3.50043458336198,-0.043758502519275,0.31950321999291,0.453150261162679
"G3GWM0","Eukaryotic peptide chain release factor GTP-binding subunit",6.89621878830278,5.99941765086155,-0.20175052606273,0.0144110479210099,0.0850683904614111
"G3GWN4","Poly(A)-specific ribonuclease PARN",0.763062060330474,0.741620869787378,-0.0433223998608099,0.659343103119942,0.748978312371246
"G3GWP1","Protein transport protein Sec24C",1.2584356288611,1.30777980401926,0.0550502054136583,0.162517610542983,0.285986562821958
"G3GWP2","Alpha-(1,3)-fucosyltransferase",1.03770949491274,1.01911321559056,-0.0238848139116907,0.742637817023206,0.813886304380049
"G3GWP7","calcium/calmodulin-dependent protein kinase",1.29846704631082,1.43245904050797,0.141868837973253,0.00574533610805222,0.0662513158860103
"G3GWQ1","Vinculin",7.15977114753403,6.90015198182138,-0.0538364761741348,0.204110029039678,0.332274449025195
"G3GWR2","Voltage-dependent anion-selective channel protein 2",49.5427290291397,48.2709900327744,-0.0372729294940175,0.280207960572753,0.412970516969178
"G3GWR3","Catechol O-methyltransferase domain-containing protein 1",0.688116286985933,0.816065729498546,0.246085312161893,0.000165393053246648,0.0292870881507975
"G3GWR8","Proteasome subunit alpha type-7 (Fragment)",31.5010005135335,28.4056824156972,-0.149636127142179,0.0149891365688133,0.0859098494373822
"G3GWT7","Guanine nucleotide-binding protein G(s) subunit alpha",6.83321085979987,7.88363174376849,0.206008753629244,0.00725640277566894,0.0689292288771211
"G3GWU0","Syntaxin-16",1.04252352148307,1.17457500622208,0.175999056000161,0.139574089604394,0.260543490187343
"G3GWU4","Vesicle-associated membrane protein-associated protein B",9.5646044052261,9.81999073978452,0.0379681470971369,0.0735317506988673,0.177313234574286
"G3GWV5","Phospholipase A2",0.334336752103678,0.313392472774844,-0.0923046655957453,0.146006849139459,0.267772561134121
"G3GWV8","Protein odr-4 homolog",0.192986900179624,0.173554115604928,-0.154916891424286,0.0938183451020731,0.206043307779947
"G3GWV9","Nucleoprotein TPR",7.17371135343977,6.79560806593204,-0.0780232764127247,0.0175203839736293,0.091198639439716
"G3GWW7","Cytochrome b-c1 complex subunit Rieske, mitochondrial",6.02842086882628,7.25286927888932,0.267185886915752,0.00415415366042812,0.0631502537190615
"G3GWX6","Leukocyte elastase inhibitor",3.51448032526394,3.66909066264626,0.0616284688569444,0.157789726940082,0.280916072376838
"G3GWY2","RNA binding motif protein 34",0.206846232738059,0.223676202542916,0.112686204042819,0.0140073333539757,0.0846067627660458
"G3GWY3","Mitochondrial import receptor subunit TOM20 homolog",6.02232378187305,7.73525609431045,0.356091883200694,0.065804414798476,0.168787851424798
"G3GWZ6","Nucleoside-triphosphatase C1orf57",1.13685329161312,1.05819573632465,-0.105122108766772,0.169042424005888,0.293456946653376
"G3GX06","Exocyst complex component 8",0.205830488043567,0.210969072993112,0.0357197367111564,0.38174357202076,0.512513331549733
"G3GX08","Dihydroxyacetone phosphate acyltransferase",0.464614192961828,0.491991139510409,0.0823209165549297,0.0858480606385065,0.194612784609735
"G3GX12","Tetratricopeptide repeat protein 13 (Fragment)",0.570415199665288,0.629122974700271,0.141164099450391,0.0105979529992037,0.0749922805250205
"G3GX17","Polypeptide N-acetylgalactosaminyltransferase",2.45772746549035,2.61768366073224,0.0905862816936205,0.0624751069508378,0.1646195369096
"G3GX18","URB2 ribosome biogenesis homolog",0.0849912701821749,0.0831839213252017,-0.0310755840299546,0.0909834730418532,0.201403230338018
"G3GX21","Nuclear pore complex protein Nup133",1.70453175736731,1.78507730262131,0.0654250249993714,0.257484739173458,0.39158282724778
"G3GX26","Ras-related protein Rab-4",0.186403555158328,0.185668090418399,-0.0060509008547549,0.850287487991601,0.895786031573148
"G3GX32","protein disulfide-isomerase",1.13723385942892,1.13528239308531,-0.00304979719674534,0.943921081523541,0.963202396298564
"G3GX34","ER membrane protein complex subunit 3",2.80777361742403,2.83441469182838,0.0129522181113457,0.759449828067007,0.826627178712283
"G3GX36","Fanconi anemia group D2 protein-like",0.356612745716869,0.425142832682329,0.253150508402795,0.00827047628836922,0.0708998710557229
"G3GX44","Protein SEC13 homolog",0.309296544642395,0.273505907614905,-0.176957174721676,0.0586773187127754,0.160053559320368
"G3GX54","Charged multivesicular body protein 6",0.619554539211021,0.557326679825586,-0.15085841301879,0.111132724687589,0.226667415922827
"G3GX55","BAR/IMD domain-containing adapter protein 2",3.48878244445917,3.38612909250687,-0.0430701689685311,0.00833660263420199,0.0708998710557229
"G3GX57","5-azacytidine-induced protein 1",0.152829555228305,0.161234069873748,0.0769047044575637,0.0707472766785684,0.174214666167121
"G3GX68","Nuclear protein localization protein 4-like",1.70805829141336,1.49017375640111,-0.198278189782445,0.0329125824398544,0.121587652788292
"G3GX71","Coiled-coil domain-containing protein 137",2.53232453870283,2.55226771228954,0.0109259770917425,0.712191422131188,0.788262132894539
"G3GX75","Hepatocyte growth factor-regulated tyrosine kinase substrate",3.39797337723426,3.13771613103907,-0.11510836152966,0.00923613191276772,0.0723518394270431
"G3GX76","Mitochondrial dicarboxylate carrier",2.46012544370242,2.48719687668148,0.0180547513613403,0.830692479993321,0.879294032428098
"G3GX80","Mapk-regulated corepressor-interacting protein 1",1.78418538189177,1.88425036144979,0.0789319311226854,0.360618752255702,0.4938570500746
"G3GX92","Calcium/calmodulin dependent protein kinase I",0.90557383724912,0.910761673807645,0.00815004445837822,0.792777784398435,0.851002964843349
"G3GX96","Actin-related protein 2/3 complex subunit 4",19.5518633307461,20.4797161741892,0.0681673596818122,0.267353313108071,0.400754605405258
"G3GXA1","Mitochondrial mRNA pseudouridine synthase RPUSD3",0.16531757162183,0.169994022438294,0.0399954203251633,0.39592553875371,0.524609175854579
"G3GXA9","protein disulfide-isomerase",146.832831853879,187.657103845526,0.353013407436594,0.0116430010807188,0.0774164894643955
"G3GXB0","Rho GDP-dissociation inhibitor 1",29.6925883352426,28.8047317220887,-0.0455880718776553,0.507207740673899,0.624307222366028
"G3GXB1","THO complex subunit 4",24.5946291726344,26.2901769175948,0.0961495868556224,0.0807902232808723,0.188304232117743
"G3GXB7","Transcription factor MafG",1.5786353703851,1.41736656501787,-0.155455958482094,0.0151911476880704,0.0866180090493554
"G3GXB9","pyrroline-5-carboxylate reductase",0.720989013497211,0.875274744327769,0.279932104270741,0.000467378786680053,0.030127760075788
"G3GXC5","Tether containing UBX domain for GLUT4",0.24889857751154,0.253017272726546,0.0236741794440312,0.0233470897101438,0.102117657819951
"G3GXD0","L-xylulose reductase",0.125870148817201,0.132096029094613,0.0690251626377818,0.159228699899529,0.282276725934175
"G3GXD5","COP9 signalosome complex subunit 1",2.2372021349317,1.78824825825975,-0.323290315997027,0.00191147118762071,0.0481709666312793
"G3GXD7","Fatty acid synthase",8.46183842783004,7.95587292815546,-0.0898298103955937,0.130888302533136,0.250906728853612
"G3GXE0","Casein kinase I isoform delta",0.325618674003213,0.335180964421296,0.0417871198342983,0.0196546904578763,0.0947744098359033
"G3GXE8","PKHD domain-containing transmembrane protein C17orf101-like",0.166015243908951,0.153731816520595,-0.099746687643516,0.507264578469916,0.624307222366028
"G3GXF0","Essential for reactive oxygen species protein",2.1753769312749,2.14701332989587,-0.0194176524052083,0.586354809041114,0.690302337622444
"G3GXF4","Forkhead box protein K2",0.159582407849363,0.151972009317517,-0.0707657171363296,0.105944771943657,0.220932804794654
"G3GXG0","Cullin-1",0.844606300416155,0.790346019562625,-0.096200615761168,0.0506352301348641,0.150324249178474
"G3GXG4","Lanosterol 14-alpha demethylase",4.28022489330648,4.18585637235156,-0.0338088412168847,0.618424728823109,0.714240016346082
"G3GXH4","Cell division protein kinase 6",2.87146140794689,3.01343598746581,0.0692031513013693,0.173168326949704,0.29814526250034
"G3GXH9","Coiled-coil domain-containing protein 132",0.0349853713014642,0.0366409054854372,0.0667864042039952,0.103304862004079,0.218185026402666
"G3GXJ0","Reticulon-4-interacting protein 1",0.517585466462885,0.622757188377815,0.263405799618671,0.0741020052904533,0.178046957435138
"G3GXJ1","Glutamyl-tRNA(Gln) amidotransferase subunit A, mitochondrial",0.813883701893651,0.864372721767609,0.0868442581191382,0.00719141110106903,0.0689292288771211
"G3GXK1","Translocation protein SEC63-like",1.28526284182132,1.28422092305464,-0.0013584308337683,0.961034198776799,0.975203774893579
"G3GXN3","Intersectin-2",0.157144021760076,0.166322019421328,0.0817656529670878,0.0685378702840652,0.172348799279314
"G3GXQ2","Protein FAM59B",0.573177494078104,0.602100109442861,0.0700171704353252,0.278634468335533,0.412086162796311
"G3GXQ3","enoyl-CoA hydratase",16.5839322415222,16.8437665785043,0.0225405351299752,0.252974095412175,0.387330419645265
"G3GXQ4","Trifunctional enzyme subunit beta, mitochondrial",13.5559907895004,12.9905578853512,-0.0616844139472721,0.15153241788514,0.275192079577626
"G3GXR9","Transmembrane protein 214",0.452201201082781,0.536500164056516,0.245925653336423,0.0145161896408122,0.0852380468908747
"G3GXS0","Transmembrane protein 214",0.266732023675354,0.315062017862811,0.239937099144698,0.00780929026334741,0.070262619654365
"G3GXS8","Prolactin regulatory element-binding protein",0.552057180874493,0.582585223735966,0.0773781065215275,0.108673363411305,0.223147084256219
"G3GXT2","CAD protein",2.97725297668004,2.87120388479025,-0.0527942524696325,0.334445037824415,0.467385194821845
"G3GXT6","Protein Mpv17",1.7197236174796,2.54814217020671,0.564643232386864,0.0158226636011643,0.0875346364844576
"G3GXT7","General transcription factor 3C polypeptide 2",0.204948077410764,0.222833848625812,0.120727791265298,0.00205501412374022,0.0502053450522519
"G3GXT8","Translation initiation factor eIF2B subunit delta",0.792036381670339,0.658819897184899,-0.2658166006328,0.00664842821772659,0.0684249127428805
"G3GXT9","Sorting nexin-17",0.215862965677513,0.260425082869673,0.271562685617241,0.00671214207795063,0.0684249127428805
"G3GXU1","Protein phosphatase 1G",4.10252061840146,3.36146238027612,-0.289094166112395,0.0184244668160633,0.0926896737397719
"G3GXV6","Protein AAR2 homolog",0.605837025378172,0.643671190243505,0.0874266076640585,0.00753752547625524,0.0689292288771211
"G3GXW7","Uncharacterized protein C20orf117",0.00503417057246831,0.00510086086688663,0.0198862002864644,0.695063897823801,0.775809860797293
"G3GXW9","Deoxynucleoside triphosphate triphosphohydrolase SAMHD1",1.3686077890961,1.44480902356587,0.0783476297997219,0.0318305047593974,0.119435761692492
"G3GXX3","Dolichyl-diphosphooligosaccharide--protein glycosyltransferase subunit 2",33.4567361271782,41.8309034895417,0.320004744249661,0.0335566216315628,0.123104269467048
"G3GXX4","Dolichyl-diphosphooligosaccharide--protein glycosyltransferase subunit 2",39.9100608937553,37.6929340530595,-0.0843555402334797,0.245944399845365,0.379781940368694
"G3GXX7","Tyrosine-protein kinase",2.25169790928641,2.36354109199323,0.0699142098625802,0.0197533563456556,0.0947744098359033
"G3GXY1","Beta-catenin-like protein 1",4.29245673547277,4.5483050873801,0.0835593263394956,0.00812231669290363,0.0708998710557229
"G3GXY3","Uncharacterized protein KIAA0406-like",0.0141046115672997,0.0176265120429345,0.322283408602434,0.00400615439818421,0.0618945007217298
"G3GXY4","Regulation of nuclear pre-mRNA domain-containing protein",4.80332534663638,4.874109317259,0.021257749597285,0.506641529711307,0.624307222366028
"G3GXZ0","Protein-glutamine gamma-glutamyltransferase 2",0.369113572193794,0.44096718362256,0.255329549104381,0.0275818539892576,0.109121117378304
"G3GY09","Protein LLP homolog",0.709561781865835,0.508925912978747,-0.487044145031243,0.0246628163767907,0.10421454113789
"G3GY17","Cullin-associated NEDD8-dissociated protein 1",4.24803793728093,4.25890943263941,0.00335890284003337,0.906165188481095,0.938408071115787
"G3GY22","small monomeric GTPase",36.1726333347444,33.2967696138454,-0.120271290855419,0.057022128462594,0.158911793475689
"G3GY25","Nuclear pore complex protein",1.351127514228,1.32268164074703,-0.0310721663857508,0.329572440875867,0.464036991889487
"G3GY31","Cleavage and polyadenylation specificity factor subunit 6",5.56944375941217,4.72681558054878,-0.239084680677149,0.0425401215633369,0.137429334620886
"G3GY44","Myosin heavy chain 10",3.3652897075358,3.13658939235702,-0.10167946702015,0.0208669103724622,0.0965996528584107
"G3GY47","Large ribosomal subunit protein uL24",140.93865446884,178.407916348728,0.33796936904423,0.0281556001195039,0.110476897538077
"G3GY52","phosphoribosylformylglycinamidine synthase",1.95755531224722,1.94366045754842,-0.0116288034864395,0.86028739789285,0.902062005246669
"G3GY55","Period circadian protein-like 1",0.406701250807877,0.418946997171456,0.0370324603502996,0.705051686716445,0.783989367255795
"G3GY70","Fragile X mental retardation syndrome-related protein 2",4.11534954629419,3.89070837939528,-0.0810088712195483,0.0322139894403355,0.120018701297833
"G3GY75","Eukaryotic initiation factor 4A-I",92.847245190786,101.328278325134,0.127272473164272,0.0949275288055996,0.207503994334339
"G3GY76","SUMO specific peptidase 3",0.614924173881979,0.716493045246873,0.218509831219868,0.0594466988355855,0.160587652141004
"G3GY78","DNA-directed RNA polymerase subunit",0.395219100314739,0.423302566783132,0.0994148813246856,0.0421744227113249,0.136516240633273
"G3GY95","Eukaryotic translation initiation factor 5A",4.89124417207895,4.20395788177708,-0.222352561819922,0.0930733327090918,0.205079950347156
"G3GY98","Elongator complex protein 5",0.32326717997014,0.296649185656892,-0.123582839048001,0.195065380169413,0.322571060981732
"G3GYA1","Segment polarity protein dishevelled-like DVL-2",0.175255152078954,0.176434987337762,0.00981955439095783,0.793934920385835,0.851596089672091
"G3GYA2","Very long-chain specific acyl-CoA dehydrogenase, mitochondrial",1.10278308381137,1.17845856188239,0.0955220159024273,0.0504391710260274,0.150324249178474
"G3GYB0","Proline-, glutamic acid- and leucine-rich protein 1",0.569130357680662,0.369496332166937,-0.331932858622749,0.537628491092706,0.650557686076387
"G3GYB9","non-specific serine/threonine protein kinase",0.273775749525366,0.252213930272647,-0.118518153890092,0.241006524644596,0.37466272084787
"G3GYC4","Mitochondrial 2-oxoglutarate/malate carrier protein",2.30169241853508,2.13613814010589,-0.107592824672482,0.124804860323192,0.244139022502469
"G3GYC6","Profilin-1",66.5616728074644,67.849163838409,0.0243757359253065,0.746449739462801,0.815926609399737
"G3GYD3","Nuclear pore complex protein Nup88",0.254405135786415,0.260580812872859,0.0346064503567927,0.0149662930800824,0.0859098494373822
"G3GYD5","Complement component 1 Q subcomponent-binding protein, mitochondrial",8.64963871324912,7.62608196100141,-0.181679023132263,0.00693039899009157,0.0684249127428805
"G3GYF2","CGG triplet repeat-binding protein 1",0.732619247002885,0.88028168654453,0.263645336057311,0.0304619525464868,0.115596547815296
"G3GYH9","Peroxisomal membrane protein PEX16",0.248222945047315,0.231327738998143,-0.104092226075522,0.222121969265707,0.352676580233549
"G3GYJ1","Rho GTPase-activating protein 1",0.881091571031012,0.847687151426593,-0.0569191874708222,0.299754982931861,0.432821366640612
"G3GYJ5","Cytoskeleton-associated protein 5",0.628211901997567,0.650652446132828,0.0492666457551328,0.42162933448298,0.547610936171724
"G3GYJ9","ADP-ribosylation factor GTPase-activating protein 2",0.719305349462141,0.760295910587986,0.0798614666380131,0.0198449109727268,0.0950227711383644
"G3GYK0","Protein kinase C and casein kinase II substrate protein 3",1.27100489983044,1.25773767835588,-0.013920655252714,0.780505260254074,0.842150582227719
"G3GYK2","Lysosomal acid phosphatase",0.737356183684686,0.753782844776845,0.0312606005747777,0.37430980277093,0.50476023766088
"G3GYK8","26S protease regulatory subunit 6A",12.8284592424179,11.8491229720376,-0.114590994598764,0.0160899319343311,0.0879951016081801
"G3GYL0","CUG-BP-and ETR-3-like factor 1",6.29302277714491,6.07798406103315,-0.0509052006970121,0.346597526780772,0.479959421652976
"G3GYL3","NADH dehydrogenase [ubiquinone] iron-sulfur protein 3, mitochondrial",5.66789933081676,6.20953299250708,0.131851464649049,0.00751368185470876,0.0689292288771211
"G3GYL6","Cytosolic carboxypeptidase 2",1.58260693822644,1.69690267417264,0.0970194978880859,0.304784105709879,0.438758022284285
"G3GYM0","Nuclear pore complex protein Nup160",1.28518000697966,1.3125400463704,0.0276235071449342,0.683240519008438,0.766355903861006
"G3GYM8","fatty acid amide hydrolase",0.810125857682708,0.988044325629706,0.2865362003995,0.000368688144632992,0.030127760075788
"G3GYN0","Cytochrome b-c1 complex subunit 6, mitochondrial",3.46008658071671,3.42449884184205,-0.0112466457789731,0.859439710087943,0.901795992787477
"G3GYP9","Peroxiredoxin-1",18.9746329530047,16.6913694222593,-0.187289038797767,0.0743407936680617,0.17836461391183
"G3GYR1","Putative E3 ubiquitin-protein ligase HECTD3",0.358025063832039,0.340728655327899,-0.0717157974430205,0.0627513547174193,0.164987261774707
"G3GYR9","40S ribosomal protein S8",76.581589578971,73.1864040264179,-0.0634439617552118,0.368279465581234,0.499210010763603
"G3GYS0","Kinesin-like protein",1.89032947863219,1.81107155477653,-0.061992499622007,0.0661947270986252,0.169341965462052
"G3GYS5","DNA methyltransferase 1-associated protein 1",0.333683491606403,0.355412803376979,0.0885673727791114,0.307053294345456,0.441440850613512
"G3GYU5","ATP synthase mitochondrial F1 complex assembly factor 1",0.223415293158839,0.219178145799114,-0.0276575390325826,0.522374443754214,0.638563646181648
"G3GYV4","Ribosome biogenesis protein WDR12",3.37862597580299,3.21121591466782,-0.0731606058358902,0.0368475911330699,0.128198283121174
"G3GYV8","Cytochrome P450 20A1 (Fragment)",1.89200628423113,2.12280512213084,0.166822579061831,0.0255563413784282,0.105472687075892
"G3GYX1","Nucleolar protein 58",2.43858603385533,2.40446153064252,-0.0209083888833403,0.634526940800682,0.727729612300156
"G3GYX2","Nucleolar protein 58",4.45832494320663,4.80133645701821,0.107174454418083,0.041370008599117,0.135883629814764
"G3GYX4","Cleavage stimulation factor 77 kDa subunit",1.31425812364678,1.40333808619725,0.094239359913144,0.0552886229711283,0.15708915202408
"G3GYX8","F-box only protein 3",0.211191031705364,0.199559272544226,-0.0869111656599761,0.470579440320821,0.593008052241637
"G3GYY2","Caprin-1",21.6297349523319,19.7416968124838,-0.132899092876247,0.0716594374152079,0.175324661570688
"G3GYY4","RNA cytidine acetyltransferase",4.56643388850137,4.61616623187687,0.0152386654083849,0.612981190218181,0.710003415301718
"G3GYY6","Catalase",17.4917474076394,17.0368649219247,-0.0383368911185693,0.450560768150471,0.573693400350127
"G3GYZ0","Dihydrolipoamide acetyltransferase component of pyruvate dehydrogenase complex",1.62480244826099,1.59466184179727,-0.0272914279832766,0.307570978079088,0.441440850613512
"G3GYZ1","CD44 antigen",45.6959240594708,47.2053013453843,0.0481790203398109,0.440225912302166,0.565618475422399
"G3GZ00","COMM domain-containing protein 9",0.302527859466769,0.355480657026129,0.23222631272892,0.0201161059385573,0.0954061902179031
"G3GZ09","Proteasome assembly chaperone 4",0.579377643397164,0.526277895779762,-0.139056814546717,0.0477349711098253,0.145774587869147
"G3GZ20","Serine/threonine-protein kinase PRP4 homolog",0.39053801571395,0.383187685134015,-0.0275357511625853,0.55219355616468,0.663385438795112
"G3GZ21","Enoyl-CoA delta isomerase 2 isoform X1",3.93063558337701,4.42630193415861,0.171178578317069,0.00461459379774854,0.064391287179296
"G3GZ22","Chromodomain Y-like protein",1.54184711636223,1.5214004781693,-0.0180181040471183,0.762275645694994,0.828878643017133
"G3GZ25","Ribonuclease P protein subunit p40",1.10075430749394,1.19982058093994,0.124225455769631,0.0195071428874577,0.0944998584976187
"G3GZ26","LYR motif-containing protein 4",3.98696858599788,4.14992282751073,0.0595203249122702,0.418638468496044,0.544995314685438
"G3GZ27","phenylalanine--tRNA ligase",0.38548660765797,0.364450872315932,-0.0819398884133082,0.155820236029444,0.279501085045545
"G3GZ41","Protein SCO1-like, mitochondrial",2.02625572931425,1.94222040337884,-0.0610069576168428,0.0571391767905322,0.159105511412572
"G3GZ50","ribonuclease Z",0.623262664533245,0.627826176825798,0.0106644727693276,0.651017339560123,0.741393343146557
"G3GZ54","Transportin-3",0.598197476564276,0.623374662164398,0.0584645532220022,0.288789900725172,0.421351263176613
"G3GZ60","Nuclear respiratory factor 1",0.855318415487022,1.04590424877105,0.295345124277575,0.05911595093816,0.160341238079434
"G3GZ63","Nuclear-interacting partner of ALK",0.980206121021542,0.98542763306014,0.00775754100907092,0.861817990135197,0.90281840781925
"G3GZ66","Transmembrane protein 209",0.961686607114964,0.954232090865742,-0.0105074053048906,0.7618663980969,0.828718503227275
"G3GZ72","Coatomer subunit gamma",2.06093498072099,2.14059282572529,0.0545691112144653,0.0797025971552473,0.18694084980982
"G3GZ80","GRIP and coiled-coil domain containing 1",0.119672351820303,0.119777954125711,0.000965179436903885,0.96653011690598,0.97822083498165
"G3GZ81","ADP-ribosylation factor",8.67937309606963,9.62008104968585,0.152135426630826,0.176396822727181,0.30245910126428
"G3GZ85","Staphylococcal nuclease domain-containing protein",16.1628241976667,15.8643045417948,-0.0271531202521622,0.444281614926081,0.568980558616089
"G3GZ87","RNA-binding protein 28",2.42521032457527,2.42280265141487,-0.00128127726017979,0.955088584015731,0.971635711459165
"G3GZ89","Inosine-5'-monophosphate dehydrogenase",1.74920957628629,1.67549565575424,-0.0624965479774471,0.133225062718085,0.253283179300985
"G3GZ90","Calumenin",3.66764247838298,3.7681917809553,0.0369477569218368,0.555502962621405,0.665847471339433
"G3GZ95","V-type proton ATPase subunit F",1.75863243323173,1.89601522345069,0.110684961174085,0.181965664401467,0.307750924078681
"G3GZA9","Reticulocalbin-1 (Fragment)",12.9947391359464,14.3141492445039,0.140174642502601,0.0358314775003503,0.126907889093833
"G3GZB1","Eukaryotic translation initiation factor 3 subunit M",3.79722237570825,3.80681171373606,0.00311947688093284,0.952301246314036,0.969623207398328
"G3GZB2","Acid ceramidase",3.32880391294976,3.80096377571082,0.188988456536614,0.0898131405076872,0.200536745349719
"G3GZB3","Pericentriolar material 1 protein",0.127347575057759,0.133499476988262,0.0679710855077484,0.0408692076816892,0.135033798727161
"G3GZD2","Phosphoglucomutase-1",1.97079723105518,2.10866961441967,0.0968574051217607,0.0941075976867175,0.206294742279337
"G3GZD8","Dedicator of cytokinesis protein 7",0.789915755705335,0.781623896914861,-0.0151550574576464,0.439490498029076,0.565236384458539
"G3GZE6","Actin-related protein 3",11.4500607964282,11.0152906487719,-0.056254213755691,0.145709350529702,0.267458816463034
"G3GZF3","alpha-1,6-mannosyl-glycoprotein 6-beta-N-acetylglucosaminyltransferase",0.0539783386027614,0.0549827062875814,0.0254645417922923,0.648673089251197,0.739730436021723
"G3GZF9","WD repeat-containing protein 82",0.18319728016057,0.183877052854451,0.00534695721335865,0.929291124474726,0.956237725019176
"G3GZG1","Toll-like receptor 9 (Fragment)",0.126425809104806,0.128644893002107,0.0249886324690385,0.282154815879929,0.41510864560445
"G3GZG5","Signal recognition particle receptor subunit beta",11.6994628558436,10.8659251988092,-0.107480579566999,0.0987393410159968,0.213468787109385
"G3GZG7","DNA topoisomerase 2-binding protein 1 isoform X2",0.184849186753986,0.186130452696072,0.00931968465306543,0.788003957165529,0.846794077595925
"G3GZH5","DnaJ-like subfamily C member 13",0.804445676675772,0.848426060190732,0.0768831841039266,0.0136214171373002,0.0833471355732064
"G3GZH6","DnaJ-like subfamily C member 13",0.455484502367872,0.463426660172814,0.0249817268471459,0.256516932103444,0.391121918891024
"G3GZI7","Phosphoinositide 3-kinase regulatory subunit 4",0.0767238172815521,0.0802390992441496,0.0627083557698755,0.365670684308917,0.497967728615304
"G3GZJ7","EEF1A lysine and N-terminal methyltransferase",0.0499897970990349,0.0543236677098395,0.119663919085089,0.0936063462514311,0.206043307779947
"G3GZL2","Aspartate--tRNA ligase, mitochondrial isoform X1",0.47557450971598,0.553652416704216,0.219380564532884,0.000882244180212838,0.0359757428941437
"G3GZL3","RING-type E3 ubiquitin transferase",0.026931731679739,0.0329998178213922,0.321273086147913,0.268379711711745,0.401729380634709
"G3GZL7","Calcyclin-binding protein",3.67316804057864,3.27641833650496,-0.164933042312153,0.000151986170482397,0.0292870881507975
"G3GZN6","Chromosome alignment maintaining phosphoprotein 1",0.0858287037683659,0.0920591911747902,0.101429178080104,0.0380762096217685,0.129909351278348
"G3GZN8","Cell division cycle protein 16-like",0.438035783400521,0.418534854690744,-0.0656674418459087,0.0633558494214802,0.16582577339309
"G3GZP1","Pre-mRNA branch site protein p14",7.69851629971615,7.03178425568981,-0.128338638289168,0.176739625069576,0.302674487814251
"G3GZP6","ATPase family AAA domain-containing protein 2B",4.58894668857205e-08,4.30367048863958e-08,-0.0932399551580581,0.128734851931706,0.248486476018121
"G3GZP8","ATP synthase subunit epsilon, mitochondrial",34.8846894312444,30.5661455815311,-0.187549527463662,0.215404843024037,0.345287360920236
"G3GZQ4","Rab3 GTPase-activating protein catalytic subunit",0.101753927564256,0.101706674703825,-0.00069752121027955,0.969863767343087,0.98040894874579
"G3GZQ8","UBX domain-containing protein 4",3.4415984550694,3.34259983503214,-0.0430254458941512,0.362189653835772,0.495199661514841
"G3GZQ9","DNA helicase",3.28203428314064,3.2755474076504,-0.00300303279145475,0.935541025736004,0.958288562322658
"G3GZR1","Aspartate--tRNA ligase, cytoplasmic",6.80176850525792,7.12257793967857,0.0662827766647376,0.0648745281585325,0.167954936160481
"G3GZW7","RRP12-like protein",2.88632254743509,3.1268334578035,0.1148970885211,0.058931827570319,0.160101320517742
"G3GZW8","phosphoglycerate mutase (2,3-diphosphoglycerate-dependent)",28.4562368077356,25.38626298204,-0.165595538591134,0.0320210493744813,0.11987198905099
"G3GZZ0","Aspartate aminotransferase",10.9987287683263,9.84285880413083,-0.161148421274811,0.0371056193951799,0.128430721939677
"G3GZZ7","DNA-directed RNA polymerase subunit beta",0.331835029431574,0.327869279505156,-0.0186832056896022,0.746092979185718,0.815926609399737
"G3H008","Anaphase-promoting complex subunit 1",0.694627254643968,0.780171427249032,0.167558218286829,0.00042892974186922,0.030127760075788
"G3H018","Small ribosomal subunit protein uS13",23.6191896345947,33.854707523539,0.520387835114419,0.00858062042468775,0.0708998710557229
"G3H025","Small ribosomal subunit protein uS5m",2.09129884875743,2.03623423190358,-0.0389295744698746,0.264217142088381,0.397811414561319
"G3H030","Fumarylacetoacetate hydrolase domain-containing protein 2A",0.504327143888747,0.472704165498646,-0.0940138416843161,0.0760929139992598,0.181140101817584
"G3H037","U5 small nuclear ribonucleoprotein 200 kDa helicase",7.22317110522677,7.36374008940306,0.0274521844952531,0.630599203695554,0.724979828750274
"G3H042","Condensin complex subunit 2",0.909493211978031,0.937394315944386,0.0437445557225401,0.199185874559306,0.327443576694497
"G3H045","ubiquitinyl hydrolase 1 (Fragment)",4.53319228830359e-08,3.71017994279925e-08,-0.288939466823056,0.000619172445534614,0.0322273454798466
"G3H065","N-alpha-acetyltransferase 50",4.22684376716278,4.43661531478094,0.0685117424967152,0.288270287686715,0.420960145238847
"G3H066","H(+)-transporting two-sector ATPase",3.61909876938208,3.6924389538921,0.0288042897177525,0.253136325791038,0.38740159232858
"G3H071","Queuine tRNA-ribosyltransferase accessory subunit 2",0.156505766281344,0.151093904356367,-0.0502876342985203,0.225527609423617,0.355808288578165
"G3H082","Pleckstrin-likey-like domain family B member 2",0.158594823587709,0.145510086257464,-0.118432226333459,0.337650978638949,0.470686307998568
"G3H083","Palmitoyl-protein thioesterase ABHD10, mitochondrial (Fragment)",0.798701899370389,0.70731726125044,-0.175596624465737,0.00588726684936427,0.0662513158860103
"G3H088","Ubiquitin-like-conjugating enzyme ATG3",1.18503676256058,1.26067811168075,0.0861763980317593,0.367921567043218,0.499210010763603
"G3H095","GTP-binding protein 8",0.131818782241922,0.115022091863203,-0.196102955570432,0.021058356557449,0.0967722480028275
"G3H0A3","Double-strand-break repair protein rad21-like",1.35163034151849,1.36553342230786,0.0147267990899278,0.7697400904483,0.834570807492861
"G3H0A7","Eukaryotic translation initiation factor 3 subunit H (Fragment)",1.49787937734566,1.49353008099013,-0.00405704222066627,0.852427232379031,0.897475289956784
"G3H0B5","Isocitrate dehydrogenase [NAD] subunit, mitochondrial",39.1137576113044,40.099144019572,0.0357105762961174,0.271859984516628,0.406393643670011
"G3H0B9","Superkiller complex protein 8",3.61266849548117,3.48574679416851,-0.052512615569698,0.311883918359186,0.446100630234271
"G3H0C2","Proteasome subunit alpha type",16.9805935096682,15.8206374965395,-0.102026475817282,0.0305962906992188,0.115974841415952
"G3H0D2","Reticulocalbin-2",2.39186822127847,2.52067730706687,0.0750642933077497,0.129583364287281,0.248876742250324
"G3H0E4","Chondroitin sulfate proteoglycan 4",4.36682198000575,4.26966892159943,-0.0329293652536378,0.358724043858987,0.491777947822337
"G3H0E6","IMP U3 small nucleolar ribonucleoprotein 3",2.83848642382904,3.05130160309988,0.10346172555254,0.099143082060374,0.213534038388721
"G3H0F0","Paired amphipathic helix protein Sin3a",0.636678527292785,0.610804065947537,-0.0599582222250941,0.0368721625994269,0.128198283121174
"G3H0F1","alpha-mannosidase",0.893289442386363,0.880595724877044,-0.0206136800731467,0.162247940988793,0.285662208568906
"G3H0F3","COMM domain-containing protein 4",0.0792172963008189,0.0891281511969605,0.168968088136757,0.0700662300571635,0.173971053693706
"G3H0F9","Ran-binding protein 9 (Fragment)",0.544564108630028,0.47602627412838,-0.193624221040245,0.0490003696648725,0.14828592881404
"G3H0H5","3'-5' exoribonuclease 1",0.570208383945522,0.577830835528923,0.0193350815486498,0.595696629969699,0.695915050788336
"G3H0J8","Integrator complex subunit 9",0.670565253487121,0.62540895486362,-0.100591270313395,0.00913653353544634,0.0723518394270431
"G3H0L1","PIN2 (TERF1) interacting telomerase inhibitor 1",0.157185478339701,0.14257651528793,-0.14114976709982,0.0182150883264961,0.0926896737397719
"G3H0L7","Squalene synthase",0.280381763978973,0.303215173135365,0.113136236006075,0.0206913961185619,0.0962732821398119
"G3H0L9","Cathepsin B",4.42740683660331,4.53811959792919,0.0341694693642909,0.621133732352525,0.716379945618161
"G3H0N2","Bcl-2-associated transcription factor 1",3.80690324983704,3.55194775546304,-0.101219822049325,0.12867825446071,0.248486476018121
"G3H0P3","Large ribosomal subunit protein bL19m",0.404882212470766,0.361415373749786,-0.163268805448466,0.0293710954052163,0.113339663004826
"G3H0Q0","40S ribosomal protein S6",64.2577302597618,60.4268286011946,-0.0860485787348519,0.310016181015029,0.444316638851789
"G3H0R3","Alpha-ketoglutarate-dependent dioxygenase FTO",0.35791591549495,0.434151280889917,0.278221653211568,0.00504919523645451,0.0652496388278504
"G3H0S4","Sorbitol dehydrogenase",3.23202767562636,2.80456675276586,-0.204642531241106,0.0142682516919171,0.084799914199897
"G3H0S7","Beta-2-microglobulin",0.149887618956668,0.16193928526229,0.111351164689885,0.0244463497860254,0.103966877679577
"G3H0T1","Eukaryotic translation initiation factor 3 subunit J",12.3367911206199,7.66230115771502,-0.682448910393865,0.0205422729451056,0.0962732821398119
"G3H0T7","Microfibrillar-associated protein 1",0.640106992335151,0.638258220587532,-0.00403027493140051,0.891379780441197,0.928063361994862
"G3H0T9","Huntingtin-interacting protein K",0.737273604517313,0.706022238818464,-0.0634818942873648,0.243304335995396,0.377708540156119
"G3H0U6","Protein disulfide-isomerase A3",132.092072213483,143.739360349444,0.12188682288603,0.000657170586188159,0.0323463228231142
"G3H0V1","Microtubule-associated protein 1A",0.199080710988638,0.179875457951948,-0.146261184125282,0.00477115005093081,0.064391287179296
"G3H0V2","Transformation related protein 53 binding protein 1",0.200782933437038,0.22206492582247,0.144867087098279,0.0289986107939462,0.112466222859024
"G3H0X1","HAUS augmin-like complex subunit 2",4.32807081642629e-08,4.41548725593117e-08,0.029714726602716,0.519603678368015,0.635873313161882
"G3H0X3","Calpain-3",0.138823395481299,0.132053158532229,-0.0750260182885238,0.385316689254914,0.515655721285964
"G3H0X4","Zinc finger protein 106",0.0200804342009654,0.0177894238666524,-0.168714931557679,0.226614186224061,0.357098720005617
"G3H0Y4","Vam6/Vps39-like protein",0.352515316814464,0.367213409444584,0.0598500330658269,0.241629027563627,0.375456060935682
"G3H0Y5","Vam6/Vps39-like protein",0.2663713552872,0.273252564052753,0.0410249734573243,0.676696444164679,0.761188997353298
"G3H0Y9","EH domain-containing protein 4",5.68817786806608,5.74368134018691,0.0144601385219838,0.693758864354605,0.775295799330505
"G3H102","RNA polymerase-associated protein RTF1-like",0.621391713712504,0.605880563439299,-0.0364943047155766,0.154681000194007,0.27849236559943
"G3H103","Complex I intermediate-associated protein 30, mitochondrial",0.800251027911281,0.861219953531305,0.105723826880196,0.0614879350932189,0.163593099170909
"G3H104","Nucleolar and spindle-associated protein 1",0.667924163496033,0.597681177308912,-0.160746229780533,0.0184061900412104,0.0926896737397719
"G3H110","Calcineurin B homologous protein 1",6.01585257486626,5.70610625099051,-0.0764385062546289,0.0361754703958115,0.127239769173714
"G3H121","Actin-related protein 2",9.95960158107204,9.99607100487948,0.0049844366985452,0.858276550026429,0.901082689127496
"G3H134","MKI67 FHA domain-interacting nucleolar phosphoprotein",3.25455020026162,4.13855080230763,0.345073310656055,0.0191999611491257,0.0940130756933143
"G3H137","CLIP-associating protein 1",0.30350355496017,0.287041739077367,-0.0797779650120785,0.257822306664682,0.39158282724778
"G3H151","60S ribosomal protein L27",42.5159441435398,39.1995182669909,-0.119525315919437,0.171403566670012,0.296020504460542
"G3H156","Prefoldin subunit 4",4.58507866511262,4.63386249123344,0.0126561015775422,0.844157136787248,0.890448766727677
"G3H160","RNA helicase",3.66645616847226,3.67647748821906,0.00405361575516139,0.902287002336,0.935260017596343
"G3H161","Beta-1,4-galactosyltransferase",0.543579071669506,0.539448512303614,-0.0111920773706622,0.728991727298056,0.802082613828598
"G3H162","Transmembrane emp24 domain-containing protein 9",13.0601278941839,13.4475259097092,0.0422025851282126,0.187349314588478,0.313372391767935
"G3H166","RNA helicase",1.25153649585519,1.29704243943463,0.0514996921683678,0.0477835417858865,0.145789894582828
"G3H168","PDZ and LIM domain protein 7",6.3134571770747,6.33196365662706,0.00397630245733538,0.941855696435941,0.962268319893496
"G3H170","Drebrin",9.25741710702408,8.91027106544988,-0.0537762302411413,0.352614476430486,0.485324333104367
"G3H177","Lectin, mannose binding 2",14.1545558518852,14.9640262207742,0.0798254682754775,0.091388837878141,0.202166847573125
"G3H183","BRCA1-A complex subunit RAP80",0.23728907781961,0.209948376482396,-0.176866088223865,0.0447330492777361,0.141667885599778
"G3H193","FAS-associated factor 2",1.67890057954164,1.60264456425378,-0.0678586863760481,0.198858346523322,0.327065791554574
"G3H194","Clathrin light chain (Fragment)",2.66967588334991,2.80819039465629,0.0708082319374839,0.36021412352245,0.493506619496373
"G3H196","Nucleolar protein 16",4.18644606177964,3.92058316733052,-0.0936375485654815,0.143363322893276,0.264956952912091
"G3H1A4","Sidoreflexin",10.6880570172542,10.3647383908997,-0.0445219583396281,0.119029444599752,0.236715122445259
"G3H1B2","aldehyde dehydrogenase (NAD(+))",0.890149555430553,0.866906319865233,-0.0366155010153452,0.565028664632507,0.673007452144128
"G3H1B3","Lamin-L(I)",16.6108064185319,16.3168627709711,-0.0257382847589742,0.250500978957926,0.38442309792397
"G3H1B7","Protein PRRC1",0.273003910680629,0.291874311291615,0.0965117668004265,0.0117780410274752,0.0775996025393618
"G3H1C4","Protein SET",0.404540563433477,0.296016503906735,-0.46152913337536,0.0435565252513116,0.139372552596692
"G3H1D2","Tripartite motif-containing protein 25",0.492545345536795,0.529123363374507,0.103317249338842,0.016243432360106,0.0882577404371346
"G3H1D5","Carboxypeptidase",3.18544845780596,3.34944356235674,0.0722556105272183,0.0549905653906466,0.156950408283659
"G3H1D6","A kinase anchor protein 1, mitochondrial",1.83645098968429,1.77399480870213,-0.049932158514461,0.0267314813733805,0.107386842655248
"G3H1D8","RNA-binding protein Musashi-like 2",1.249502969292,1.17682429073932,-0.0863875615006483,0.028108742021368,0.110422487729482
"G3H1E0","28S ribosomal protein S23, mitochondrial",8.16787529566038,7.71138026314891,-0.0833151638995964,0.0559050954965173,0.157636356046203
"G3H1E5","Dynein light chain",0.384660271744555,0.422357788104626,0.13472767221308,0.00881490144076116,0.0708998710557229
"G3H1F4","Ribosomal protein L15",25.2113711685033,23.823996319861,-0.0831105804195778,0.286728092182876,0.420727279498504
"G3H1G7","Pyridoxal phosphate homeostasis protein",6.93299017545626,6.60436975656035,-0.0701724559039576,0.0498330909078219,0.149896055723519
"G3H1G8","Erlin",9.66141388590987,10.0216020760447,0.0528391524567073,0.175768391008226,0.301690669079247
"G3H1H6","Protein farnesyltransferase/geranylgeranyltransferase type-1 subunit alpha",0.191981200561968,0.197704252751521,0.0421462186673147,0.169229116936524,0.293628747737971
"G3H1I3","ASH2 like histone lysine methyltransferase complex subunit",0.729869602295685,0.813332706087925,0.156179619338765,0.000502830250715735,0.0301563642306564
"G3H1I9","DDHD domain containing 2",0.0498740705083916,0.042118427490225,-0.24806103507918,0.0694417621024842,0.173578474799862
"G3H1K9","Alpha-actinin-1",20.5749730327605,21.2971963800693,0.0487841058087994,0.352165922140117,0.485261153315344
"G3H1L0","mRNA decay activator protein ZFP36",0.345104940763655,0.297414773600242,-0.214591362652906,0.00930555802824703,0.0723518394270431
"G3H1L7","Vesicle transport through interaction with t-SNAREs-like 1B",9.29731535506989,9.68610128177054,0.0592573177300282,0.0504463329619484,0.150324249178474
"G3H1M4","Eukaryotic translation initiation factor 2 subunit 1",24.035760967965,20.5496190298813,-0.226155910898284,0.00335698650120367,0.058238981280201
"G3H1M7","Protein PALS1",0.19244337915326,0.253996767376046,0.399748594487642,0.00472537468298029,0.064391287179296
"G3H1N0","Synaptojanin-2-binding protein",0.305673101191389,0.322862359458113,0.0782290137461985,0.170832907217597,0.295339741971744
"G3H1N2","Cytochrome c oxidase assembly protein COX16 homolog, mitochondrial",0.45839238166583,0.409640949278817,-0.161642878945108,0.0666184820070212,0.169796346540054
"G3H1N7","Serine and arginine rich splicing factor 5",37.5711258524383,35.2516171188909,-0.092897283581042,0.124549902306711,0.244139022502469
"G3H1P3","Enhancer of rudimentary homolog",22.5537003143656,21.242018141974,-0.089091662270171,0.296369299422585,0.428672448214085
"G3H1P4","Exonuclease 3'-5' domain-containing protein 2",0.322058761836077,0.353687663672913,0.134994057740895,0.00999209066765408,0.0730610274700962
"G3H1Q7","Cytochrome c oxidase subunit 5B, mitochondrial",11.49147505282,12.4471417809721,0.114714995662327,0.0538849668108824,0.155745236542334
"G3H1Q9","Semaphorin-4C",0.0390020535256991,0.0381680688144552,-0.0316328213215229,0.368542521227217,0.499210010763603
"G3H1R3","Metal transporter",0.205704095364746,0.218237852322869,0.0849658441924213,0.0657032056255757,0.168787851424798
"G3H1R4","Metal transporter",0.234787318813039,0.221510126697221,-0.0779008631003646,0.505020135286351,0.622579150203836
"G3H1R5","VIP36-like protein",3.80251494315656,4.13037679176385,0.118522737723773,0.0888255622831146,0.199229664339988
"G3H1R9","KAT8 regulatory NSL complex subunit 3 isoform X2",0.596906631751645,0.574490743427966,-0.0558005240247647,0.216360993845731,0.346156905545728
"G3H1S2","UDP-glucose:glycoprotein glucosyltransferase 1",6.04348709875309,6.72875905379007,0.154691006470804,0.0166717645594189,0.0888026626267328
"G3H1T8","Alkylglycerone-phosphate synthase",0.320959424169415,0.307416113346523,-0.0650300085645743,0.429362759967834,0.556144410840689
"G3H1U2","Heterogeneous nuclear ribonucleoprotein A3",8.23669038056301,7.38775510077219,-0.158077473564161,0.0732102275245045,0.177048144165113
"G3H1U4","Metaxin-2",0.833932458810614,0.741170221853565,-0.170142106524914,0.000594640637169754,0.0315914636921773
"G3H1V1","Large ribosomal subunit protein eL21",59.447636829306,60.5319428233794,0.0259510657482398,0.61169887468345,0.709163884158471
"G3H1V2","Endoplasmic reticulum junction formation protein lunapark",1.66858809540634,1.75055844826214,0.0690817313510681,0.0662796458784848,0.169341965462052
"G3H1W2","Peflin",2.45326692816526,2.54206001409545,0.0505043142242776,0.276509989952674,0.410185890223739
"G3H1W4","Tubulointerstitial nephritis antigen like 1",1.17308839038335,0.918453280925552,-0.321190573395989,0.384882424383123,0.515280589764124
"G3H1W9","Nucleolar protein of 40 kDa",0.238479434925677,0.228861040353604,-0.0600455079469295,0.198007713710344,0.326038354014461
"G3H1X7","Enoyl-[acyl-carrier-protein] reductase, mitochondrial",0.199511019754445,0.202811906431685,0.0236407641092611,0.530630283093352,0.644653196919583
"G3H1Y2","YTH domain-containing family protein",1.37484665464352,1.25920864593079,-0.125996226409157,0.0638021428439163,0.166236169459572
"G3H1Y8","Regulator of chromosome condensation",13.8620633050191,14.2542935342067,0.0406030690157153,0.37398839089893,0.504530086392067
"G3H1Z0","Phosphatase and actin regulator 4",0.235235298311832,0.22215453530489,-0.0838201276980635,0.301495683292678,0.434876421060732
"G3H1Z3","ATPase inhibitor, mitochondrial",1.95721182538975,1.7498443750674,-0.161437521370215,0.010700827273334,0.0754014081765238
"G3H1Z4","DnaJ heat shock protein family (Hsp40) member C8",5.66641607569612,5.25550019526999,-0.110001616546581,0.13862528862267,0.259641209300546
"G3H201","Replication factor A protein 2",2.6354344688795,2.51772209855035,-0.0655007062958326,0.131674878430764,0.251693785327109
"G3H203","Nuclear inhibitor of protein phosphatase 1",0.605964367937059,0.645044689411346,0.0919516749846992,0.268202670172461,0.401643998687798
"G3H204","Syntaxin-12",7.47253120180469,7.34983267006519,-0.023735108929416,0.514800309996397,0.630917846048312
"G3H213","28S ribosomal protein S30, mitochondrial",0.255156175940503,0.247410552653544,-0.0451279478385493,0.278662086865645,0.412086162796311
"G3H220","Cyclin-L1",0.107138345031963,0.0958717715273462,-0.160920807707604,0.0555545302923178,0.157456285668575
"G3H229","GMP synthase (glutamine-hydrolyzing)",1.51242064190855,1.38702706313958,-0.125082486882573,0.0122348516603825,0.0795146572957285
"G3H233","Phosphoinositide phospholipase C",0.320744801736461,0.373983304772683,0.223964282025537,0.0484438876323989,0.147044929506441
"G3H237","Anaphase-promoting complex subunit 7",0.975958043441181,1.0678831508536,0.131384939482655,0.110953439815654,0.226439733574996
"G3H239","P-type Ca(2+) transporter",12.72649449535,13.1926346596266,0.051299299553738,0.289044741050692,0.421399288066648
"G3H244","Anaphase-promoting complex subunit 5",0.15721905520847,0.166137467480751,0.0792904259300617,0.0651086888191601,0.168224936012841
"G3H256","26S proteasome non-ATPase regulatory subunit 9",4.90066605961972,5.28846479875738,0.107443345575661,0.218860652150331,0.34932122210165
"G3H267","Vacuolar protein sorting-associated protein 33A",0.297620522628324,0.2618266060807,-0.187865721888473,0.176504856843877,0.302489378318718
"G3H268","CAP-Gly domain-containing linker protein 1",0.727003462554476,0.680560188596961,-0.0952969682594637,0.0616431091283192,0.163745624009908
"G3H269","CAP-Gly domain-containing linker protein 1",0.138504656562636,0.119941585372551,-0.207445779796764,0.003174846773192,0.0574389845939115
"G3H270","Zinc finger CCHC domain-containing protein 8",0.376724573852988,0.385794893074673,0.0344418396285016,0.182090368096758,0.307806293949418
"G3H277","protein-tyrosine-phosphatase",0.418448621280545,0.384873917296772,-0.121196311792349,0.0388258609367777,0.131142705940285
"G3H278","60S ribosomal protein L6",11.3150642338951,10.9834927943977,-0.0424540601357086,0.442815290789179,0.567855470602062
"G3H283","N(alpha)-acetyltransferase 25, NatB auxiliary subunit",1.23326450301011,1.18189368821005,-0.0616101052543729,0.140179493001355,0.26094591939685
"G3H284","Endoplasmic reticulum resident protein 29",20.7865789019294,21.1771618537595,0.0266968042796298,0.223587875992891,0.354499583585128
"G3H289","Aldehyde dehydrogenase, mitochondrial",21.0860416779921,22.617676960642,0.101302752899443,0.0287830617777693,0.111900863687332
"G3H292","Ataxin-2 (Fragment)",1.08381421266731,1.02247943142235,-0.0841430030212488,0.0141505205827232,0.0846067627660458
"G3H298","Serine/threonine-protein phosphatase",1.39400079279028,1.67818797502953,0.268853618235977,0.118060604524337,0.235910296175499
"G3H2A5","Vacuolar protein sorting-associated protein 29",5.26312212444428,5.16312320829219,-0.0273774823201278,0.407078165198609,0.534100595421304
"G3H2A6","GPN-loop GTPase 3",0.218708993717787,0.215228533521562,-0.0229629811970224,0.77544022026986,0.837828549714408
"G3H2A8","Actin-related protein 2/3 complex subunit 3 (Fragment)",20.1967813654999,21.495665287757,0.0904444804565703,0.098121129677148,0.212564026556255
"G3H2A9","Actin-related protein 2/3 complex subunit 3",12.5349397253178,11.5386418113923,-0.118468017320157,0.121182606839418,0.239856998871397
"G3H2B1","Interleukin-13",0.164604961491257,0.165853335561428,0.0109350066925216,0.545839318903416,0.657604977870033
"G3H2B7","Septin-8",0.335299851715618,0.316298028042947,-0.084227966424034,0.00574365446189458,0.0662513158860103
"G3H2C4","Heat shock 70 kDa protein 4 (Fragment)",7.72510908517369,6.89269440368814,-0.166490294341543,0.0799134936762552,0.187173172382384
"G3H2C6","Voltage-dependent anion-selective channel protein 1",33.0423635970222,33.2357122335693,0.00780608993333054,0.853033344128737,0.89783100716946
"G3H2C9","S-phase kinase-associated protein 1",5.05912995077804,5.30416117104043,0.0680570294826688,0.437643213007192,0.563598243145468
"G3H2D6","Small COPII coat GTPase SAR1B",3.14039471100901,3.47914256224412,0.142449507185472,0.254942491816276,0.389611953762949
"G3H2E1","H/ACA ribonucleoprotein complex subunit 2",1.14089762865556,1.12339194536468,-0.0259102892760498,0.790260355031753,0.848572797013563
"G3H2E2","Heterogeneous nuclear ribonucleoprotein A/B",49.7776426382176,52.1490845613375,0.065178599860678,0.366761659879926,0.49819451120865
"G3H2G5","Protein phosphatase 2 scaffold subunit Abeta",5.05519103101292,4.9381856682691,-0.0340444003944875,0.225582667571816,0.355808288578165
"G3H2G8","Mannosyltransferase",0.445714029792037,0.416842664871147,-0.0966809141652665,0.0684665254014114,0.172348799279314
"G3H2H5","Acetyltransferase component of pyruvate dehydrogenase complex",13.8359736678471,14.6236004110313,0.0788350332011896,0.186019716713594,0.31208420643629
"G3H2H8","Mitochondrial import inner membrane translocase subunit",0.997157911429034,0.92542789953424,-0.10916437896222,0.235845907346295,0.368007576637785
"G3H2I6","Neural cell adhesion molecule 1",10.5869643477205,9.44635301605003,-0.165019821293444,0.0165479973114506,0.0888026626267328
"G3H2J8","Heterogeneous nuclear ribonucleoproteins A2/B1",46.4011884158353,35.2705911579679,-0.397952222371351,0.0146332893663785,0.0856252089322882
"G3H2L0","MAGUK p55 subfamily member 6",0.381780395748088,0.280423497861767,-0.445436678660709,0.00063549590728111,0.0322273454798466
"G3H2L6","REST corepressor 3",0.329362312144534,0.313559517773652,-0.0704105091231793,0.202978659655551,0.330915525507613
"G3H2M2","U3 small nucleolar RNA-associated protein 25 homolog",0.730146184426331,0.796590385233056,0.124876224964175,0.0671700195243923,0.170704673764724
"G3H2N6","Programmed cell death 6-interacting protein",3.48723364693726,3.34699094281633,-0.0601391722233064,0.256735839797903,0.391121918891024
"G3H2N7","CLIP-associating protein 2",0.574107340344801,0.54778620793821,-0.066747994448686,0.265817768389176,0.399323191561299
"G3H2P1","NF-kappa-B inhibitor-like protein 2",1.78949013905185,2.07742027287781,0.215603457957168,0.00622149018608788,0.0664103838758321
"G3H2P2","Transmembrane protein with metallophosphoesterase domain",0.0932031909802783,0.0985520026430865,0.0790625075533868,0.233490983077368,0.364843286816037
"G3H2P3","Beta-galactosidase (Fragment)",1.19849338970977,1.26283407680523,0.0754181036289213,0.003829292379184,0.0611730832578931
"G3H2P5","CCR4-NOT transcription complex subunit 10",0.151357238266605,0.15698995768894,0.0548202394001707,0.453953215779317,0.576834249511532
"G3H2P6","Dynein light intermediate chain",2.59763940327182,2.77364976799091,0.0946605434734149,0.00623031387421908,0.0664103838758321
"G3H2Q8","acid phosphatase",0.489190149888778,0.479775622379333,-0.0279560303916389,0.136920394565174,0.25716754242965
"G3H2T7","Histone H3",42.0787134320172,50.0598274667049,0.270937272833525,0.390063623738485,0.519173840067308
"G3H2U4","BolA-like protein 1",1.31412832980142,1.1524826475046,-0.18934154596033,0.0277941660566183,0.109373781254879
"G3H2U6","Splicing factor 3B subunit 4",1.94282165873887,1.93991517352283,-0.00244234537008536,0.955966104257188,0.972232923411974
"G3H2U9","Vacuolar protein sorting 45 homolog",1.05481362593777,1.05042670993303,-0.00714493341120594,0.905339345311651,0.937843017257225
"G3H2V3","Acidic leucine-rich nuclear phosphoprotein 32 family member",7.34497449883262,6.43740351436152,-0.191903036134165,0.0730350952961134,0.176932763363146
"G3H2V9","28S ribosomal protein S21",7.06929734887063,7.76468997119587,0.135346415948643,0.000519503633387903,0.0301563642306564
"G3H2W0","U4/U6 small nuclear ribonucleoprotein Prp3",2.4580817631813,2.36674339365574,-0.0550194504581918,0.145755865320757,0.267458816463034
"G3H2W1","Regulation of nuclear pre-mRNA domain-containing protein 2",0.512192454514305,0.486084386183208,-0.0754268607503424,0.0154259921197149,0.0867432101377319
"G3H2W4","threonine--tRNA ligase",0.278718941442731,0.309533933270115,0.15132229820148,0.000890637768295398,0.0359757428941437
"G3H2X3","Golgi phosphoprotein 3-like",1.26101395650086,1.39790567670599,0.149813889063397,0.28288977745711,0.415929749064579
"G3H2X6","Histone-lysine N-methyltransferase SETDB1",0.0739452746295821,0.0712895990780977,-0.053062932935132,0.225013812714464,0.355753577732174
"G3H2X8","Ceramide synthase 2",0.148389359096881,0.153931108963166,0.052807386531557,0.0395420950965793,0.132974466391057
"G3H2Y2","Exopolyphosphatase PRUNE1 isoform X1",0.308780980159223,0.323408975623752,0.0648883245604288,0.352585360458714,0.485324333104367
"G3H2Z5","Vacuolar protein sorting-associated protein 72 homolog",4.29933578287166e-08,4.57917542556164e-08,0.0865069797524107,0.38096249857849,0.511875344336494
"G3H2Z7","26S proteasome non-ATPase regulatory subunit 4",10.2332526447676,9.16520184602727,-0.159429785554817,0.0148788340544885,0.0859098494373822
"G3H300","Phosphatidylinositol 4-kinase beta",0.0591797802277734,0.0533367566976293,-0.150114288666312,0.0580608085984874,0.159613480789393
"G3H303","Proteasome subunit beta",10.9151395314255,10.6772940663994,-0.0322976806321362,0.502074109390968,0.620033883008775
"G3H306","Pogo transposable element derived with ZNF domain",0.189001728111993,0.181466515553106,-0.0586023465998577,0.042620749727063,0.137429334620886
"G3H316","AP-3 complex subunit beta",0.438626149339288,0.489058785583153,0.15680658036669,0.0105678546634902,0.0749377321158936
"G3H319","Tubulin-specific chaperone A",1.71801177977657,1.61481256232754,-0.089984876717661,0.196310344035483,0.324149344591397
"G3H331","Ras GTPase-activating-like protein IQGAP2",0.339281428595611,0.32805770422913,-0.0471646693810512,0.465580431562512,0.588875463950942
"G3H337","tRNA nucleotidyl transferase 1",2.34884595244786,2.18762405848877,-0.102472338074162,0.0134824239533155,0.0832576992098655
"G3H343","Sulfatase-modifying factor 1",0.428614793146519,0.47360007826941,0.144301529181447,0.0150477628073379,0.0860937813951454
"G3H344","Inositol 1,4,5-trisphosphate receptor",0.139796904018783,0.194347982827841,0.466090925018307,0.0703820506203399,0.173971053693706
"G3H346","ADP-ribosylation factor-like protein 8B",3.41574930605936,3.35873729602283,-0.0238139270552342,0.664924431346744,0.753641067293448
"G3H352","Cytoplasmic dynein 1 heavy chain 1 (Fragment)",2.93810764351765,2.93340586338105,-0.00249135467656569,0.907489614416227,0.939198435204426
"G3H354","Heat shock protein HSP 90-alpha",268.223728358447,251.508067819842,-0.0933131154780771,0.0742249331382406,0.178214383940955
"G3H355","Envelope glycoprotein",0.254592107292471,0.308748140349473,0.27537243497121,0.0563999928512723,0.158364745027859
"G3H370","non-specific serine/threonine protein kinase",0.226739659027953,0.234853641836975,0.0507534503539104,0.00875255519739183,0.0708998710557229
"G3H375","Eukaryotic translation initiation factor 5",4.91346613209745,4.58577585636063,-0.0999450813832343,0.0450512338750632,0.141983502617548
"G3H376","Eukaryotic translation initiation factor 5",2.09648098750408,1.90225586038823,-0.140397537808325,0.00495987588043811,0.0652342887500102
"G3H381","Kinesin light chain",1.10747040439262,1.07980445911259,-0.0376352708384982,0.469106486863617,0.59195142558368
"G3H392","Inverted formin-2",0.535753215156026,0.592785582003517,0.145556080646832,0.0225493005427995,0.10034328580973
"G3H393","Inverted formin-2",0.798741383254284,0.812463622045518,0.0243477973110011,0.312272813808715,0.446466086210069
"G3H3B1","Metastasis-associated protein MTA1",1.35309492036594,1.27527757719229,-0.0851464796684803,0.0626501805729837,0.164850750296994
"G3H3B2","Cysteine-rich protein 2",10.253652447478,11.6296921484342,0.180472455535812,0.0505949210862579,0.150324249178474
"G3H3B9","3-ketoacyl-[acyl-carrier-protein] reductase beta subunit",1.70626756412508,1.64356586104075,-0.0546014275428385,0.245010934212722,0.37923494930023
"G3H3C0","Large ribosomal subunit protein eL30",36.4180644361694,42.5575499056909,0.221916533429479,0.122822372845077,0.242385897354053
"G3H3C6","Tubulin alpha chain",7.47671076598647,6.04745288413299,-0.310740809528584,0.0408491650304736,0.135033798727161
"G3H3C9","GTPase KRas",4.74386645867032,4.4728084937208,-0.0854052216005505,0.0857194075099885,0.194612784609735
"G3H3D3","Branched-chain-amino-acid aminotransferase",0.973381886328868,1.08200027437669,0.14773052308159,0.23961536590566,0.372894721332252
"G3H3E3","Calcium activated nucleotidase 1",0.695254205303579,0.758648923661341,0.125787654489082,0.00872366805359659,0.0708998710557229
"G3H3F0","CDP-diacylglycerol--glycerol-3-phosphate 3-phosphatidyltransferase",0.250785594661779,0.219727776483516,-0.191332236994211,0.014914776895338,0.0859098494373822
"G3H3F8","Thymidine kinase",0.570579590652875,0.546459042824081,-0.0620361395288604,0.266016969924272,0.3994431576207
"G3H3G9","Septin-9",8.92911500588201,8.99708880085105,0.0108427454981728,0.694740796588472,0.775809860797293
"G3H3H3","Bifunctional arginine demethylase and lysyl-hydroxylase JMJD6",0.762942877233592,0.680557128852659,-0.16634168520483,0.0578282901448912,0.159613480789393
"G3H3H6","ADP-ribosylation factor-like protein 8A",9.19309094301176,10.6021649006924,0.205369343258579,0.0112128863772671,0.0765903403880625
"G3H3H9","Aminopeptidase B",0.476112201832489,0.580548715945721,0.283860352411889,0.0432050155493257,0.138512631267809
"G3H3I0","Mitochondrial import inner membrane translocase subunit TIM17",1.25214361867335,1.13395857109238,-0.144812044783749,0.0961061281459126,0.209373818913095
"G3H3I2","Importin-9",2.31092017679369,2.31609719190869,0.00273395209916738,0.922948343081575,0.951666082653738
"G3H3I9","Cysteine and glycine-rich protein 1",2.03583140231993,1.9966984102555,-0.0279549558694434,0.14691246553766,0.269138490506047
"G3H3K4","Kinesin-like protein KIF14",0.346409099106389,0.340552589862986,-0.0246100691267785,0.0938042754300883,0.206043307779947
"G3H3L4","NADH-cytochrome b5 reductase",7.89783384435712,9.14390980192636,0.21123656691571,0.00222977951297909,0.0518268890968127
"G3H3P1","Ras-related protein Rab-18",15.784442557273,16.2466866043507,0.0416607826452497,0.054953717345802,0.156950408283659
"G3H3P5","Kinesin-like protein",4.40935701736547,4.45441908785634,0.014572065443184,0.401530058098733,0.530167940945219
"G3H3P6","Rho GTPase-activating protein 12",0.100228330729335,0.102338111659493,0.029918807090171,0.495985497898039,0.613928794920391
"G3H3P8","Beta-hexosaminidase",0.555217552819936,0.493952514443293,-0.168713370277306,0.000922194681579846,0.0359757428941437
"G3H3Q1","Pyruvate kinase",125.61556879724,103.495346066939,-0.277022468974382,0.0631872933666815,0.165613054736322
"G3H3R3","Uveal autoantigen with coiled-coil domains and ankyrin repeats",0.077231941475441,0.0744059561062028,-0.0540623207747624,0.349912310441429,0.48320244003649
"G3H3R6","Kinesin-like protein",0.510492975020802,0.45921945784586,-0.152768164844364,0.00112983758608039,0.0378156640061108
"G3H3S7","Katanin p60 ATPase-containing subunit A1",0.34920479921433,0.337588103768911,-0.0480983571909466,0.317609051597403,0.451395964202338
"G3H3S9","Peptidyl-prolyl cis-trans isomerase",0.403818978118468,0.362340908841971,-0.156314826559785,0.00973024004641712,0.0727637638667937
"G3H3U9","Kinesin-like protein KIF20B",0.362461879290465,0.417211049095333,0.202638585198407,0.0222011161302549,0.0997718625514562
"G3H3V1","Ribonuclease P protein subunit like protein",1.21040841034177,1.3413646860216,0.147591061329819,0.0401159619856942,0.133600124145392
"G3H3W0","TATA-binding protein-associated factor 172",0.0326350129788473,0.0328626303342587,0.00855068606362952,0.856806397540851,0.90066928786722
"G3H3W4","Insulin-degrading enzyme",1.42976406660878,1.35894233222211,-0.0731688357387987,0.0267620029940324,0.107386842655248
"G3H3X1","Apoptosis inducing factor mitochondria associated 1",29.0726929429134,28.0695848581333,-0.0506629560299157,0.0540675223720649,0.155886030129296
"G3H3X5","U3 small nucleolar RNA-associated protein 14-like A",0.784274245675822,0.754958346261646,-0.0547919420526621,0.114406098977481,0.231090653758376
"G3H3X8","Inositol polyphosphate 5-phosphatase OCRL-1",0.141986916757556,0.139538529059408,-0.0252156103194143,0.364958433206065,0.497562474924928
"G3H3Y2","Retrovirus-related Gag polyprotein",1.09479097963504,0.927016349049607,-0.240008023669854,0.000104664150246801,0.0291925759063368
"G3H3Y5","NADH dehydrogenase [ubiquinone] 1 beta subcomplex subunit 11, mitochondrial",0.657744985264532,1.07827254711013,0.695954848444577,0.0656340959687961,0.168787851424798
"G3H3Y6","RNA-binding protein 10",1.00090130472488,0.956630445643893,-0.0648552816146045,0.11802885797773,0.235910296175499
"G3H3Z2","X-ray repair cross-complementing protein 5",0.343502252365999,0.357279889119912,0.0564865158962029,0.103390546674082,0.218185026402666
"G3H3Z5","60S ribosomal protein L37a",11.8786851089442,12.046915881918,0.0202539591356672,0.693317081407682,0.775060878915
"G3H402","Tensin-1",0.642519586371022,0.619564958676471,-0.0530650557379301,0.361325201344006,0.494421688020601
"G3H410","Phosphatidate cytidylyltransferase",0.168158387762836,0.160758355999924,-0.0653038780645825,0.103391124110373,0.218185026402666
"G3H412","Proliferating cell nuclear antigen",27.9615846635266,28.5509035715814,0.0244934251385409,0.781707352548748,0.842632692103272
"G3H421","Mitochondrial antiviral-signaling protein",0.773295345697111,0.731723689006284,-0.0804372114631082,0.257493691066642,0.39158282724778
"G3H436","Inosine triphosphate pyrophosphatase",0.458923494313517,0.46668845106156,0.0237200010344982,0.584244520834556,0.689272615873549
"G3H437","DDRGK domain-containing protein 1",2.60542671616729,2.99770051756898,0.200357554161671,0.0725580599747635,0.176491153150824
"G3H444","protein-tyrosine-phosphatase",0.630781565395972,0.7450868185405,0.240959824335816,0.00740002107493371,0.0689292288771211
"G3H445","Vacuolar protein sorting-associated protein 16 homolog",0.392974242713281,0.42494226048645,0.11374128532054,0.0773635290277769,0.183122865386117
"G3H450","Isocitrate dehydrogenase [NAD] subunit, mitochondrial",9.25024269209961,10.8137301037277,0.220786878532604,0.124701002558905,0.244139022502469
"G3H451","Nucleolar protein 56",11.354852384569,11.3511541033729,-0.000365663445200948,0.986281157017891,0.99042395215688
"G3H459","Putative cation-transporting ATPase 13A1",0.444760014822277,0.453171245668689,0.0268635433119506,0.240309444417727,0.37375265356233
"G3H466","Transcriptional repressor p66 alpha",0.823656352631845,0.788397953227337,-0.06328284821401,0.0461705829454259,0.143372026934109
"G3H468","SURP and G-patch domain containing 1",0.744103981378866,0.659305385157427,-0.177332141329154,0.0956202636419459,0.208664798324527
"G3H484","RNA helicase",0.460653754134629,0.4612381769415,0.00189687409129302,0.870892577722092,0.909762003007441
"G3H485","Coatomer subunit epsilon",2.78214683112652,3.2690076859469,0.229557485528447,0.0810150025211117,0.188696738648685
"G3H487","Regulator of nonsense transcripts 1",3.05234752072819,2.97202342449439,-0.0384671098618745,0.0449035153494063,0.141784967806097
"G3H495","peptidylprolyl isomerase",4.16267897768308,4.53693613471213,0.123815559779351,0.0601152680325457,0.161436136319567
"G3H497","Inositol-3-phosphate synthase 1",4.46202674860452,4.45306331572209,-0.00485920129152184,0.970892485353109,0.980856368390237
"G3H4A9","Gamma-interferon-inducible lysosomal thiol reductase",0.264968756281531,0.302662694179558,0.191860956524183,0.00285166603689694,0.0552588141405047
"G3H4B6","Coiled-coil domain containing 124",1.8621196759704,1.86132809042936,-0.00622147993764566,0.995331690692723,0.99711917651857
"G3H4C1","Large ribosomal subunit protein eL20",21.0301646462872,16.558458487772,-0.333851514327978,0.131440009668135,0.251676036818792
"G3H4C2","Microtubule-associated protein 1S",0.847433373670445,0.739799619825405,-0.198514271773283,0.068985297869665,0.172954151288216
"G3H4D2","procollagen galactosyltransferase",5.17663522860015,5.58696907381103,0.110214265138603,0.0110170321407273,0.0765903403880625
"G3H4D3","6-phosphogluconolactonase",3.97007989168594,4.40190789043038,0.148377531068444,0.0592444268291017,0.160559592386237
"G3H4E5","Large ribosomal subunit protein bL34m",1.20399791261082,1.17962064470092,-0.0288742307230925,0.583140393697572,0.688751939868493
"G3H4F4","Vesicle transport protein USE1",0.117428230920514,0.138391093267112,0.23710114659681,0.000486076798354513,0.030127760075788
"G3H4F5","Myosin-IXb",0.0508633744852482,0.043954446826711,-0.209194424491393,0.0514460361054418,0.151709147880981
"G3H4F6","HAUS augmin-like complex subunit 8",0.156162940122857,0.220621009243476,0.493174463254455,0.0403200975684847,0.133985875276402
"G3H4H4","Epidermal growth factor receptor substrate 15-like 1",1.33315923408256,1.33174318190534,-0.00189450488630455,0.952530954862774,0.969623207398328
"G3H4H6","AP-1 complex subunit mu-1",1.44541337591603,1.49511528806209,0.0483256494386939,0.368871638448659,0.499238168631282
"G3H4H8","Protein FAM32A",1.35562535718957,1.35047011765622,-0.00561067041591251,0.912054871617294,0.94333981931492
"G3H4I1","Ras-related protein Rab-8A",2.10985922974996,1.94543206894518,-0.11782465772004,0.0599369143982394,0.161284697896436
"G3H4I2","Tropomyosin alpha-1 chain-like protein",2.02291107078644,1.95386946974455,-0.0535952627402783,0.61971221011471,0.714986820838999
"G3H4J1","E3 ubiquitin-protein ligase",0.277341640430826,0.305782601200129,0.140880165570182,0.000450792704009908,0.030127760075788
"G3H4J2","Striatin-3",0.262080519813524,0.251563882085132,-0.059333012330627,0.0964201785331194,0.209829868368238
"G3H4J6","Sec1 family domain-containing protein 1",2.17015177055201,2.40831480002715,0.150037055215946,0.0094141950126814,0.0724351970286084
"G3H4L4","Serine/threonine-protein kinase Nek10",0.311675450483878,0.308458136681144,-0.0142096831876477,0.826392624380526,0.875296238544817
"G3H4L8","CDGSH iron-sulfur domain-containing protein 2 (Fragment)",0.936000778938429,0.937132722871573,-0.000769105137652562,0.980183160930842,0.986668583349031
"G3H4M0","Transcription factor A, mitochondrial",2.46635581939824,2.51279872904956,0.0263214909521747,0.467641559711413,0.591086216145808
"G3H4M6","Neurolysin, mitochondrial",1.46734725514472,1.49492595569292,0.0268091084973469,0.518901880967561,0.635246743086476
"G3H4M7","Protein LAP2",0.0543783156726232,0.0508594960989836,-0.104259856399674,0.446661548642336,0.570819474343604
"G3H4M8","Splicing factor, arginine/serine-rich 12",1.4141307626958,1.45020479732126,0.0371299455939098,0.390132129825808,0.519173840067308
"G3H4P8","WW domain-binding protein 11",1.21955882868424,1.16945509601126,-0.0605028759422546,0.0415674903998126,0.136161539239799
"G3H4S3","Heat shock 70 kDa protein 13",2.47053249669022,2.43142268874883,-0.0234546746593935,0.475611568234022,0.597549519098825
"G3H4S4","NADH dehydrogenase [ubiquinone] 1 alpha subcomplex subunit 10, mitochondrial",4.13936455803767,4.07340224938142,-0.0231830857612998,0.47515563937881,0.597200873075809
"G3H4T5","Glypican-1",0.480576146504675,0.317547113697607,-0.598333753730568,0.000469497121398479,0.030127760075788
"G3H4V0","High density lipoprotein binding protein",10.3097982989218,10.699249997054,0.0530301715344588,0.179685785957441,0.305593661381888
"G3H4V1","Septin-2",11.8646739298978,11.9579513896587,0.011693995563836,0.729685098473377,0.802581670913701
"G3H4V4","non-specific serine/threonine protein kinase",1.25064146221218,1.3363945928501,0.0958414011400369,0.0157306474224579,0.0871696637797461
"G3H4W0","dTMP kinase",2.13698736951087,2.1040436583908,-0.0237100137319004,0.724892102149407,0.798622075672833
"G3H4W2","D-2-hydroxyglutarate dehydrogenase, mitochondrial",1.47819401694732,1.51116637027811,0.0316892301078108,0.323291000043775,0.457335155176041
"G3H4X0","Glutathione S-transferase LANCL1 (Fragment)",5.12555850979817,5.25954278505099,0.037260404313169,0.0559534999868499,0.157640037420864
"G3H4Y6","WD repeat-containing protein 89",0.747319406716312,0.819026093092896,0.129204538183199,0.19191381502362,0.318965587087459
"G3H4Z1","Nesprin-2",0.0461204662937409,0.0499685778253945,0.115205025530476,0.0484584873754422,0.147044929506441
"G3H4Z5","C-1-tetrahydrofolate synthase, cytoplasmic",10.6187550775019,10.2687606530151,-0.0488893365845526,0.379643086114484,0.510717608209477
"G3H4Z8","Heat shock-related 70 kDa protein 2",51.9918680240985,48.8902056290835,-0.0903800933257894,0.202322599127781,0.330489867877346
"G3H500","Pleckstrin-likey domain-containing family G member 3",0.038000261563396,0.0363228591289794,-0.0658064326201444,0.166243205404216,0.29040501486843
"G3H509","Vacuolar protein sorting-associated protein 13C",0.0361082915390435,0.0409049527114802,0.180184184260943,0.00870628570361687,0.0708998710557229
"G3H510","Talin-2",0.203281389532945,0.222679146564108,0.130639766742645,0.0676045687039281,0.171174022570589
"G3H511","Tropomyosin alpha-1 chain",0.0319185884425762,0.0296909386203074,-0.109049347269081,0.32191082068918,0.455575271393948
"G3H515","Ras-related protein Rab-8B",1.15757729967661,1.15793104992656,0.00045155750263623,0.986074748983214,0.99042395215688
"G3H530","Sorting nexin-1",2.97809892020807,3.01616590388972,0.01845430742731,0.465716567994665,0.588875463950942
"G3H533","Peptidyl-prolyl cis-trans isomerase",80.85196293663,113.507602702953,0.491280776078498,0.00334900016366742,0.058238981280201
"G3H559","Alpha-mannosidase",2.77347085267431,2.89668846137463,0.0625693481438625,0.0606651147207662,0.162436911176323
"G3H571","Adenosine 5'-monophosphoramidase HINT1",1.52251961587829,1.98079854394481,0.378630669415376,0.010007017565698,0.0730610274700962
"G3H576","Annexin",0.879824909767459,1.1016552541516,0.319642650961387,0.0709113145138005,0.174376654938504
"G3H577","Ganglioside GM2 activator",0.803128445775238,0.886978717679171,0.142986416654571,0.0179299140416075,0.0925156636171378
"G3H584","SPARC",0.644801943457482,0.681866718600677,0.0800864489283313,0.154850905943354,0.278648377522799
"G3H585","Copper transport protein ATOX1",1.6079457818909,1.622645814373,0.0122121369843572,0.869573351827544,0.908667501894096
"G3H5A2","U2 small nuclear ribonucleoprotein A",24.0030352989074,21.2893521739732,-0.173713474347698,0.0184271611205675,0.0926896737397719
"G3H5A7","Tight junction protein ZO-1",0.490187548154468,0.494257796306202,0.0116127943675139,0.660199809964815,0.749555211652726
"G3H5A9","Exosome complex exonuclease RRP44",1.00320327966132,0.944464325514519,-0.087210570745005,0.0222918799140811,0.0997718625514562
"G3H5C9","40S ribosomal protein S27",112.345313862,103.137662171539,-0.121448860240234,0.170386869773288,0.295025790548989
"G3H5D5","Acyl-CoA-binding protein",3.99919009436112,3.53592875099664,-0.186438147380693,0.263293244817133,0.396777348222848
"G3H5E2","Band 4.1-like protein 5",0.507688661527403,0.579287696898291,0.189539440062311,0.0318863015817982,0.119511143778588
"G3H5E5","Ras-related protein Ral-B",12.062456634445,10.8818820252167,-0.149614881321062,0.0467622084103855,0.144251715713881
"G3H5F7","asparagine--tRNA ligase",5.43052334030909,4.71979474661615,-0.202277661467537,0.0292204487514249,0.11306455719193
"G3H5G6","Thioredoxin-like protein 1",3.14823076498511,2.75113818130498,-0.195360136886538,0.0267905627777509,0.107386842655248
"G3H5H2","Gamma-soluble NSF attachment protein",2.31159458549611,2.1748980513236,-0.0879128506282945,0.00278427928536089,0.054906332716835
"G3H5I9","Pleiotropic regulator 1",1.30435846211858,1.27068864778289,-0.0379826542818195,0.330033682350051,0.464127199506563
"G3H5K6","Pyruvate dehydrogenase E1 component subunit alpha",6.75623465064083,6.65464649471314,-0.0222381970054144,0.621589493680979,0.716658641181618
"G3H5L1","Uncharacterized protein CXorf23-like",0.0463632021725304,0.0398134970769552,-0.221043335440226,0.0784481760496177,0.185166463496524
"G3H5L5","Ribosomal protein S6 kinase alpha-3",0.74431199809234,0.726853330307258,-0.0349051730350514,0.389346421618431,0.518560474793828
"G3H5M8","HEAT repeat-containing protein 3",1.24483511534254,1.27044104246671,0.0277782066304182,0.631822363194066,0.725706743174516
"G3H5N7","28S ribosomal protein S9, mitochondrial",1.74679361314064,1.81580965273828,0.0557176362942108,0.200888539509155,0.328950069343024
"G3H5P2","Four and a half LIM domains 2",0.86554281395526,0.802525715791119,-0.110542479883167,0.135786690729197,0.256332799701423
"G3H5P9","RNA helicase aquarius",0.634513313765888,0.690466748121712,0.121509115390307,0.0440197567289695,0.140451978810163
"G3H5Q3","DNA mismatch repair protein",0.927747914695095,0.886046998019921,-0.0657287221781916,0.168887252270574,0.293350175277487
"G3H5Q5","DNA mismatch repair protein",0.676157390163656,0.702518671467552,0.0553629066069927,0.0883890408764464,0.19894964345223
"G3H5T7","Chromobox protein-like 1",5.34345950819646,5.56760524519606,0.0587098997598035,0.344982842557463,0.478119078277362
"G3H5U0","CDK5 regulatory subunit-associated protein 3",2.35292795460235,2.42314962057965,0.042203787995359,0.145623964048019,0.267458816463034
"G3H5U7","Large ribosomal subunit protein uL10m",1.46080812377607,1.52616399851592,0.062625110071842,0.157652996898222,0.280822022681399
"G3H5V0","Importin subunit beta-1",14.5015230252013,13.8937836892641,-0.0618355262336188,0.0182939827382251,0.0926896737397719
"G3H5V1","Large ribosomal subunit protein mL45",0.230756873467896,0.19732483508061,-0.225443925260458,0.00730008955021978,0.0689292288771211
"G3H5V7","CDGSH iron sulfur domain 3",10.9751089200004,8.63060839677819,-0.346768684176446,0.000125022101591818,0.0292870881507975
"G3H5V9","Polycomb group RING finger protein 2",0.193270787566269,0.178816545948109,-0.112159758899288,0.00126619310512063,0.0399320230428393
"G3H5W0","Proteasome subunit beta",11.0129884660883,12.5554973234005,0.188651178183182,0.0264671746637433,0.106809676519171
"G3H5W3","CWC25 spliceosome associated protein homolog",0.746777581682531,0.786822568987832,0.0751049157092951,0.0631231902043648,0.165574700324458
"G3H5W4","Large ribosomal subunit protein uL14",50.0009856800924,50.6825379856943,0.018178895125363,0.737665766588487,0.80976297827867
"G3H5W5","LIM and SH3 domain protein 1",18.4261372908344,18.4504632231168,0.00149881869098945,0.978851734209468,0.985921382605805
"G3H5X2","Mediator of RNA polymerase II transcription subunit 1",0.180360950407401,0.181890315872989,0.0121815406772834,0.54814746033255,0.659708575955787
"G3H5X3","Cell division cycle 2-related protein kinase 7",0.130509345201659,0.134623456605498,0.044502251428995,0.180770511199481,0.306844011761778
"G3H5Y9","Tetraspanin",1.308589351404,1.58511025512986,0.272766088225106,0.0732740425684425,0.177074527419911
"G3H5Z5","Cleavage stimulation factor 64 kDa subunit",3.11549081128096,3.2098243706833,0.0428993421494359,0.103366665694496,0.218185026402666
"G3H601","Mitochondrial import inner membrane translocase subunit",10.1593888781817,12.0925756744935,0.233259552930333,0.305636159268383,0.439606456841976
"G3H604","Alpha-galactosidase",2.26596627146235,2.33611835244935,0.0446099175676191,0.278895651085376,0.412125273369868
"G3H605","Heterogeneous nuclear ribonucleoprotein H2",19.2687898322359,17.8786029075666,-0.108296822052151,0.0214460254725883,0.0973207173596971
"G3H609","glutathione-disulfide reductase",1.70954711938063,1.6200681649484,-0.0768229926455622,0.218289981658765,0.348714384757388
"G3H610","Transcription initiation factor IIE subunit beta",0.261394169789974,0.25242424475455,-0.0504206859358625,0.0837317717312925,0.192215528110176
"G3H615","Dynactin subunit 6",0.767804276224062,0.798447600361937,0.0503896133535218,0.652190138376495,0.742476324199363
"G3H619","Store-operated calcium entry-associated regulatory factor",0.172648714464599,0.169072298246249,-0.0302635020587512,0.228799721064849,0.359223020443918
"G3H633","SNW domain-containing protein 1",0.879297562731238,0.842089725090447,-0.0615540950829707,0.221668724997668,0.352233977458427
"G3H638","Activator of 90 kDa heat shock protein ATPase homolog 1 isoform X1",3.02396642559497,2.81248360243753,-0.106252753316176,0.15390225996068,0.278137615598486
"G3H653","Enhanced at puberty protein 1",0.127736810184992,0.121698072936596,-0.0680380823866193,0.366297146056432,0.497967728615304
"G3H656","Dynein light intermediate chain",0.640670369336097,0.630192600278157,-0.0238427149940891,0.290620921971996,0.422916619930553
"G3H675","Nucleoporin 37",0.543627400936797,0.503200006686094,-0.113242482154662,0.144396310639659,0.265984838586097
"G3H678","N-acetylglucosamine-1-phosphotransferase subunits alpha/beta (Fragment)",0.0615554902836765,0.0598137162260677,-0.0452667805537388,0.640406848969757,0.732299871370611
"G3H683","Small subunit processome component 20-like",1.64692018862404,1.73158799857991,0.0713989949582191,0.192575546031727,0.319876105492898
"G3H694","Evolutionarily conserved signaling intermediate in Toll pathway, mitochondrial",1.2307944893223,1.20893209186895,-0.0258489779653769,0.100604598790907,0.215296414420182
"G3H697","Glucosidase 2 subunit beta",30.2207009162353,31.0962574224868,0.0407931538890116,0.236257121880505,0.368477440323416
"G3H6A7","Putative global transcription activator SNF2L4",1.54212696704586,1.53466917905632,-0.00666387517905409,0.802393810688114,0.857050434797435
"G3H6B1","Transmembrane emp24 domain-containing protein 1",4.83501559942959,5.26562538958573,0.123023280681635,0.00274926195419539,0.0548868762297732
"G3H6B2","dynamin GTPase",1.18527914350558,1.03742331967397,-0.191961808335944,0.00690011823520598,0.0684249127428805
"G3H6B5","Interleukin enhancer-binding factor 3",3.7437086815964,3.90630368255458,0.0603253885285622,0.262559892917884,0.396028824513817
"G3H6B9","Protein KRI1 homolog",0.305446908139452,0.297616456550507,-0.0380887177583755,0.404104877747017,0.532495679456404
"G3H6C5","Hsp90 co-chaperone Cdc37",10.5676815228627,8.98929287735768,-0.23328448883899,0.0161918365022807,0.0881204500376152
"G3H6D0","Ribonucleoprotein PTB-binding 1",1.22631071851864,1.22498307070838,-0.00141551563083137,0.930905035519238,0.95662853972456
"G3H6D5","Large ribosomal subunit protein uL4m",0.798991913440204,0.777209383811973,-0.0400581944938676,0.155442325796009,0.279112373626203
"G3H6D9","DNA (cytosine-5)-methyltransferase",1.8472391096617,1.65345720024239,-0.16002032936847,0.00338777319943788,0.0584478190645288
"G3H6E0","DNA (cytosine-5-)-methyltransferase",2.82841878067947,2.57190200207654,-0.135756645837099,0.107646849709502,0.222403707393645
"G3H6E1","Eukaryotic translation initiation factor 3 subunit G",4.70124293463683,4.15911308267267,-0.176818695875131,0.0128335489393239,0.0811024173353538
"G3H6E2","Putative suppressor of SWI4 1 like protein",1.82798738644683,1.77577338241192,-0.0430361430962688,0.429063387634115,0.55597179961726
"G3H6F2","Peptidyl-prolyl cis-trans isomerase",2.46569592496681,2.48482868996575,0.0113680538131518,0.801822953660776,0.857043312257466
"G3H6H0","Epithelial cell transforming 2",0.0811101322470939,0.0819610316936195,0.0133579656425615,0.814617791038638,0.865289034149896
"G3H6H1","Neutral cholesterol ester hydrolase 1",0.711795924513868,0.738457271708814,0.0521459779686822,0.330956251386083,0.464497357930026
"G3H6H5","Fibronectin type III domain-containing protein 3B",0.510432205779666,0.562741484266354,0.14056639329056,0.010185667706899,0.073631597872551
"G3H6J1","non-specific serine/threonine protein kinase",0.14178025830864,0.123679022271498,-0.197284358908862,0.00426450136408528,0.0631502537190615
"G3H6K1","Heterogeneous nuclear ribonucleoprotein G",0.339731649835186,0.363900913268399,0.0998802446861304,0.11571347961534,0.232725893840234
"G3H6K2","Rho guanine nucleotide exchange factor 6",0.179191358777557,0.181828208995846,0.020776750610453,0.51365302263458,0.629742368775801
"G3H6K5","HIV Tat-specific factor 1-like",0.490772264867602,0.543294363761879,0.150244169987391,0.167888603336444,0.29221172926005
"G3H6K9","Four and a half LIM domains protein 1",0.862846925582253,0.822823023144978,-0.0685902783933169,0.022678265321109,0.100535303350665
"G3H6L8","Centrosomal protein of 170 kDa",0.657597068529313,0.635376272526225,-0.0496703676342941,0.034850628684765,0.125559800008513
"G3H6M5","Fumarate hydratase, mitochondrial",13.2351717616521,12.0159144838003,-0.13971329633958,0.0108637170919421,0.0760687470852093
"G3H6P9","C-4 methylsterol oxidase",1.18023733798582,1.18896448928245,0.0102888667858516,0.772274165310601,0.836675563710158
"G3H6R7","sphinganine-1-phosphate aldolase",1.1165806489475,1.09615039195971,-0.0271508298030892,0.449596153244865,0.573038204459467
"G3H6S8","Inorganic pyrophosphatase",13.1303178275809,13.0442646153738,-0.00875922088964476,0.860001356328167,0.902044669266805
"G3H6T5","Hexokinase-1",11.8512132628138,11.4596302171104,-0.0484071584019219,0.0442989852594334,0.140762560906914
"G3H6T7","ATP-dependent RNA helicase SUPV3L1, mitochondrial",0.278073754521688,0.306646944833108,0.146422655172548,0.245099143366524,0.37923494930023
"G3H6T8","VPS26, retromer complex component A",1.89205482239523,1.94716175275843,0.0411729890552129,0.197042208384554,0.325180697626402
"G3H6U1","RNA helicase",29.1849370128785,27.5501545539953,-0.0847199385851098,0.215146911869184,0.34503915382183
"G3H6U2","RNA helicase",0.535457626391995,0.562574680427093,0.079680667416032,0.592857754054076,0.693285350116209
"G3H6U4","Cell division cycle and apoptosis regulator protein 1",0.694201930683161,0.672079861385269,-0.0465733250978672,0.0885723000393054,0.199094350726363
"G3H6V0","PH and SEC7 domain-containing protein 3",0.0444073826862012,0.0452129625363795,0.0257468258394891,0.562666127616457,0.67162750682321
"G3H6V6","Integrator complex subunit 10",0.0940278074192878,0.0927437952017473,-0.0196662561963912,0.341274387751591,0.474551464812869
"G3H6V7","Lipoprotein lipase",0.38531414805956,0.411043851437653,0.0917839691089082,0.213251049205833,0.342491008489407
"G3H6W0","Vacuolar proton pump subunit B (Fragment)",1.96684807112778,1.91171344315901,-0.0411448990148913,0.0989399915718768,0.213486422558362
"G3H6X1","Peroxisomal assembly protein PEX3",0.895530533220482,0.822349765137081,-0.122261547229868,0.0638223716030921,0.166236169459572
"G3H6X3","Protein LTV1 homolog (Fragment)",1.12606866979686,1.07915390096441,-0.0616385465014322,0.142218866466554,0.26335239719089
"G3H6X4","Splicing factor 3B subunit 5",6.29066553888995,5.94468869735646,-0.0804350754543361,0.191393405052825,0.318703346622789
"G3H6X6","Utrophin",0.819514196194888,0.84201860874908,0.0390004196679073,0.0702509402944181,0.173971053693706
"G3H6Y5","peptidylprolyl isomerase",44.9478004675584,44.4882992350989,-0.0144904247665139,0.886023459956626,0.923550457949183
"G3H6Y6","NSFL1 cofactor p47",14.5292309089929,13.5151185392626,-0.104490655445308,0.0605849981342091,0.162352272822416
"G3H6Z4","Alpha-1,4 glucan phosphorylase",3.05299787802678,2.94816160269016,-0.0510776912591551,0.260278473182598,0.39418644784713
"G3H6Z8","Adipocyte plasma membrane-associated protein",3.12604555184089,3.08204683440515,-0.0198401550450604,0.719616998005666,0.794379318049131
"G3H710","Protein diaphanous-like 3",0.173402866211689,0.172779452859987,-0.00519120901462822,0.638553231383519,0.731213432000167
"G3H742","non-specific serine/threonine protein kinase",0.106567177696827,0.118801522787701,0.157138720764284,0.0110627885301029,0.0765903403880625
"G3H746","Leucyl-cystinyl aminopeptidase",1.61490582197539,1.69634512932471,0.0704400308895016,0.130139249095532,0.2497569189924
"G3H748","Aminopeptidase",1.97427611020775,2.11103823993522,0.0961217426887124,0.0707893474715519,0.174214666167121
"G3H750","Calpastatin",1.08304142509653,1.05608182188284,-0.0378464854093614,0.5298212159455,0.644137889491315
"G3H761","Tetratricopeptide repeat domain 37",0.188976002011971,0.177047017837845,-0.0934583657351786,0.0902212026799688,0.200644761043093
"G3H771","Septin",1.25117130983966,1.2514916859169,0.00364774021627484,0.996775635407715,0.998266921516943
"G3H777","ADP/ATP translocase",46.3576774365848,49.2223522622735,0.0849680773497843,0.228820878275003,0.359223020443918
"G3H7A8","Kinectin",3.77620197352342,3.71623135088217,-0.0231168087534876,0.0971680815936938,0.211320057890899
"G3H7B1","Disks large-associated protein 5",0.636921356756631,0.583005476822877,-0.128411323424047,0.0541356456302002,0.155886030129296
"G3H7B2","Disks large-associated protein 5",1.06995798748903,0.991434313756689,-0.119275785786147,0.431002715365761,0.556975323679229
"G3H7B3","Galectin",7.25620539478805,8.68408159498252,0.258353788695433,0.0159731916245202,0.0879807147986492
"G3H7B6","WD repeat and HMG-box DNA-binding protein 1",0.388217425554602,0.333586385520051,-0.218418684488603,0.00882069491677665,0.0708998710557229
"G3H7B8","GTP cyclohydrolase 1",0.399400098285415,0.38144493385858,-0.0657500235132495,0.320760986303459,0.454140025870422
"G3H7C1","Glia maturation factor",5.22596579036675,5.18378365619821,-0.0216160864868216,0.934109757087375,0.957960539789215
"G3H7C7","Protein CIP2A",0.611358475703076,0.630398111518761,0.0441129456747409,0.112624841863361,0.228596328512231
"G3H7D4","Endonuclease domain-containing 1 protein (Fragment)",4.92467158320364,4.51658542071262,-0.123900156390829,0.0796434661622256,0.186933156553274
"G3H7E0","Myotubularin-related protein 2",0.11832869308548,0.111061002431396,-0.0915306807155924,0.00685161675875846,0.0684249127428805
"G3H7F1","Nuclear cap-binding protein subunit 1",1.35987131648646,1.3866051363296,0.0276154035098202,0.510978753459049,0.627843571155446
"G3H7F8","Acidic leucine-rich nuclear phosphoprotein 32 family member (Fragment)",0.759554030593702,0.622261814670327,-0.286659010399556,0.0175602009125194,0.0912639634382025
"G3H7F9","Sialic acid synthase",1.58227223539799,1.61644783744624,0.0296289022577271,0.587326553467946,0.690428860720642
"G3H7H3","Alpha-1,3/1,6-mannosyltransferase ALG2",1.91644747335247,2.04316264709749,0.0919624090690897,0.117745108056404,0.235842535406813
"G3H7H4","Protein transport protein Sec61 subunit beta",30.7974528980655,27.4181343238501,-0.167238608375893,0.156657937400762,0.280237742157116
"G3H7H9","Syntaxin-6",0.714598173507898,0.665051218533185,-0.104044502042155,0.037180476526966,0.128456721968336
"G3H7I2","Solute carrier family 53 member 1",0.0535010414076608,0.0516810039235682,-0.0499650060186134,0.183639827053626,0.30928756145659
"G3H7I4","Acyl-CoA-binding domain-containing protein 6",0.26975970737045,0.271690884675542,0.0100539397043333,0.754484635808545,0.822828307608732
"G3H7I9","Torsin-1A-interacting protein 1",4.08795751798232,4.57489742356962,0.163013133607988,0.0724270704270753,0.176491153150824
"G3H7J2","Torsin-1A-interacting protein 2",0.366588167847358,0.41787103973422,0.188005008942516,0.0693011027042578,0.173356345852878
"G3H7K5","T-complex protein 1 subunit epsilon",48.0762922305962,39.7738896948776,-0.273595889775679,0.000346945495440813,0.030127760075788
"G3H7M2","DNA ligase 1",0.934221234054317,0.958175071669281,0.0371413395653271,0.338269356629814,0.471352013588671
"G3H7M3","Adenylosuccinate synthetase",1.90880763198213,1.84926992238807,-0.0451829154698461,0.385847291699609,0.515953210275107
"G3H7M8","Heterogeneous nuclear ribonucleoprotein U",42.1537360936187,49.8610685160133,0.241808467821604,0.0204175004349613,0.0959794578031115
"G3H7N4","rRNA adenine N(6)-methyltransferase",0.362394868211614,0.359202245439719,-0.0129726179809513,0.61113443944913,0.70875501345677
"G3H7N6","Saccharopine dehydrogenase-like oxidoreductase",0.509108329524626,0.505490532426221,-0.00866245857785219,0.866319586738633,0.906116142754438
"G3H7N7","Protein ELYS",0.108905607849452,0.121854590310074,0.161936693518013,0.0118010749006678,0.0775996025393618
"G3H7R2","Eukaryotic translation initiation factor 3 subunit A",5.9502628899516,4.64474793879601,-0.357738064105181,0.000562681272993707,0.0308736757493432
"G3H7R4","Thioredoxin-dependent peroxide reductase, mitochondrial",1.96644706658197,2.0323888025301,0.0465237879846928,0.402207484393382,0.530831407833063
"G3H7T0","G protein nucleolar 3 like",0.876063903537271,0.86997847590319,-0.0101924929715776,0.787567513436458,0.846794077595925
"G3H7T9","HECT-type E3 ubiquitin transferase (Fragment)",0.703552388265988,0.73464121943049,0.0623231154719643,0.0214588256383198,0.0973207173596971
"G3H7U0","3-hydroxyacyl-CoA dehydrogenase type-2",31.1668865224238,32.2802307536602,0.0502344049213841,0.178587517259631,0.304534661908924
"G3H7U2","Structural maintenance of chromosomes protein",3.31333559521182,3.24952027014948,-0.0280899676675723,0.0474393521197184,0.145269452465414
"G3H7V9","DNA replication licensing factor MCM2",12.1589846682915,12.6746620674421,0.0600537683869078,0.0395644831600124,0.132974466391057
"G3H7W5","Cleavage stimulation factor 64 kDa subunit, tau variant",0.125988232625426,0.119179383748723,-0.0803668688920203,0.0375951570914988,0.129057426446407
"G3H7X9","Nicastrin",1.69149381757937,1.87891717354518,0.151665167377474,0.000743912281520131,0.0336469514357822
"G3H7Y0","Coatomer subunit alpha",4.02007716246275,3.99127420977285,-0.0105705637700964,0.773729137932292,0.837348599200871
"G3H7Y1","Peroxisomal biogenesis factor 19",0.620169579136797,0.746633654275253,0.269297826444512,0.0215515431981162,0.0976089513993166
"G3H7Y3","DDB1 and CUL4 associated factor 8",0.086317655765152,0.0848833214937383,-0.0262132893332478,0.718476008920757,0.79364330094316
"G3H7Z2","Transgelin",80.3564053259146,73.4993885246151,-0.129323746371539,0.0633675423273863,0.16582577339309
"G3H830","Conserved oligomeric Golgi complex subunit 3",0.0403186143376075,0.03870587733986,-0.0586501310086334,0.388278001276572,0.517961925178432
"G3H832","Translationally-controlled tumor protein",30.4822709218565,26.5542179359429,-0.20215642962922,0.0994117094875203,0.213974914247415
"G3H834","General transcription factor IIF subunit 2",0.462802178146665,0.39724525275111,-0.224965251596548,0.114285735552376,0.230986930491428
"G3H853","cAMP-dependent protein kinase type I-alpha regulatory subunit",4.67971151427111,5.07528374107557,0.116609856032984,0.0445146783493621,0.14122334448845
"G3H860","Guanine nucleotide-binding protein subunit alpha-13",0.640153064614376,0.593775100139127,-0.109306425456692,0.076286563750059,0.181472017676935
"G3H873","ELKS/RAB6-interacting/CAST family member 1",0.887230180742064,0.874272282039589,-0.0215344792096261,0.419275082903622,0.545399806637552
"G3H892","N-acyl-aliphatic-L-amino acid amidohydrolase",1.37581398264847,1.40600294476933,0.0305599979267192,0.564069668928165,0.672622667897438
"G3H894","Putative protein-lysine deacylase ABHD14B",0.364133722879996,0.429572356934324,0.237003918757178,0.0375510733002154,0.129057426446407
"G3H896","Poly [ADP-ribose] polymerase",1.08375779741888,1.11573713696467,0.0406487415744803,0.526082193893396,0.64192384358775
"G3H897","Ribosomal RNA processing 9, U3 small nucleolar RNA binding protein",1.30901234726359,1.31099200120857,0.00208931003899288,0.913908574349373,0.944965090623217
"G3H8A6","Protein VPRBP",0.342211969738753,0.312033394932837,-0.133041100998929,0.0164987411218222,0.0887802034320563
"G3H8A8","Mesencephalic astrocyte-derived neurotrophic factor",6.19447814145335,6.51385419966361,0.0732577055865669,0.146599255611979,0.268711779043424
"G3H8B8","Transmembrane protein 115",0.154376820822683,0.155249568849669,0.0081707652086136,0.725240505510813,0.798742998336522
"G3H8D0","Guanine nucleotide-binding protein G(i) subunit alpha-2",20.7266815511166,21.4719508391032,0.0491354013628227,0.447555423583144,0.57152537303807
"G3H8D3","RNA-binding protein 5",0.913123509962471,0.919960248201651,0.0107485911838421,0.345971173039577,0.479290362650441
"G3H8E3","Kinase",0.0430433846269003,0.0455229038533304,0.0806401190103267,0.0295800105673446,0.113798040653911
"G3H8E7","Mannose-1-phosphate guanyltransferase beta",0.464533766545326,0.484884438096597,0.0615239468647988,0.110124689334607,0.225022793164182
"G3H8F2","Acylamino-acid-releasing enzyme",0.539064127530491,0.546237599556746,0.0163808806117282,0.794628363373215,0.851596089672091
"G3H8F4","Dystroglycan 1",0.140562246279673,0.158315092461786,0.171086359194236,0.0257087116112107,0.105670900868976
"G3H8F9","Transforming protein RhoA",42.1406781546217,40.1001490021756,-0.0710265091583171,0.140744313622895,0.261442590485553
"G3H8G0","Glutathione peroxidase",1.18131070598226,1.3551055870786,0.197747602263236,0.0068146585322041,0.0684249127428805
"G3H8G1","Ubiquitin carboxyl-terminal hydrolase",0.189794841046398,0.198885837233632,0.067500034791292,0.0412116861739082,0.135541643849297
"G3H8H1","Nucleoporin NUP53",7.12143671504644,6.99698344478006,-0.0259496642909829,0.496176594923995,0.613938285844958
"G3H8H3","Nck-associated protein 1 (Fragment)",0.466168724658306,0.509515041510077,0.128558181378718,0.0140202794140607,0.0846067627660458
"G3H8H7","DnaJ homolog subfamily C member 10",2.69281706754875,2.71042258835462,0.00940908794613482,0.550664881956342,0.662024195369208
"G3H8I0","Palmitoyltransferase (Fragment)",0.38837309435737,0.372911602718027,-0.0586779696315645,0.0958440287091218,0.208983689960541
"G3H8I1","Mitochondrial ribosomal protein L57",1.36907666092496,1.25202707972476,-0.128841858176242,0.00451024685771869,0.0636953427543648
"G3H8I3","18 kDa Sin3-associated polypeptide",1.67077537967773,1.63976831007273,-0.0273139445918884,0.494431974451646,0.61268560477218
"G3H8I5","Exportin-4",0.335316511252026,0.360527001874081,0.104675145453919,0.00691648118078708,0.0684249127428805
"G3H8K2","alpha-1,2-Mannosidase",0.0986293138530003,0.100379019748243,0.0259093368630476,0.457935493992141,0.581012167699658
"G3H8K3","RNA-binding motif, single-stranded-interacting protein 1",1.92780151857942,1.7692553307225,-0.123941501951289,0.00533736763322398,0.0662513158860103
"G3H8L7","small monomeric GTPase",1.30319266731417,1.29795974605875,-0.00619400441850371,0.935070923168036,0.958288562322658
"G3H8M2","Protein quaking (Fragment)",5.32532859632001,5.22795320460161,-0.0279064512822536,0.619286020053394,0.714741485903004
"G3H8N0","Zinc finger CCCH domain-containing protein 13",0.0156265181122625,0.0132156718850578,-0.238069837791293,0.102396729136361,0.217622552342488
"G3H8N3","Large ribosomal subunit protein uL4",46.9165664618393,45.3325938027143,-0.0475923427509537,0.497836132869609,0.615764056435544
"G3H8N4","Lactase-like protein",21.0439262888378,21.3864694958522,0.0233002298663152,0.795969131360147,0.852514778451972
"G3H8N5","Protein zwilch",0.207195782205902,0.20147430067184,-0.0428113632368952,0.643785589310129,0.735409681713653
"G3H8Q6","Importin subunit alpha",2.62740763630043,2.79978524344661,0.0912548561231001,0.0827668948260405,0.190785672853139
"G3H8R0","Sacsin",0.0336627881571904,0.0347708355511697,0.0467895285713551,0.0338679979233068,0.123616345746246
"G3H8R2","Mitochondrial intermediate peptidase",0.800362685033527,0.821111760979573,0.0367840969563846,0.147684621776583,0.270257205623961
"G3H8R9","Nucleoporin 58",3.68580398380796,3.59076826766094,-0.036818558540114,0.545979916911241,0.657604977870033
"G3H8T3","Protein kinase C-binding protein 1",0.458300480874924,0.445928718314891,-0.0396168963166836,0.10891979599819,0.223515976214557
"G3H8U1","Engulfment and cell motility 2",0.178237276333177,0.179789904663114,0.0127186590153636,0.574658497323242,0.681132008222425
"G3H8U6","Nuclear receptor coactivator 5",2.71472963575844,2.76460970183279,0.0263060167944891,0.0767378187328672,0.18226225374132
"G3H8V5","Carboxypeptidase",7.11184876401404,9.37535813883536,0.398157881548055,0.00329588056890883,0.0581326932615225
"G3H8W5","6-phosphofructokinase",7.88802667297418,7.07927125959828,-0.156198383075068,0.0236276105417176,0.102573005406838
"G3H8W6","Autoimmune regulator",1.08650752834661,1.11947992137625,0.0422543577073828,0.369888469537756,0.500208770724392
"G3H8X2","1-acyl-sn-glycerol-3-phosphate acyltransferase gamma",0.114358969146662,0.11277791909001,-0.0203629831939693,0.650115931513324,0.74061879604326
"G3H8X9","80 kDa MCM3-associated protein",0.100367069590146,0.111802793915563,0.155017008948731,0.0531852773233359,0.154792281044526
"G3H8Y0","Terpene cyclase/mutase family member",1.77155589630337,2.0078460721382,0.180867207102481,0.00401287919229619,0.0618945007217298
"G3H8Z0","GDP-fucose protein O-fucosyltransferase 2",1.57103696562059,1.50791216275648,-0.0591568288237299,0.126079661806243,0.245627839386202
"G3H8Z6","PTTG1 interacting protein",2.36763546484693,2.635949088221,0.156592555800642,0.0787682349116147,0.185529403412508
"G3H8Z7","E2 ubiquitin-conjugating enzyme (Fragment)",0.609404146708175,0.56235095419132,-0.117747271751725,0.147663063731483,0.270257205623961
"G3H8Z9","Sodium/potassium-transporting ATPase subunit alpha",23.303662200539,22.9736445918513,-0.0207865664472369,0.369316322056861,0.499636915895034
"G3H902","Prostaglandin F2 receptor negative regulator",0.670538075194563,0.656995798535349,-0.029558493265803,0.156738886560538,0.280237742157116
"G3H910","alpha-1,2-Mannosidase",0.686846867308464,0.73395234288039,0.0967631486008294,0.181856357371827,0.307721551124118
"G3H916","WD repeat-containing protein 3",0.349924274244404,0.33447825614547,-0.0651747601226045,0.059568027014575,0.160785634207889
"G3H928","Adenylate kinase 2, mitochondrial",30.0450548888422,37.1830597812144,0.307736174545271,0.000406191431805808,0.030127760075788
"G3H935","Tyrosine--tRNA ligase",1.12565365161697,1.19866039214357,0.0893207847688979,0.181444031474026,0.307334601894517
"G3H936","Uncharacterized protein KIAA1522",0.133251995681822,0.117839981510883,-0.178632415107502,0.0415687075932841,0.136161539239799
"G3H937","Histone-binding protein RBBP4",0.416419154602138,0.392400778946719,-0.0854386323405532,0.0509756700894864,0.150853729256862
"G3H942","Histone deacetylase 1",3.76057126923209,3.55462628062155,-0.0813366510116493,0.0096638028871028,0.0726848275576024
"G3H945","Eukaryotic translation initiation factor 3 subunit I",8.36879363698042,7.74871258132437,-0.111266767371025,0.0159727996002626,0.0879807147986492
"G3H949","Alpha-taxilin",3.80234648451213,3.68446542927383,-0.0454400187117607,0.111587037202435,0.227316989358826
"G3H951","Importin subunit alpha",1.09691987471111,1.24720441715114,0.182775342128926,0.0980543163007904,0.212556863120949
"G3H953","KH RNA binding domain containing, signal transduction associated 1",13.6976563697374,20.0418035819895,0.515990962863806,0.183317769751762,0.309100541742643
"G3H973","Anoctamin",0.391017818860809,0.390961224280419,-0.000363198378558138,0.992639120560337,0.995017411355331
"G3H976","Protein O-linked-mannose beta-1,4-N-acetylglucosaminyltransferase 2",0.304697471964954,0.320453729318418,0.0729410460691704,0.0411336736562545,0.135506304849886
"G3H9B2","Myoferlin",5.70024654439682,6.32183286047159,0.149381430903148,0.00131414603527888,0.0399320230428393
"G3H9C3","Nucleolar complex protein 3 homolog",1.21177897293733,1.20302309380454,-0.0106379978600911,0.665214833415614,0.753714978822634
"G3H9C5","Lymphocyte-specific helicase",2.60509785593937,2.52323272777181,-0.0461426651172534,0.22728382229282,0.357817005274727
"G3H9C9","Elongin-C",7.31818282496485,6.83693455530575,-0.0973160678119611,0.112340871556945,0.228296840984271
"G3H9D1","Acetyl-CoA carboxylase 1",0.694732051320998,0.683085210487593,-0.0241040929028903,0.676123537368734,0.760923160582768
"G3H9F5","Elongator complex protein 1",1.68773656785059,1.6932647854774,0.00455436379980978,0.855149374539949,0.899492443929985
"G3H9F7","Alpha-catulin",0.0359915663866399,0.0303165130102166,-0.225384633281991,0.344897010090088,0.478119078277362
"G3H9G4","ATP binding cassette subfamily E member 1",4.58511921884717,4.2298763973523,-0.115071379075674,0.119673877922207,0.237851497595836
"G3H9H3","LSM6 homolog, U6 small nuclear RNA and mRNA degradation associated",7.28211112085669,5.67128396538667,-0.36437648424117,0.027731984691878,0.109373781254879
"G3H9H7","Heterogeneous nuclear ribonucleoprotein G",3.61971414910371,3.89063726439301,0.103657195588509,0.102406788150409,0.217622552342488
"G3H9I6","Testin",0.603479817883857,0.593099166795685,-0.0255886388995215,0.563804873324142,0.672622667897438
"G3H9I8","Caveolin",3.7906996309341,3.7238692393568,-0.0245854357652691,0.857966633809842,0.901039950850813
"G3H9I9","Hepatocyte growth factor receptor",0.0385518746267394,0.0469595125346006,0.284500743646042,0.00100874043806735,0.0366984157196894
"G3H9J0","F-actin-capping protein subunit alpha",1.41129209853927,1.33436053103477,-0.0810399160469923,0.113571603223627,0.229821134213713
"G3H9J8","Exportin-T",1.15695848967866,1.13159398311565,-0.0319917050950583,0.388627897914555,0.518222141163353
"G3H9L2","Ubiquitin carboxyl-terminal hydrolase",0.579467021292343,0.599568527308252,0.0486438708852137,0.311518328203219,0.445963545848487
"G3H9N3","INO80 complex subunit C protein",0.262041814249448,0.288228866745366,0.138301285853217,0.0823292863392272,0.190247011420613
"G3H9P3","non-specific serine/threonine protein kinase",0.119849002905037,0.111581955062639,-0.10324828556042,0.0112313171800217,0.0765903403880625
"G3H9P6","SH3 and PX domain-containing protein 2B",0.681957636558672,0.610898347983759,-0.158964062889072,0.0213001017668379,0.0970786858588242
"G3H9Q1","UPF0474 protein C5orf41-like",0.999955677222133,1.11077798726775,0.151218702537737,0.0222517173525178,0.0997718625514562
"G3H9Q4","BCL2 interacting protein 1",3.78984013162613,4.00140240412843,0.0781120792800212,0.104811969188064,0.220216987365003
"G3H9R6","ER degradation-enhancing alpha-mannosidase-like 3",1.76029799043887,1.76767833073671,0.00606582255545685,0.619205573754479,0.714741485903004
"G3H9S0","Niban apoptosis regulator 1",0.336342389917946,0.369892799758072,0.137536447619508,0.021318444608974,0.0970786858588242
"G3H9S1","E3 ubiquitin-protein ligase RING2",1.5332175745764,1.45088564644111,-0.0792588200881952,0.0879672235427191,0.19826686679965
"G3H9S2","tRNA (guanine(26)-N(2))-dimethyltransferase",0.625945262992212,0.563536956461399,-0.156815661920585,0.203808976837057,0.332107422333802
"G3H9S4","Influenza virus NS1A binding protein",0.0894269863082192,0.0921789251943682,0.043213741571976,0.456339823511597,0.579426930687905
"G3H9T1","Dolichyl-diphosphooligosaccharide--protein glycosyltransferase 48 kDa subunit",18.7532624882686,21.0143140073567,0.163805166663032,0.0242035220471597,0.103476704879158
"G3H9U3","Splicing factor, proline-and glutamine-rich",48.0270526622234,41.5067623979191,-0.209924160761273,0.0183301786049635,0.0926896737397719
"G3H9U6","Uncharacterized protein KIAA0319-like",0.307286353682137,0.339813134233835,0.14845144748886,0.189196713986071,0.31583112304807
"G3H9V0","Proteasome subunit beta",12.1670570031329,9.45744549803165,-0.364480702945956,0.00502660691112663,0.0652496388278504
"G3H9W7","Thyroid hormone receptor-associated protein 3",0.228544712589406,0.231839704665712,0.0184910505556592,0.774553708731968,0.837348599200871
"G3H9X3","Small ribosomal subunit protein uS15m",0.453235161686712,0.528503376139426,0.221979594850949,0.00448530537055825,0.0636115130307562
"G3H9Y3","TBC1 domain family member 5",0.0968072737947278,0.0945742293298259,-0.0341324091430084,0.52429872565754,0.64068194040737
"G3H9Y8","Methionine adenosyltransferase 2 subunit beta (Fragment)",0.0877993913623949,0.0909294041511189,0.0509128763376041,0.591325597105935,0.693164767670143
"G3H9Z1","Microsomal glutathione S-transferase 1",20.152141055661,20.9123941679703,0.0527279769286633,0.250988653551686,0.38469323651126
"G3H9Z4","Serine-threonine kinase receptor-associated protein",11.4443640994589,9.44315770650392,-0.277664235489402,0.00258899514401007,0.0534223964352012
"G3H9Z5","Epidermal growth factor receptor kinase substrate 8",3.28054450806129,3.29912375094769,0.00785599179916274,0.835007479561302,0.882187510761262
"G3H9Z9","Quinone oxidoreductase-like protein 2",0.221174047732479,0.236290668872545,0.094757643423248,0.090772698245696,0.20120279538301
"G3HA07","Uncharacterized methyltransferase WBSCR22",0.582669332205312,0.552339138181103,-0.0783157093438326,0.226012323474801,0.356318062491833
"G3HA11","Transducin beta-like protein 2",4.14294410176913,4.19236336084682,0.0169936169325124,0.46903141927017,0.59195142558368
"G3HA14","Tyrosine-protein kinase BAZ1B (Fragment)",0.137186691576112,0.152864837729672,0.155889419569663,0.103446820124065,0.218185026402666
"G3HA17","Putative methyltransferase NSUN5",1.25940371690825,1.29939478364594,0.0450935457381687,0.26444813247407,0.397980170589349
"G3HA18","Huntingtin-interacting protein 1",1.22259541825702,1.20531825484617,-0.0208178234944197,0.417159206571578,0.543917168478518
"G3HA21","NADPH--hemoprotein reductase",0.736452743787093,0.73827412926605,0.00199725751939661,0.959279844940959,0.97470159376924
"G3HA23","Malate dehydrogenase (Fragment)",61.8854751799754,57.3249585027245,-0.109510302829326,0.110830445488615,0.226326724252833
"G3HA24","Heat shock protein beta-1 (Fragment)",5.44229596331969,3.762271732507,-0.538840819096089,0.0135636418515257,0.0832981821597365
"G3HA46","Mitochondrial fission 1 protein",0.876690784614987,0.945940506038293,0.108098442666209,0.161198465787657,0.284623695972737
"G3HA51","Procollagen-lysine,2-oxoglutarate 5-dioxygenase 3",2.09076667718386,2.25945744440275,0.111951868308302,0.0237802597079711,0.102700871240023
"G3HA59","RING-type E3 ubiquitin transferase",0.0175175602737446,0.0188328944962431,0.103400452582017,0.134849098395505,0.255427239575413
"G3HA69","Nuclear pore complex protein Nup205",1.56362082430612,1.66730318338434,0.0919319330274534,0.103394587818143,0.218185026402666
"G3HA80","Protein sel-1 homolog 1 isoform X1",0.436542314883071,0.44508124874767,0.0280601966553646,0.673128770175104,0.758317736040416
"G3HAA1","Heterogeneous nuclear ribonucleoprotein H3",2.02136455580027,2.1928408797026,0.116329135673934,0.143084292186685,0.26468893493432
"G3HAB1","NAD-dependent deacetylase sirtuin-1",4.41861661807708e-08,4.18199000799353e-08,-0.0792333559506844,0.051500626269089,0.151736440248804
"G3HAC2","Interferon-inducible double stranded RNA-dependent protein kinase activator A",0.302077886587892,0.299026517731636,-0.0156399635326601,0.76557411953759,0.831400576928071
"G3HAC4","peptidylprolyl isomerase",0.544586790488867,0.612057549636689,0.167090111908286,0.0685289920689473,0.172348799279314
"G3HAC9","Pre-mRNA-splicing factor CWC22 homolog",0.141666055112729,0.135774802336285,-0.0601044952975331,0.329692251781656,0.464036991889487
"G3HAE2","ATP synthase subunit alpha, mitochondrial",216.08820311153,180.117113177516,-0.257893619529156,0.104313378010114,0.219582941006195
"G3HAE3","ATP synthase subunit alpha, mitochondrial",58.4207606520708,60.3518057836641,0.0468050408992626,0.332833811893735,0.4662537940631
"G3HAF4","Splicing factor 3B subunit 3",8.6088867311849,8.4157486308168,-0.0328270514048929,0.206927047187398,0.335067647284094
"G3HAG8","AP-1 complex subunit gamma",0.317197944399991,0.340477716818072,0.102286879379048,0.00768677931575384,0.0697226297285315
"G3HAH3","Dihydroorotate dehydrogenase (quinone), mitochondrial",6.34969526318966,6.70409293663106,0.0775263010073215,0.156964668687625,0.280491588946866
"G3HAH5","RNA helicase",0.635676592475358,0.666302096033808,0.0673039053899781,0.151829020988552,0.27558120024332
"G3HAI0","Glycogen synthase kinase-3 beta",0.383464055084899,0.408354955404166,0.0901782764239758,0.0880595540647382,0.198341404747428
"G3HAI3","Follistatin-related protein 1",1.24632028969693,1.39819504328665,0.165223159189076,0.0354041113476504,0.126485654457168
"G3HAJ0","Golgin subfamily B member 1",0.634532989778712,0.651840383553488,0.0394752085506423,0.341452048926712,0.474601332125292
"G3HAJ2","IQ calmodulin-binding motif-containing protein 1",0.144966972583669,0.152466369909196,0.0727850557963543,0.134237097456049,0.254411984816192
"G3HAJ9","Protein MIX23",1.9672770792099,2.05519705855698,0.0625086539961064,0.165003194695181,0.288841889458562
"G3HAN1","Charged multivesicular body protein 4b",3.79668403308936,3.37183536133169,-0.179726616905258,0.264688056294575,0.398162213221548
"G3HAN3","RALY heterogeneous nuclear ribonucleoprotein",1.3549904830768,1.41726670807013,0.0652374524568465,0.3806967824051,0.51172374727304
"G3HAN5","Eukaryotic translation initiation factor 2 subunit 2",11.5330243000284,10.2118230100551,-0.17541995622101,0.0025195817664993,0.0524342233987471
"G3HAN8","Adenosylhomocysteinase",12.3608708846281,11.1367887577521,-0.149738644644366,0.0554194116452193,0.157327201676462
"G3HAN9","E3 ubiquitin-protein ligase",0.0789855871573177,0.0779677143726547,-0.0186045205773651,0.427656154806062,0.554362955126216
"G3HAP1","Microtubule-associated proteins 1A/1B light chain 3A",2.57642344561779,2.41619968663458,-0.0916890883947765,0.155947300572323,0.27956915640898
"G3HAP7","Glutathione synthetase",9.47462689640878,8.51203835849361,-0.155208021249358,0.027083036179078,0.107784687385701
"G3HAQ2","Eukaryotic translation initiation factor 6",10.7837281372822,6.562788921092,-0.715223954982398,0.00463864435393984,0.064391287179296
"G3HAQ4","Ubiquinol-cytochrome c reductase complex chaperone CBP3-like",1.42198624380848,1.42612047474606,0.00232471040629456,0.943041136835822,0.962597952116345
"G3HAQ7","Centrosome-associated protein CEP250",0.0196396307664902,0.018478650522974,-0.0877383695079086,0.0296497374178899,0.113935328516277
"G3HAQ9","Endoplasmic reticulum-Golgi intermediate compartment protein",2.55581508686969,3.14035079925658,0.296838575414685,0.00396068782015161,0.0618945007217298
"G3HAR2","Copine-1",3.69151050633249,3.55190056056863,-0.0558204143022247,0.0988517985954127,0.213468787109385
"G3HAR3","RNA-binding protein 12",0.613446737255097,0.492139844914596,-0.315444352558601,0.0724776468689886,0.176491153150824
"G3HAR4","cysteine desulfurase",2.59072456224075,2.58220850681298,-0.00472074660267729,0.774124225594433,0.837348599200871
"G3HAR5","Reactive oxygen species modulator 1",1.65501302525881,1.79022339902246,0.108611518947271,0.378100848428403,0.509052107678947
"G3HAR7","RNA-binding protein 39",9.93006819923723,9.68974844462461,-0.0355342547341828,0.164446688966538,0.288262383635178
"G3HAT2","NMDA receptor-regulated protein 1",3.54353188371842,3.30858458420517,-0.099058438707323,0.0382331968468139,0.130179562407209
"G3HAT4","RAB33B, member RAS oncogene family",0.621589049179958,0.593400883593708,-0.0669077414705292,0.0114255065166969,0.0769713299067934
"G3HAU1","Eukaryotic translation initiation factor 3 subunit E",13.6019382644344,11.6725929440739,-0.220473697334407,0.00593827151652318,0.0662513158860103
"G3HAU3","ER membrane protein complex subunit 2",3.15765366841104,3.38071078032613,0.0992434609345754,0.0896161605300178,0.20036425470539
"G3HAU7","NudC domain-containing protein 1",0.187369506214577,0.170934878024363,-0.132155170145623,0.0201562712297614,0.0954061902179031
"G3HAU8","Transcription and mRNA export factor ENY2",5.13851100237277,4.75496667225883,-0.112783515124899,0.0755049032881927,0.180639679274897
"G3HAV4","Vacuolar protein sorting-associated protein VTA1 homolog isoform X1",2.83290453676332,2.8689175708983,0.0177747386592522,0.579586268661237,0.685710583672379
"G3HAX2","RB binding protein 5, histone lysine methyltransferase complex subunit",1.27166615479618,1.28322787679202,0.0128667835496152,0.60090851803583,0.700049011439584
"G3HAZ0","SLIT-ROBO Rho GTPase-activating protein 2",0.045512676816216,0.0453976978410596,-0.000714006400151845,0.973580371756555,0.982434912378055
"G3HAZ8","Eukaryotic translation initiation factor 2D",0.205573025747976,0.257003002830165,0.320166836023336,0.029726684550473,0.113969316369339
"G3HB00","Protein kinase domain-containing protein",0.177614177544738,0.17360707956427,-0.0325926498243416,0.645751846112017,0.73690127137297
"G3HB02","Nucleolar protein 10",1.30638974615672,1.37555305215007,0.0732809515799567,0.224243751358261,0.355202951157643
"G3HB04","Protein disulfide-isomerase A6",175.804310254721,216.380532023059,0.299876630343276,0.00285622194392211,0.0552588141405047
"G3HB11","non-specific serine/threonine protein kinase",0.816663278683727,0.721912707208478,-0.177905571008923,0.000214680354842278,0.0292870881507975
"G3HB38","Putative ATP-dependent RNA helicase DDX47",2.61337043707627,2.68847214337855,0.0403960097922791,0.274627640859144,0.408887328272044
"G3HB42","Heme-binding protein 1",1.74372813540997,1.75585747682683,0.00959878035247297,0.861284525314799,0.902542049539334
"G3HB49","Phospholipid-transporting ATPase",0.0723354160391989,0.0707697393161335,-0.0309382110134653,0.443362230794736,0.568121510899686
"G3HB55","GTP-binding protein Rheb",1.51266741174945,1.39906812895464,-0.112835445074096,0.0142895582936187,0.084799914199897
"G3HB62","ATP-binding cassette sub-family F member 2",5.35030849064703,3.72296212606936,-0.522985823924242,0.00103706849024507,0.0368336553822615
"G3HB69","Cell division protein kinase 5",1.07217897781963,1.14593872473397,0.0947645060863008,0.165240943112532,0.289106867013928
"G3HB92","Leucine rich repeat containing 40",0.418344808242067,0.470930897759674,0.170466328829301,0.0155563159121858,0.0867432101377319
"G3HB95","Splicing factor, arginine/serine-rich 11 (Fragment)",1.60993882751516,1.47205486433757,-0.129078988502893,0.00496116336536655,0.0652342887500102
"G3HBB6","1-acyl-sn-glycerol-3-phosphate acyltransferase epsilon",0.546750730714351,0.569538302348128,0.0581580443078065,0.246001567588685,0.379781940368694
"G3HBD3","Nucleoside diphosphate kinase",37.4599404997651,34.9506396734768,-0.101687594093391,0.193800865027094,0.321114601606774
"G3HBD4","Nucleoside diphosphate kinase",23.6541367434738,24.7019464704881,0.0639983169789957,0.330952612388322,0.464497357930026
"G3HBD6","C-jun-amino-terminal kinase-interacting protein 4",0.426878591536956,0.410244092618279,-0.0575633997373248,0.320464119032401,0.45391172509583
"G3HBE7","Medium-chain acyl-CoA ligase ACSF2, mitochondrial",1.69693149719348,1.92848078578391,0.183474662214599,0.0470168084559187,0.144559189315262
"G3HBE9","Leucine-rich repeat-containing protein 59",43.9288753410678,38.0563465390591,-0.205476219891846,0.0623006677285852,0.164448213633734
"G3HBF1","39S ribosomal protein L27, mitochondrial",0.780283750161764,0.780908402524254,-0.000358000490846833,0.984031540239536,0.989085748058216
"G3HBG5","26S protease regulatory subunit 4",6.50935900289146,5.82935993116579,-0.158664992652948,0.02852619251313,0.111430469848482
"G3HBG8","Calmodulin",14.2852760523884,12.3256959560624,-0.209402732120564,0.10511290992075,0.220268529003846
"G3HBH4","Low molecular weight phosphotyrosine protein phosphatase",4.99782324926354,5.52144050077084,0.142003179918393,0.127852966156881,0.247483823750199
"G3HBI1","Peroxidasin",0.641120149304267,0.659535390919615,0.040795722515823,0.106216372346267,0.221090340358656
"G3HBI5","Protein NEDD1",0.250200955701886,0.274061542929847,0.131251015891368,0.0104700037691826,0.0745597927988389
"G3HBI9","Leukotriene A-4 hydrolase",1.53380539997566,1.35005919946363,-0.183431914383659,0.0262565112634631,0.10639290944166
"G3HBJ3","Sm protein F",28.2970655928491,21.7105455700586,-0.384019974884962,0.0365208657710079,0.127573568734454
"G3HBJ9","Methionine aminopeptidase 2",1.90199692123635,1.84150994156373,-0.0482139844697674,0.445896725989122,0.570102214025785
"G3HBK3","Nuclear receptor subfamily 2 group C member 1",0.0645806974345118,0.0620398792661254,-0.0633477638175401,0.58677332915085,0.690309431517714
"G3HBL0","Rae1 protein homolog",5.20509102003739,5.20090841857095,-0.00119085771546068,0.936649287570044,0.958832075084308
"G3HBL5","Cleavage stimulation factor 50 kDa subunit",0.732972184518651,0.780211369145812,0.0892361499824808,0.134175547310328,0.254411984816192
"G3HBL6","Aurora kinase",0.949541239116707,0.960942517873179,0.0169148828480541,0.511607579623131,0.62838552990775
"G3HBM4","Calcium-binding mitochondrial carrier protein Aralar2",4.15948705320982,4.32137609056922,0.0553149324753948,0.1231371845602,0.242527364387574
"G3HBN7","28S ribosomal protein S34, mitochondrial",1.99021087197345,2.41801396308466,0.280259070713288,0.00947409415793724,0.0724728542346203
"G3HBP3","Hydroxyacylglutathione hydrolase, mitochondrial",0.839963932860297,0.690688646729138,-0.283419389029506,0.00840879540680779,0.0708998710557229
"G3HBP4","Oxaloacetate decarboxylase, mitochondrial",0.246276301321792,0.260843291821612,0.0822902625056201,0.112195119677499,0.228139164982131
"G3HBP7","NADH dehydrogenase [ubiquinone] 1 beta subcomplex subunit 10",5.52617017031921,5.7544921842209,0.0584642125851773,0.0495083757400297,0.149283363605297
"G3HBP8","Small ribosomal subunit protein uS5",111.98410695491,106.00913885023,-0.0782641309060468,0.17271475611899,0.297566079478373
"G3HBQ0","Transducin beta-like protein 3",0.252490201364438,0.263021919955728,0.0590752140176076,0.150297461074321,0.273543013711665
"G3HBR6","Glycerol-3-phosphate phosphatase",0.223068808606948,0.249956404064599,0.162500353758372,0.086754691888262,0.196194563344603
"G3HBR9","Putative RNA-binding protein Luc7-like 1",0.513250113314935,0.437622174098667,-0.230947945418955,0.0155226447041622,0.0867432101377319
"G3HBS0","Family with sequence similarity 234 member A",0.136478264210059,0.14658077769835,0.103296914986189,0.0689372739262957,0.172954151288216
"G3HBS6","Large ribosomal subunit protein bL28m",1.38415088847116,1.25252500421723,-0.143898339589025,0.0187749142677458,0.0931186129012676
"G3HBS9","Rab11 family-interacting protein 3",0.180853384786853,0.167419998625109,-0.114494602588804,0.231438148344626,0.362481741932365
"G3HBU2","E3 ubiquitin-protein ligase CHIP",2.23439969683633,2.23959643549187,0.00222594123661901,0.940840509028983,0.961524636250384
"G3HBV4","Chromosome transmission fidelity factor 18",0.168864081220206,0.187621500851187,0.151399113409519,0.0501936281269918,0.150324249178474
"G3HBY2","Hematological and neurological expressed 1-like protein",4.29091733478477,3.87873074728082,-0.156179655217664,0.371612527773668,0.502134489486664
"G3HBZ8","Ubiquitin-associated protein 2-like",0.878870527589812,0.833346052094767,-0.0769742633180226,0.050125189781446,0.150324249178474
"G3HC01","Tropomyosin alpha-3 chain",27.9226526511327,22.8898429966836,-0.286515259023956,0.00994868493512229,0.0730610274700962
"G3HC03","Small ribosomal subunit protein eS27",50.3902779628069,44.30292853512,-0.183178593259568,0.225006052844037,0.355753577732174
"G3HC04","Ras-related protein Rab-13",0.319700318512147,0.331059858620891,0.0504246864763815,0.458673495030752,0.581727998434228
"G3HC12","Transcriptional repressor p66-beta",1.67617683325852,1.66446368510694,-0.0102363265772774,0.583643120535639,0.688805897190685
"G3HC14","Integrator complex subunit 3",0.259953533509332,0.259951388815731,-0.000581291747159263,0.999744284809149,0.999943616695295
"G3HC17","Interleukin enhancer-binding factor 2",7.87159784648488,7.99240279932149,0.0219086197919904,0.484791824443037,0.605899266770293
"G3HC18","Interleukin enhancer-binding factor 2",12.6062981180521,13.5426900898009,0.102020129581896,0.15803102707274,0.281125550940051
"G3HC20","Chromatin target of PRMT1",2.52686477294473,2.53166869443741,0.00240968484620363,0.93239139416239,0.957567964486505
"G3HC25","Protein S100-A13",15.8188443971663,13.1001360680744,-0.272787355814668,0.00615796660961856,0.0664103838758321
"G3HC31","Protein S100",125.731777864119,180.450410082096,0.516412800890492,0.0357934343393637,0.12690744145535
"G3HC35","Small ribosomal subunit protein mS29",2.78201651586216,3.72332645218158,0.459046406398211,0.155323121169134,0.279112373626203
"G3HC39","Farnesyl pyrophosphate synthase",4.59188168306792,4.92055254330209,0.0902531152113184,0.527943060538937,0.642788440750753
"G3HC45","Secretory carrier-associated membrane protein",1.4299633209021,1.59468237495785,0.153110361781394,0.192956751965604,0.320191496692551
"G3HC47","Glucosylceramidase",2.35223579199194,2.71639877321547,0.205798037074184,0.0625131256086353,0.1646195369096
"G3HC68","SHC-transforming protein 1",0.249666880859892,0.251726638995696,0.0114968279306464,0.677475690023914,0.7614452961132
"G3HC70","Pre-B-cell leukemia transcription factor-interacting protein 1",0.990638993730747,1.22984130190183,0.311979877286244,0.000690311767002453,0.0330067640593887
"G3HC77","Cell division cycle 5-related protein",2.84913790636023,2.63167990840216,-0.113627624813808,0.0938098620913159,0.206043307779947
"G3HC79","Alanine--tRNA ligase",0.752808460943845,0.837776896001742,0.155552207998011,0.0557495013953804,0.157456285668575
"G3HC84","Heat shock protein HSP 90-beta",181.157245997787,181.654998002095,0.000916652686054675,0.962769664471812,0.975615782303893
"G3HC95","tRNA (cytosine(34)-C(5))-methyltransferase",5.27039415093072,4.80355885614239,-0.134033448347931,0.00921762390194614,0.0723518394270431
"G3HCB0","PC4 and SFRS1-interacting protein",1.00638239817696,1.09885909074426,0.127116959965231,0.0152421758643634,0.0867432101377319
"G3HCB2","ribonuclease III",0.0647551229387443,0.0529640417979728,-0.2902541334123,0.000921717207973137,0.0359757428941437
"G3HCC2","Co-chaperone protein HscB, mitochondrial",0.199524668719473,0.188126119719244,-0.0848778085242228,0.00573312543983272,0.0662513158860103
"G3HCC4","Pseudouridine synthase 1",1.0402798633507,1.00620053626399,-0.0481880970818279,0.0926225742647658,0.20435580492035
"G3HCC7","ATP-dependent RNA helicase",0.775452439364167,0.775988204181568,0.000973400004174618,0.968320089578733,0.979440114783928
"G3HCC8","Nucleolar complex protein 4-like",1.0541455653525,1.16415557087789,0.143080768047529,0.0193186144683702,0.0940130756933143
"G3HCD3","Serine/threonine-protein phosphatase PGAM5, mitochondrial",3.38940722584548,3.53864455130585,0.0623034952064152,0.0398308364125901,0.133107603405732
"G3HCD5","Golgin A3",0.797293912294256,0.810470281073849,0.0235699059684638,0.204673078702324,0.332867247044061
"G3HCE4","Alpha-(1,6)-fucosyltransferase",0.0876572976080112,0.0918858292384618,0.0685249475381773,0.294857904254732,0.427224850883371
"G3HCF8","Endophilin-A2",1.42587665183796,1.40871811108649,-0.0180944910831951,0.669694725946976,0.756486077537809
"G3HCF9","Chromatin assembly factor 1 subunit A",0.167677016835415,0.163479910291904,-0.0366884086005483,0.317014408592312,0.450818378237562
"G3HCG1","Hepatoma-derived growth factor-related protein 2",0.412430987780424,0.353609701083107,-0.220514242269243,0.0498565068848167,0.149896055723519
"G3HCH0","Myeloid derived growth factor",16.3596639832955,20.2655887986283,0.30970984243497,0.00514969792535045,0.0657455888740427
"G3HCH1","dipeptidyl-peptidase IV",0.0361790755734312,0.0399655931420765,0.144319261115553,0.0333324514062632,0.122712560226132
"G3HCI0","Perilipin",0.424473528256799,0.496358252281187,0.221720657666994,0.108117699106253,0.222552237951186
"G3HCI2","E3 ubiquitin-protein ligase UHRF",1.69170264638644,1.86205066824341,0.13752825362636,0.0658106202896211,0.168787851424798
"G3HCI7","Scaffold attachment factor B2",0.385545420529931,0.31593300682282,-0.289424720539647,0.021006095158029,0.0967722480028275
"G3HCI9","Scaffold attachment factor B1",2.21243057875739,2.17250874346472,-0.0265372138228741,0.36411208058341,0.497015959915445
"G3HCJ0","MICOS complex subunit MIC13",0.401275470404665,0.368665154108337,-0.124544235408614,0.15203925758938,0.275795177751117
"G3HCJ1","Lon protease homolog, mitochondrial",5.53427646333973,5.44889009084839,-0.0228056803442924,0.438155184492971,0.564040539422297
"G3HCJ8","tRNA-dihydrouridine(47) synthase [NAD(P)(+)]",0.314843821908972,0.288294710455767,-0.12922130320365,0.139784189704921,0.260644948714412
"G3HCK3","ATP-dependent Clp protease proteolytic subunit",10.3224875697808,10.5354459781568,0.0299049802983569,0.394336941374528,0.523125542124671
"G3HCK5","Alkylated DNA repair protein alkB-like 7",1.45500280590376,1.50396954970791,0.0486223952189393,0.430032884068987,0.556435935464526
"G3HCK7","Transcription initiation factor IIF subunit alpha",1.14002373542016,1.14101497638832,0.00120635483974504,0.962470745653275,0.975615782303893
"G3HCK9","Far upstream element-binding protein 2",24.4809176218008,20.5605641785264,-0.252515563412225,0.00672190447373912,0.0684249127428805
"G3HCL2","Tubulin beta chain",17.664875583996,17.0512053468767,-0.0522255034228643,0.373067280654491,0.503693500746503
"G3HCL3","TNF superfamily member 9",1.79440517560144,1.57298700751019,-0.191371812305785,0.0398791357115344,0.133107603405732
"G3HCL8","Cdc42-interacting protein 4",3.65331017073518,3.43466615091093,-0.0877264421283188,0.184990371834175,0.3109808008684
"G3HCM4","CAAX prenyl protease",8.70481300738742,8.89237801776772,0.0294549436504168,0.559876527057986,0.669970230984297
"G3HCN2","CTP synthase",5.1419009416079,4.85306797456149,-0.0837230063947412,0.0802438852274902,0.187489898491512
"G3HCQ6","RNA polymerase II subunit A C-terminal domain phosphatase",0.0463253108311119,0.0439777694408323,-0.074477461875472,0.121750987090684,0.240697314703201
"G3HCS4","26S proteasome non-ATPase regulatory subunit 12",7.94430989898322,7.30372247263883,-0.113875148507549,0.377316670776273,0.508200763415769
"G3HCS8","Nucleolar protein 11",0.533352584326961,0.558889326937679,0.067577666437194,0.0235716253414768,0.102573005406838
"G3HCT1","Importin subunit alpha",9.49516660135431,8.22467936237448,-0.207656331234004,0.00518271368041803,0.0657455888740427
"G3HCT4","Probable ATP-dependent RNA helicase DDX5",76.5478331628262,76.0524076081964,-0.00950597217386751,0.613212203974375,0.710003415301718
"G3HCU7","SWI/SNF-related matrix-associated actin-dependent regulator of chromatin subfamily D member 2",1.04706574339427,1.14064833311797,0.123411218509759,0.0109463121075175,0.0763277221330436
"G3HCU8","26S proteasome regulatory subunit 8",10.9871485114987,10.3539211026062,-0.0850732446401352,0.103277073222029,0.218185026402666
"G3HCU9","pre-rRNA processing protein FTSJ3",1.89841903556243,2.15699675323699,0.183712666559462,0.0193777903198258,0.0941327492024046
"G3HCV0","RNA helicase",1.68336817683561,1.67635771794548,-0.00632752599583963,0.816940671286193,0.867481099871475
"G3HCV1","PAT complex subunit CCDC47",1.58910696745274,1.59104152044502,0.00154120986675832,0.950830370703241,0.968665648886543
"G3HCV7","Deoxyhypusine synthase",1.62222962416876,1.60478246742003,-0.015729916973002,0.726470390556424,0.799834341181695
"G3HCW0","Transportin-2",0.695512117181354,0.712916366833336,0.0355107848986452,0.263928242082073,0.397555277339648
"G3HCW3","ATPase Asna1",1.96427102721309,2.19035733689079,0.158600674986545,0.0646658157965956,0.167780221295508
"G3HCW9","Peroxiredoxin-2",11.5626096703439,11.9607229191355,0.0430800936536233,0.668759357410632,0.756195124747766
"G3HCX0","Ribonuclease",1.12584899170488,1.06839001254224,-0.0762151733954816,0.124546163824138,0.244139022502469
"G3HCX3","Deoxyribonuclease-2-alpha",0.559218003165579,0.557555115401366,-0.0044302954222375,0.847036906122889,0.892642482617541
"G3HCX5","Glutaryl-CoA dehydrogenase, mitochondrial",0.987920060914173,0.992967161542602,0.00752827740359927,0.860571142937624,0.902076923085571
"G3HCX7","Phenylalanine--tRNA ligase alpha subunit",4.07470979786429,4.12016403475521,0.0161147628958962,0.649141653542049,0.740012641146199
"G3HCX8","Calreticulin",63.9818499234494,74.8447057035368,0.225423345292721,0.0333637376175023,0.122712560226132
"G3HCY1","UV excision repair protein RAD23",0.205940009063847,0.232624014041183,0.17759036994718,0.0594009649950136,0.160587652141004
"G3HCY3","Large ribosomal subunit protein mL64",1.3504019674749,1.28568960714763,-0.0710754430979759,0.0774214816626832,0.183130529416962
"G3HCY7","tRNA (guanine(26)-N(2))-dimethyltransferase",0.195846434450141,0.220351865457712,0.170058990751982,0.000469050466367112,0.030127760075788
"G3HCZ6","Chromosome 3 C19orf53 homolog",1.07123530326034,1.20885677244424,0.17108011312544,0.173647706805445,0.298816902147981
"G3HD12","cAMP-dependent protein kinase catalytic subunit alpha",4.07137103627669,4.24597398646267,0.0607986238336635,0.171120889462977,0.295684882309027
"G3HD16","Serine/threonine-protein kinase N1 (Fragment)",0.102560318279971,0.090881050919797,-0.175236551096495,0.025345789441738,0.105381810262729
"G3HD18","ATP-dependent RNA helicase DDX39",31.7051692294509,34.9204948484879,0.138869898636612,0.0346891710277717,0.125112775247793
"G3HD20","GIPC PDZ domain containing family member 1",0.479385554350901,0.446589684212098,-0.10112864784361,0.470483035412955,0.593008052241637
"G3HD21","DnaJ heat shock protein family (Hsp40) member B1",0.542969693538386,0.491252573490899,-0.14570207631496,0.0764901081356359,0.181826982904811
"G3HD22","Trans-2,3-enoyl-CoA reductase",2.19005539698058,2.32801267700135,0.0864455380575921,0.225007978993553,0.355753577732174
"G3HD23","NADH dehydrogenase [ubiquinone] 1 beta subcomplex subunit 7",0.651359257318801,0.656626625165872,0.011524931634831,0.555774173915735,0.665847471339433
"G3HD44","Vacuolar protein sorting-associated protein 4B (Fragment)",1.18785260432939,1.05514241128278,-0.170788799694321,0.00349979408005726,0.0588633707836766
"G3HD45","3-dehydrosphinganine reductase",3.90239246177065e-08,3.67740558510687e-08,-0.0872383693844085,0.251021819103852,0.38469323651126
"G3HD51","LisH domain and HEAT repeat-containing protein KIAA1468",0.136599009266355,0.146208740700887,0.0976708380647997,0.060102342380999,0.161436136319567
"G3HD57","Syndecan binding protein",1.37959119825931,1.45340599158625,0.0740827016191493,0.383435763019397,0.51416646587577
"G3HD63","Golgi-resident adenosine 3',5'-bisphosphate 3'-phosphatase",1.27025084267584,1.26568428613744,-0.00554845745876914,0.918790510475727,0.948255269368565
"G3HD84","3-hydroxyisobutyrate dehydrogenase",8.20746263574726,5.98271843136965,-0.456310201201316,6.7751540589931e-05,0.0291925759063368
"G3HD93","Cancer-associated gene 1 protein-like",8.03366217849402,8.70774047123078,0.112231826900341,0.30302302209462,0.436786414707447
"G3HD97","protein disulfide-isomerase",13.4436415879655,15.1899338484906,0.176071938841051,0.00470793375917645,0.064391287179296
"G3HDA0","Eukaryotic translation elongation factor 1 epsilon-1",1.67521777371269,2.35871675014307,0.414333187574024,0.372153726307145,0.502662841787738
"G3HDA3","Leukocyte surface antigen CD47",2.18014079166238,2.40877736681181,0.144199285527979,0.0121923558662995,0.0793926363511762
"G3HDA4","HMG box transcription factor BBX",0.214212893077097,0.210653890786115,-0.023903758611278,0.387082941122515,0.516985875473687
"G3HDB3","Splicing factor, arginine/serine-rich 6",9.85163380599464,11.4795385606353,0.2204097463908,0.016154791999339,0.0880620339117062
"G3HDC4","M-AAA protease-interacting protein 1, mitochondrial isoform X1",0.0787790457336464,0.0845600806435621,0.102292703966814,0.0266287407280132,0.107251979803442
"G3HDC9","Pumilio domain-containing protein C14orf21-like",2.81310868342168,3.04102341921627,0.112357126925559,0.00327380114608015,0.0581326932615225
"G3HDD0","Dehydrogenase/reductase 1",1.20585863237423,1.23136258430592,0.0308001267837157,0.473762047641712,0.596120892276996
"G3HDD1","Geranylgeranyl transferase type-2 subunit alpha",1.01349331416178,0.985149560950611,-0.0411824660025187,0.333078225755863,0.4662537940631
"G3HDD3","GMP reductase",0.142706902661331,0.135041890386744,-0.0812219866636412,0.22904828364147,0.359411441794656
"G3HDD8","Importin-4",2.81842158641047,2.86204505602844,0.0216573797844579,0.502214477692498,0.620033883008775
"G3HDE3","Proteasome activator complex subunit 2",1.69845428367578,1.67876404694511,-0.0172495054489995,0.574150410443461,0.681132008222425
"G3HDE5","Proteasome activator complex subunit 1",7.03353410419146,7.42467443714865,0.0776622380463383,0.0937655240738799,0.206043307779947
"G3HDE8","phosphoenolpyruvate carboxykinase (GTP)",8.56211587260331,10.6616560772746,0.316651129481374,0.000543590552217606,0.0308372470893615
"G3HDG3","Neuroguidin",5.5950470019065,5.60821835696167,0.00305533799989632,0.895007692694231,0.93030768554273
"G3HDG6","Paraspeckle component 1",3.90680124910357,3.90680713454062,-0.000227681918172573,0.999943616695295,0.999943616695295
"G3HDJ2","Pumilio RNA binding family member 2",1.17768250946383,1.10662703414772,-0.0906942302542363,0.122697042687787,0.242281417036002
"G3HDK4","FAST kinase domain-containing protein 2",0.22604689106812,0.269376920854151,0.25375687566476,0.014186772913601,0.0846401585415734
"G3HDL6","Elongation factor 1-beta",48.830465023257,40.6830429193847,-0.267672424556592,0.0620141348504887,0.164176339229791
"G3HDL7","NADH-ubiquinone oxidoreductase 75 kDa subunit, mitochondrial",4.03909891285611,4.26911670667103,0.0798696697256758,0.0060582446666297,0.0664103838758321
"G3HDM0","Neuropilin",0.0439390180866593,0.0456077537498904,0.0457675331448719,0.685799939454053,0.768454100218519
"G3HDM7","NADH dehydrogenase [ubiquinone] 1 alpha subcomplex subunit 5",3.42901566572661,3.60227283365456,0.0709791357316938,0.0387162180844227,0.131142705940285
"G3HDP3","Sperm-specific antigen 2-like",0.206656782363889,0.220053138721024,0.0906619481669111,0.00541029177021362,0.0662513158860103
"G3HDQ1","UTP--glucose-1-phosphate uridylyltransferase",0.836052333430419,0.809114409256386,-0.0472070920981308,0.34274659464265,0.47600533289168
"G3HDQ2","Malate dehydrogenase",13.3329352325049,12.1909038069619,-0.130086402922644,0.0620461764983967,0.164176339229791
"G3HDQ7","EH domain-binding protein 1",0.0594175133534835,0.0674991796038733,0.183897214906195,0.00183866547883287,0.047888687356885
"G3HDR1","COMM domain-containing protein 1",0.382057317992006,0.489675186679199,0.354325481970839,0.0505247235735307,0.150324249178474
"G3HDR3","T-complex protein 1 subunit delta",28.0064044794012,24.6003516356878,-0.187588223531133,0.0166923558360752,0.0888026626267328
"G3HDR8","Activator of basal transcription 1",0.318069037671229,0.431727453493003,0.433673297782236,0.070489399513727,0.173971053693706
"G3HDS7","Histone H1.3",8.60981989139419,9.55337701845906,0.148036237172636,0.191273491092415,0.318662207409813
"G3HDU1","Histone H1.2",1.97820267118373,2.08507865564603,0.0782243921511209,0.327783585578243,0.462322655259326
"G3HDV7","Leucine-rich repeat-containing protein 16A",0.214860708673857,0.218677202253204,0.0254840535831038,0.154566549215811,0.278436081929666
"G3HDV8","60S ribosomal protein L4",10.9172580646135,9.10925488001636,-0.26212972745309,0.0115333290685039,0.0770500047750151
"G3HDW6","Succinate-semialdehyde dehydrogenase",0.448993824343264,0.550153017222569,0.292568591846951,0.0084522280899844,0.0708998710557229
"G3HDZ2","Interferon-related developmental regulator 1",0.421891037788877,0.400135019897355,-0.0759866812543002,0.256246177943122,0.391077008471494
"G3HDZ6","Protein pelota homolog",0.914469269130524,0.847139037267489,-0.110635912320082,0.02332057064872,0.102117657819951
"G3HE03","Four and a half LIM domains 3",2.27346861021106,2.11161550288391,-0.107120736700747,0.0565947559863757,0.158696726545291
"G3HE04","Splicing factor 3A subunit 3",5.3694946960709,5.36172032047246,-0.00223570258642658,0.898482686053683,0.932805170045044
"G3HE13","Borealin",0.745347269212927,0.588680769853563,-0.333184093891872,0.106753197352354,0.221240217670793
"G3HE17","Nucleolar GTP-binding protein 2",1.02999708972681,1.00258950479218,-0.0390126932496776,0.118187864319382,0.235910296175499
"G3HE28","Mitochondrial-processing peptidase subunit beta",5.28711955966682,5.33863458827027,0.0143213423818893,0.612948850620445,0.710003415301718
"G3HE29","DnaJ homolog subfamily C member 2",2.03337725186907,1.85424336019778,-0.134897420280263,0.118293448664134,0.235910296175499
"G3HE31","26S proteasome regulatory subunit 7",17.3856303266853,16.3689780296338,-0.0880268022194253,0.154162855514928,0.278220454105715
"G3HE36","non-specific serine/threonine protein kinase",0.687177564168222,0.631494601391261,-0.12083216917644,0.163291015010679,0.286744505372898
"G3HE38","Protein arginine N-methyltransferase 3",0.41356983693622,0.396144980880524,-0.0624272669346697,0.098993405381111,0.213486422558362
"G3HE39","Oxidoreductase HTATIP2",0.19948562487008,0.195730613696899,-0.0271940618009121,0.294663545154133,0.427224850883371
"G3HE62","Mitochondrial pyruvate carrier",2.41850440280435,3.3566743713563,0.472837821949146,0.000934381054584522,0.0359757428941437
"G3HE84","Microtubule-associated protein RP/EB family member 1",4.98212126100357,4.85588162574073,-0.0394891883064892,0.589913266401666,0.692286934002624
"G3HEA1","p53 and DNA damage-regulated protein 1",0.365587689119218,0.415876214212254,0.183451308306337,0.101547886631054,0.216760699332997
"G3HEA6","TPX2 microtubule nucleation factor",0.85651182644841,0.807299500626543,-0.0845714876795303,0.135407869942685,0.255906347091002
"G3HEA9","Minor histocompatibility antigen H13",0.414673018228613,0.388457500266962,-0.101502099345446,0.441340858392461,0.566615977383801
"G3HED1","Protein tyrosine phosphatase type IVA 1",0.347280629605311,0.356990107735126,0.0386026743862771,0.490255904280136,0.609649298173999
"G3HED4","Transmembrane emp24 domain-containing protein 5",4.74172110392798,4.73725864429685,-0.0010599829460558,0.962479631039499,0.975615782303893
"G3HED6","Protein Dr1",1.65625313519647,1.79856377386692,0.119293547854662,0.156107655969699,0.279706811847208
"G3HED9","ATP synthase subunit e, mitochondrial",9.65885257356968,10.1890182703119,0.0779296814960797,0.150103621150997,0.273467519562239
"G3HEE4","Cyclin G-associated kinase",0.212567299663871,0.225945747892108,0.0881159141721075,0.0135596128943573,0.0832981821597365
"G3HEE8","Alpha-L-iduronidase",0.055818472276719,0.055109245379837,-0.018966552259549,0.596441489457143,0.696318232375288
"G3HEG0","Calcineurin subunit B type 1",1.00774425400722,0.73431408292504,-0.458137789937983,0.00267811467588595,0.0544483477224591
"G3HEG1","RNA-binding protein PNO1",3.25334574139387,3.40314206658303,0.0644136761913423,0.220470292642269,0.350719614768856
"G3HEG2","Dynein axonemal assembly factor 10",0.0602115063579241,0.0562048490916203,-0.0992860418761303,0.00727931409386534,0.0689292288771211
"G3HEG3","Nuclear nucleic acid-binding protein C1D",0.0484117682312721,0.0474881886339711,-0.0283616594749576,0.583185837343086,0.688751939868493
"G3HEH3","Enhancer of mRNA-decapping protein 3",4.16592725590267,4.53896374027621,0.123322325283497,0.0344612896770958,0.124739133301465
"G3HEH6","Ubiquitin like 7",0.554498129540757,0.486683691908742,-0.187159977387667,0.0447623324746253,0.141667885599778
"G3HEI4","Putative transcription factor PML",0.283653225623939,0.266040203819838,-0.0934346046129857,0.130574555445447,0.250448731848659
"G3HEI9","CD276 antigen",0.371703101714202,0.331599150186401,-0.178384033722745,0.474115652755647,0.596341634638539
"G3HEJ1","Neuroplastin",0.253867332006757,0.25490839756442,0.00421576041465022,0.923542921580794,0.951692782798927
"G3HEJ4","Neogenin",0.104193553747141,0.113121384268311,0.118195444502957,0.0457726117065296,0.143051611310503
"G3HEJ5","ADP-dependent glucokinase",3.15790090693543,3.46720820923155,0.134375961241875,0.0323741636764665,0.120308423736673
"G3HEJ8","ADP/ATP translocase",151.002205052255,161.249817356308,0.0946572190654562,0.00903632355270831,0.0721827563983645
"G3HEK2","KRR1 small subunit processome component homolog",0.484199733467795,0.542096223054294,0.162138255337539,0.0410980528834069,0.135506304849886
"G3HEN3","Protein HIRA",0.837915762900944,0.63653178353494,-0.39979492399048,0.0404082336499886,0.133985875276402
"G3HEN9","Septin-5",1.02190161919311,1.12255552332547,0.134721481753735,0.0631231409130456,0.165574700324458
"G3HEP7","Catechol O-methyltransferase",2.57499774002848,2.83617938849407,0.139134757901816,0.0164402437272899,0.0886078836638311
"G3HEQ0","Microprocessor complex subunit DGCR8",0.453610638426001,0.422791328289169,-0.101579253729653,0.0355988904985517,0.126485654457168
"G3HEQ1","Microprocessor complex subunit DGCR8",0.303182766980439,0.271541045976973,-0.175470984363088,0.406041871164982,0.533443865834775
"G3HEQ2","tRNA (uracil(54)-C(5))-methyltransferase",0.368782899880974,0.372463096051869,0.0132080255272362,0.831393294923477,0.879479569566649
"G3HEQ3","Ran-specific GTPase-activating protein",41.2666712621365,33.8154683397926,-0.292300193843248,0.0575301657030834,0.159477178355367
"G3HER1","Citrate transport protein",1.00668294862136,1.30198212224918,0.357121700132989,0.159451568538742,0.282522180994796
"G3HES3","Exportin-2",41.278561245194,48.5885906633719,0.235444558358751,0.00133623740089573,0.0399320230428393
"G3HES5","Double-stranded RNA-binding protein Staufen homolog 1 isoform X2",2.09885062849159,2.15902443237307,0.0395582295667467,0.486473493595332,0.607547307113274
"G3HES6","RNA helicase",4.48737735079609,5.10191436851012,0.184402039287852,0.0293136763894886,0.113294312789398
"G3HET8","Ubiquitin-conjugating enzyme E2 variant 1",30.2925636621948,35.9514437857835,0.239697736662961,0.171590694184354,0.296190847568351
"G3HEU2","protein-tyrosine-phosphatase",1.51868926963135,1.6567040581952,0.124540052556688,0.0814264373908546,0.189128581503949
"G3HEU4","Partitioning defective 6-like beta (Fragment)",0.246120285721887,0.25425841528614,0.0459988689057209,0.358805422343038,0.491777947822337
"G3HEU6","Activity dependent neuroprotector homeobox",0.783566248589451,0.703652218292115,-0.154431214774288,0.0443273795028047,0.140762560906914
"G3HEU9","Dolichol-phosphate mannosyltransferase subunit 1",1.10547923198454,1.08758235569493,-0.0228305395657154,0.598872163676696,0.698280727139669
"G3HEV1","Protein FAM98A",1.76346104288042,1.84789119405329,0.0673011783370044,0.231711918196467,0.362740781199052
"G3HEV3","Latent-transforming growth factor beta-binding protein 1",0.195444819991285,0.201945559658761,0.0484047918753125,0.395875723262409,0.524609175854579
"G3HEV5","Tetratricopeptide repeat protein 27",0.861600052696844,0.912007892171181,0.0801844712363012,0.409837895037583,0.53696746139586
"G3HEV6","Baculoviral IAP repeat-containing protein 6",0.100336075686925,0.116643038362712,0.216754012660741,0.0128237323280379,0.0811024173353538
"G3HEW0","Protein dpy-30 homolog",4.88721526846486,5.51971114286454,0.174614377117438,0.0455767539667001,0.142966631233875
"G3HEX6","Armadillo repeat-containing protein 8",0.236961494483616,0.21664073317313,-0.129344665747372,0.0155850279353301,0.0867432101377319
"G3HEY8","Nucleotide exchange factor SIL1",1.52387623712336,1.69611410791565,0.154755531852623,0.022238553339425,0.0997718625514562
"G3HEY9","Catenin alpha-1",0.0690382833760254,0.0824775695099334,0.256763480322631,0.00137937614690793,0.0404979996815864
"G3HEZ0","Stress-70 protein, mitochondrial",49.5151685952432,44.6994736736243,-0.147771477067676,0.00377094813642505,0.0611730832578931
"G3HEZ1","Eukaryotic peptide chain release factor subunit 1",4.305668942083,3.5246703404467,-0.285703558642401,0.0550573422493449,0.156950408283659
"G3HEZ4","Lysine-specific demethylase",0.103832495231328,0.112052675302884,0.110348154381667,0.0377779609864723,0.129552085473077
"G3HEZ7","Cell division cycle protein 23-like (Fragment)",0.504189454974838,0.448758157395432,-0.168032929128924,0.000210678987797102,0.0292870881507975
"G3HEZ8","Kinesin-like protein KIF20A",0.421918955388849,0.427878916491597,0.0208724045504087,0.684241610905344,0.766964725954517
"G3HF04","Receptor expression-enhancing protein (Fragment)",3.32202256080823,3.38711905443157,0.0282646723377553,0.330002326960993,0.464127199506563
"G3HF18","RNA helicase",1.17615556473865,1.12819219396385,-0.0619755866589971,0.393841027805825,0.522674829526604
"G3HF36","Ubiquitin-conjugating enzyme E2 R1 (Fragment)",0.205429038792227,0.226299925607692,0.139647276996643,0.0145433041660844,0.0852477041048763
"G3HF38","Basigin",12.4079969029786,12.1461979364215,-0.0303784048903668,0.34956650531364,0.483071467087016
"G3HF40","DNA-directed RNA polymerase",0.477888466947651,0.475623996951183,-0.00712506891844322,0.78347464424106,0.84372253355046
"G3HF46","Polypyrimidine tract-binding protein 1",33.9106208091668,33.3703215568687,-0.0243078347970549,0.736256670721663,0.808746661275157
"G3HF54","WD repeat-containing protein 18",0.720167038728434,0.676875946582653,-0.0902981056166016,0.119742985792944,0.237851497595836
"G3HF56","Calponin",1.75957015424237,2.03743834524998,0.209039328842085,0.0818761679400771,0.19004128578047
"G3HF59","DNA-directed RNA polymerase II subunit E",0.911195751613469,0.821867765239962,-0.148415679710186,0.0410660704466213,0.135506304849886
"G3HF60","Glutathione peroxidase",0.798800851477463,0.976175182773069,0.289421846538944,0.00051689180483642,0.0301563642306564
"G3HF74","NADH dehydrogenase [ubiquinone] iron-sulfur protein 7, mitochondrial",0.992655567186719,0.989380233661534,-0.00466266587909923,0.855759952745906,0.899851888734071
"G3HF76","DAZ-associated protein 1",6.18259308383211,6.52758517228912,0.0776923437241872,0.16151137668188,0.284789031934136
"G3HF77","Small ribosomal subunit protein uS19",5.40329449096542,5.89208188242084,0.125874622852699,0.12799357601183,0.247483823750199
"G3HF87","Methyl-CpG-binding domain protein 3",3.00698722450022,3.05496594477073,0.0221790446053727,0.543938654146109,0.656295124523081
"G3HFA8","AP-3 complex subunit delta-1",0.216750743012231,0.226985505518896,0.0663133662156379,0.0718668310534721,0.175703640274632
"G3HFB4","Splicing factor 3A subunit 2",1.06252638911485,0.910571503911952,-0.222958956521877,0.00587179945605314,0.0662513158860103
"G3HFB8","U6 snRNA-associated Sm-like protein LSm7",3.2225047447445,2.45819027466116,-0.396936945247583,0.0386283131478136,0.131124710046381
"G3HFF0","Solute carrier family 2, facilitated glucose transporter member 1 (Fragment)",5.31612705119512,4.59362043758229,-0.210834955849181,0.000478241691717114,0.030127760075788
"G3HFG4","60S ribosomal protein L4",64.31705280983,62.3679711021563,-0.0450108562351028,0.379587996222662,0.510717608209477
"G3HFG7","Putative hydroxypyruvate isomerase",1.45877307395642,1.4404458857784,-0.0188232715135898,0.634512835438735,0.727729612300156
"G3HFH0","Mediator of RNA polymerase II transcription subunit 8",0.047801664886449,0.0544836677619709,0.189171876626749,0.00701468464281475,0.0689292288771211
"G3HFH8","EBNA1 binding protein 2",2.95621991684517,2.85994135393599,-0.0479127972756519,0.319520351462182,0.453150261162679
"G3HFI4","CYFIP-related Rac1 interactor A",1.14662539766551,1.05571570069895,-0.119352517727247,0.0123169443295524,0.0798930478120385
"G3HFI6","ATP-dependent RNA helicase DDX1",8.9079763604246,9.62738777065318,0.110860874071197,0.12464622134035,0.244139022502469
"G3HFJ1","m7GpppX diphosphatase",0.90182697954694,0.949323361027445,0.0728373275068795,0.229921938755908,0.360444369562541
"G3HFJ5","SRP receptor subunit alpha",4.87908901236738,4.62006348222956,-0.0793356087244796,0.115810364811068,0.232725893840234
"G3HFJ7","Pseudouridylate synthase RPUSD4, mitochondrial",0.234964264482107,0.278286787064259,0.244970594580519,0.0184094081827985,0.0926896737397719
"G3HFL6","Pyruvate dehydrogenase E1 component subunit beta, mitochondrial",6.0751951216972,5.4517743518364,-0.156207202600576,0.0127922178295916,0.0811024173353538
"G3HFL8","PX domain-containing protein kinase-like protein",0.152549066233105,0.152755427653883,0.00214976955106039,0.930826309868656,0.95662853972456
"G3HFM4","Filamin-B",9.46746737123652,10.2346106825384,0.112190347519714,0.0211695216763098,0.0967956134571158
"G3HFM5","Multidrug resistance-associated protein 1",0.634551533196625,0.621411055166024,-0.030046212325722,0.333234648349487,0.466277745830156
"G3HFN7","Pyridoxal-dependent decarboxylase domain-containing protein 1",1.39347535735904,1.60292294530392,0.202010563097996,5.61368474074295e-05,0.0291925759063368
"G3HFP0","Adrenal ferredoxin",5.50634863746454,5.11300809541533,-0.107531410028451,0.0582753730279769,0.159613480789393
"G3HFP1","Radixin",39.239147227113,48.1869394219262,0.293210630221978,0.058248702774155,0.159613480789393
"G3HFP5","ATP-dependent RNA helicase",1.3251083055163,1.41896877168119,0.098272182281944,0.0654964411720441,0.168694556564365
"G3HFP8","KDEL motif-containing protein 2",4.56079075331483,5.49764669372192,0.269217696494136,0.00569607102138954,0.0662513158860103
"G3HFQ2","Serine-protein kinase ATM",0.057639214997466,0.0514676278801884,-0.16346857128365,0.00107128427783453,0.0371949437155595
"G3HFQ4","Dihydrolipoamide acetyltransferase component of pyruvate dehydrogenase complex",29.3721871492815,26.1743260052601,-0.165940281570244,0.018535654833043,0.0928725100691541
"G3HFQ7","Translation initiation factor eIF2B subunit beta (Fragment)",3.02502359981936,3.16198712631644,0.0639001333633373,0.0540027627431105,0.155886030129296
"G3HFR3","Transmembrane emp24 domain-containing protein 10",3.17902982902031,3.35505579579386,0.0780885118996817,0.0729062585707087,0.176932763363146
"G3HFT8","Clathrin interactor 1",0.751084830358374,0.75732002744248,0.0111746300149994,0.766039145682547,0.831486804569635
"G3HFU8","Gem-associated protein 5",0.30087443285202,0.277155742865117,-0.117787119632778,0.0665262206197778,0.169712850925607
"G3HFV1","La-related protein 1",1.15030454640221,1.14858871808817,-0.00254419417904952,0.947195030264666,0.96578690852526
"G3HFW3","AT-rich interactive domain-containing protein 1B",0.0289296887465984,0.0291368523165937,0.00940281191072057,0.862589892122286,0.903344295661231
"G3HFW9","Sorting nexin",2.94958979571955,2.40305643748208,-0.291222389086444,0.0757906095996913,0.180935214215525
"G3HFY1","Protein phosphatase 1F",0.810377219690406,0.724074652838643,-0.164127446028935,0.0680152327854308,0.171938809768004
"G3HFY4","RING-type E3 ubiquitin transferase",0.439408982520408,0.478077576370429,0.118583696182306,0.243535289529307,0.377891800674358
"G3HFY6","Stromal cell-derived factor 2-like protein 1",0.318612542613836,0.348876558082705,0.131004785763436,0.00284671838495031,0.0552588141405047
"G3HFY9","E2 ubiquitin-conjugating enzyme",0.369970737447386,0.36349999391045,-0.0261584490084488,0.561192894049577,0.670525429514238
"G3HFZ6","1-phosphatidylinositol 4-kinase",0.616851177933788,0.689389850956485,0.160324102881689,0.0109447690020416,0.0763277221330436
"G3HFZ8","Synaptosomal-associated protein 29",0.757242213719686,0.769908470180025,0.0241360587730857,0.572983426266865,0.680062243870637
"G3HFZ9","CRK like proto-oncogene, adaptor protein",0.362952789780543,0.35339148703974,-0.0417147518973167,0.645391609712258,0.73690127137297
"G3HG08","Sphingomyelin phosphodiesterase 4",2.14584388554909,1.85114989382511,-0.213589443554168,0.00676072311610484,0.0684249127428805
"G3HG10","Mediator of RNA polymerase II transcription subunit 15",0.0725083731864926,0.0706955052950496,-0.0365117352214228,0.018821951900778,0.093190936408142
"G3HG25","Laminin subunit gamma-1",3.82535547194064,3.96334971056789,0.0509013498893591,0.135253616443315,0.255903818109539
"G3HG27","Pre-mRNA-splicing factor SPF27",1.17151946488388,1.07969475294129,-0.115816217627775,0.201336928265581,0.329493645487168
"G3HG37","TSC22 domain family protein 2",0.0761529067376589,0.077570082850335,0.0268426240734083,0.484631015460077,0.605899266770293
"G3HG40","Eukaryotic translation initiation factor 2A",3.87378543998518,3.98621473456133,0.041847608067163,0.283072329420367,0.415929749064579
"G3HG45","Citrate synthase, mitochondrial",1.60539321432031,1.33779269761405,-0.269245228095173,0.0885140762332538,0.199094350726363
"G3HG54","Kin of IRRE-like protein 1",0.192074810754071,0.202288969999959,0.0746347112294763,0.0257310380066374,0.105670900868976
"G3HG68","Proline-rich protein PRCC",0.0470221904736929,0.0442405304722551,-0.088302395564706,0.0520837943680653,0.15273275382181
"G3HG69","Hepatoma-derived growth factor",0.909673198294035,0.891141669667828,-0.0297075348065926,0.481863229684434,0.60354270323195
"G3HG71","Large ribosomal subunit protein uL24m",0.259378053830408,0.259630307817821,0.00130293182969443,0.94215559643122,0.962280982989104
"G3HG77","G patch domain-containing protein 4",0.204166141394159,0.191667254519799,-0.0910001630343547,0.166136059081692,0.290376785072546
"G3HG78","NAD(P)H-hydrate epimerase",5.38810382516704,5.97884239508887,0.148366730888362,0.105661218179422,0.220616405019667
"G3HG79","IQ motif containing GTPase activating protein 3",0.084205288168958,0.0911746373918805,0.114934950617647,0.0256034431633274,0.105472687075892
"G3HG83","T-complex protein 1 subunit gamma",54.4604645634094,45.6645094066511,-0.254468894792664,0.00234829353542769,0.0524342233987471
"G3HG87","Glycosylated lysosomal membrane protein",1.64951522397175,1.98858266411516,0.269887493381947,0.000768630914603704,0.0343014356157146
"G3HG95","Lamin-A/C",76.4589439934969,80.5942785398482,0.0749087243739215,0.246353784159114,0.379881762200751
"G3HGA0","Ubiquilin-4",0.871670997572231,0.842347853895567,-0.0494715475710935,0.108444105626775,0.222813027337517
"G3HGA1","Ubiquilin-4",0.903516370346372,1.10932422997083,0.296916233763239,0.0123516164190842,0.0799629790225819
"G3HGA3","Rho guanine nucleotide exchange factor 2",0.868054590256431,0.838741420041747,-0.0498737083565976,0.139862558511866,0.260645870456133
"G3HGB3","dolichyl-phosphate beta-glucosyltransferase",1.56972014778972,1.69434472992837,0.109440226641286,0.0901036164930215,0.200644761043093
"G3HGC0","Doublecortin like kinase 1",0.650773221741231,0.744283845778648,0.193714021186564,0.000629149478316243,0.0322273454798466
"G3HGD0","Cell division cycle protein 27 homolog",1.66580848859132,1.45414508122678,-0.18878690846271,0.22747282641395,0.357946191822985
"G3HGE8","DDB1 and CUL4 associated factor 7",0.530902129568048,0.549822957125003,0.0504056661389864,0.0567062044920448,0.158756232760104
"G3HGF4","STE20-related kinase adapter protein alpha",1.53619741549114,1.64404009230731,0.0977483834622787,0.0171039978656691,0.0898698286599601
"G3HGG6","Fidgetin-like protein 1",0.0347028187271914,0.0375534487137306,0.113783178239699,0.0081095808762756,0.0708998710557229
"G3HGH4","Small nuclear ribonucleoprotein Sm D1",53.4729510129969,70.2741511078068,0.393401316163804,0.00738296657050023,0.0689292288771211
"G3HGI3","PHD finger protein 6",0.35285660929378,0.32997001724632,-0.096304398691925,0.0869294395437149,0.196457011581913
"G3HGK7","Acylglycerol kinase, mitochondrial",2.15549381301692,2.40838480536061,0.159388731969967,0.0340396183363881,0.123837611491186
"G3HGL0","Single-stranded DNA-binding protein",3.67121502951715,3.19915230166712,-0.196580260182438,0.0739892672519015,0.177935585664532
"G3HGM6","Aspartylglucosaminidase",1.34384020906908,1.44224354428653,0.10351914561911,0.202708019071602,0.3307965576951
"G3HGP4","acetyl-CoA C-acetyltransferase",2.64465049670315,2.75388235624876,0.0570335691843527,0.335909796302048,0.469040504056302
"G3HGP6","T-complex protein 1 subunit alpha",32.3002331146198,29.7051791988633,-0.120387373526035,0.0393409799302189,0.132602477166609
"G3HGP7","39S ribosomal protein L18, mitochondrial",2.79924476046142,2.48107848645271,-0.169908060065678,0.177702264387781,0.303453815768317
"G3HGQ1","Cation-independent mannose-6-phosphate receptor",1.04260278661644,0.980197242971461,-0.089139902856393,0.00951855823675776,0.0724728542346203
"G3HGQ5","Mitogen-activated protein kinase kinase kinase 4 (Fragment)",0.0205564647455832,0.0213495229181181,0.050175404697236,0.577756023827649,0.684270846337984
"G3HGQ9","1-acyl-sn-glycerol-3-phosphate acyltransferase delta",0.740307505874011,0.779749764596724,0.0731313079844026,0.316603233893353,0.450540401292964
"G3HGR7","Transmembrane 9 superfamily member (Fragment)",1.64834141549915,1.86617260960139,0.179353284357811,0.0186702705162515,0.0931186129012676
"G3HGS0","Citrate lyase subunit beta-like protein, mitochondrial",0.884447216130881,0.912668189450579,0.045370799307389,0.0579232545310267,0.159613480789393
"G3HGS2","Propionyl-CoA carboxylase alpha chain, mitochondrial",1.61930757506015,1.73571358546276,0.100146975990998,0.0211619390898067,0.0967956134571158
"G3HGT4","Uncharacterized protein KIAA0564-like",0.603214544993496,0.642254008054297,0.0904202494791551,0.0056991100153431,0.0662513158860103
"G3HGU3","Disabled-like 2",0.383593656046592,0.413933531902224,0.10960153205824,0.0507069248050483,0.150324249178474
"G3HGU6","Rapamycin-insensitive companion of mTOR",0.0303530433835802,0.0285010468878991,-0.0910717168953168,0.120531708877127,0.23913433883328
"G3HGV7","RNA-splicing ligase RtcB homolog",9.96510109319902,8.73472330908469,-0.189989841939372,0.00288202512345742,0.0554375752196092
"G3HGW1","GTP-binding protein 5",0.729768232302642,0.895429382061622,0.29509099482204,0.000311228018559354,0.030127760075788
"G3HGW3","Oxysterol-binding protein",0.0560717280493498,0.0593906428021664,0.0811142548241461,0.285750741815018,0.419661137716045
"G3HGW5","Adhesion regulating molecule 1",11.520770809354,10.4711696604946,-0.0781362719651963,0.741176701937893,0.812789788405097
"G3HGW6","Laminin subunit alpha-5",0.976618709342057,1.20038110342748,0.296696524723783,0.0166966204394399,0.0888026626267328
"G3HGW7","40S ribosomal protein S21",154.510516916928,136.235773476013,-0.184634738588313,0.0973654683014749,0.211523288221677
"G3HGX3","Opioid growth factor receptor",0.275012198034195,0.271747319651282,-0.0174251976694269,0.777554814931638,0.839237654168395
"G3HGX7","GID complex subunit 8 homolog",0.429272184401084,0.460125803315147,0.0998843563259229,0.0361912937715493,0.127239769173714
"G3HGX9","YTH domain-containing family protein",2.35668929543581,2.32733565013705,-0.0192496276179335,0.818311985436592,0.868111003250799
"G3HGY3","ADP-ribosylation factor GTPase-activating protein 1",0.195574043989769,0.226551732093491,0.212080535133656,0.00248120336136886,0.0524342233987471
"G3HGY8","Elongation factor 1-alpha",105.963791802684,81.0692242117126,-0.393612595630846,0.0417985443582858,0.136354510689262
"G3HGZ5","Glucocorticoid modulatory element-binding protein 2",0.105576172537418,0.130684679167273,0.308093285049751,0.000978283698181285,0.0363812837534751
"G3HGZ8","ADP-ribosylation factor-related protein 1",0.621579105396668,0.673822259100642,0.116849418658198,0.135623305360182,0.25616885047434
"G3HGZ9","Zinc finger CCCH-type with G patch domain-containing protein",0.306320660994795,0.356942568054107,0.21979234795946,0.0260053831174951,0.106017073440019
"G3HH02","Uncharacterized protein C20orf135-like",4.7949927055652,4.84761867360586,0.0163321522783733,0.706040349392141,0.784788984490733
"G3HH07","Pre-mRNA-processing factor 6",4.28694672918733,4.09828422867234,-0.0649686631814057,0.0635863764799087,0.166138643308551
"G3HH11","N-acylneuraminate cytidylyltransferase",1.73513448425515,1.74532610642298,0.00826520326779234,0.751801172888303,0.820704020109964
"G3HH18","ATP-dependent DNA helicase",3.90518446814564e-08,4.2833623699698e-08,0.133252472964667,0.00479317353778175,0.0644287222126728
"G3HH22","Coiled-coil-helix-coiled-coil-helix domain containing 3",7.17841416777589,6.93328975943907,-0.0502360890764693,0.0581021514781674,0.159613480789393
"G3HH25","Exocyst complex component Sec8",0.183505720567516,0.193419013501686,0.0761460434777557,0.0475047076342838,0.145336614672713
"G3HH26","Exocyst complex component Sec8",0.209896722245179,0.234276324509489,0.157647163703793,0.0511110181101164,0.150987270621853
"G3HH30","Aldo-keto reductase family 1 member B1",14.3324270693803,12.3249838397854,-0.220603477116781,0.0643472970774578,0.167213046054543
"G3HH34","Collagen alpha-1(XII) chain (Fragment)",0.371041863295816,0.37318586352396,0.00820862342762574,0.592129155854436,0.693164767670143
"G3HH37","CD109 antigen",0.038229745131193,0.0328231280480147,-0.220130785923507,0.0112585740875192,0.0765903403880625
"G3HH39","Elongation factor 1-alpha 1",242.13257384739,171.017432466167,-0.50226609560091,0.000432075710487355,0.030127760075788
"G3HH40","Protein MTO1 homolog, mitochondrial",0.355413910394216,0.349104956463139,-0.0262089499889733,0.412724000321575,0.539445000620441
"G3HH56","Transcription factor Jun",0.917915985758024,1.19263823825562,0.376663319980439,0.0264870127011986,0.106809676519171
"G3HH63","Phospholipase A-2-activating protein",1.68073191933844,1.65814691187748,-0.019711002491086,0.431562455537723,0.55726834054196
"G3HH71","RNA-binding protein Luc7-like",7.6503643257524,6.50660517559062,-0.233678584762184,0.00497369691137438,0.0652342887500102
"G3HH79","Zinc finger CCCH-type antiviral protein 1",0.997824038797057,1.03347312586076,0.0505471904605668,0.0858808135251206,0.194612784609735
"G3HHA2","DNA-directed RNA polymerase subunit",0.0647686526099425,0.0785408401577009,0.27931594388892,0.0171803502602475,0.0901295177445897
"G3HHA3","40S ribosomal protein S24",160.949389609359,134.695171727331,-0.255317554012838,0.0833439768736065,0.191665711950123
"G3HHA7","Peptidyl-prolyl cis-trans isomerase",1.99258928969157,1.8331145359888,-0.121251781675,0.07101146718888,0.174376654938504
"G3HHA9","Annexin",1.88575573749722,1.9120410767718,0.0197880248559053,0.585633883593363,0.689783194087231
"G3HHC3","Importin subunit alpha",0.613258217046451,0.513796154899872,-0.255439564806848,0.0013351843681565,0.0399320230428393
"G3HHD8","non-specific serine/threonine protein kinase",2.8243404721968,2.67479090585607,-0.0799939881812541,0.313435138117622,0.4477157283106
"G3HHE1","Transcription elongation regulator 1",0.860725335951005,0.824034203131808,-0.0628880556379771,0.0096262936729222,0.0726848275576024
"G3HHE2","RNA-binding protein 27",0.642540845354869,0.51997701016331,-0.305369498642926,0.0140696072966341,0.0846067627660458
"G3HHE3","leucine--tRNA ligase",3.27277068118635,3.19990599584544,-0.0329776853244639,0.445929966035107,0.570102214025785
"G3HHE4","Leucyl-tRNA synthetase, cytoplasmic",3.349210100133,3.25997753381549,-0.0392614590618716,0.259031731213731,0.392831538002881
"G3HHF3","Succinyl-CoA:3-ketoacid-coenzyme A transferase",11.4141540464831,11.8768902297035,0.0568865258105822,0.157596611060006,0.280822022681399
"G3HHG7","60S ribosomal protein L37 (Fragment)",0.890024905875301,0.810961214590574,-0.131053963594072,0.212009209541436,0.341315451820677
"G3HHH5","Voltage-dependent anion-selective channel protein 3",4.64080706097459,4.22146544265692,-0.136928922632718,0.0246014197375371,0.104097284275015
"G3HHI4","Glycerol-3-phosphate acyltransferase 4",0.0624679104280069,0.0579471118657088,-0.108709132791527,0.0584486351630482,0.15982808618562
"G3HHI5","DNA replication complex GINS protein SLD5",0.38043576299889,0.365184039123567,-0.0571766950298087,0.67033273798113,0.756951307025251
"G3HHJ1","GDP-Man:Man(3)GlcNAc(2)-PP-Dol alpha-1,2-mannosyltransferase",0.832297513124755,0.853515909512525,0.0367843644813669,0.392042599468329,0.520494478548392
"G3HHJ4","Vacuolar protein-sorting-associated protein 36 (Fragment)",0.98208705046496,1.02337052369837,0.0592604833482387,0.0597344107333274,0.160975098811954
"G3HHK0","Small ribosomal subunit protein mS31",1.87541230460217,1.67075526730102,-0.163159441803778,0.170253067360713,0.294993111669539
"G3HHK3","Large ribosomal subunit protein eL31",76.3040454853783,65.7739519278225,-0.213962464392725,0.0196970573388586,0.0947744098359033
"G3HHK4","Phosducin-like protein 3",1.69816071002565,1.68866656770846,-0.00818247712937403,0.699262396186607,0.778586573531794
"G3HHL3","Eukaryotic translation initiation factor 5B",3.13869267903984,2.93735778968749,-0.095578881888738,0.00604656668132721,0.0664103838758321
"G3HHL5","Thioredoxin domain-containing protein 9",0.872897840220566,0.865854135793296,-0.0126231213230563,0.801989738270207,0.857043312257466
"G3HHP3","COP9 signalosome complex subunit 3",1.67323916963036,1.42170312905657,-0.234982000277571,0.00347185332717779,0.0586883489195155
"G3HHR3","Vimentin",484.705193672524,535.580070571471,0.143667813652392,0.0183932744568882,0.0926896737397719
"G3HHR9","Integrin alpha-V",1.06654084229611,1.2036118642301,0.173840267925368,0.0301667200631569,0.11512886208824
"G3HHU4","Signal recognition particle 14 kDa protein",3.6714492795507,3.35081034996531,-0.131582301258167,0.0588186071001055,0.160053559320368
"G3HHV6","Protein FAM98B",5.11792715751077,4.97318292029047,-0.0413575535601121,0.0239338749827362,0.102700871240023
"G3HHV8","Histone deacetylase",1.01127308063379,0.987571450057481,-0.0341226335923844,0.0998939826898485,0.214323820553156
"G3HHX7","Superkiller viralicidic activity 2-like 2",2.79292877209902,2.86423601444411,0.0361436083864106,0.204947367414398,0.333096730991727
"G3HHX8","ATP-dependent RNA helicase DHX29",0.315198956934682,0.304324667648413,-0.0509640988120197,0.140758753527029,0.261442590485553
"G3HHY2","Peroxisomal multifunctional enzyme type 2",0.518131785404579,0.590092976427002,0.187549876113893,0.0141558969671305,0.0846067627660458
"G3HHZ8","DNA polymerase epsilon subunit 3",1.16094669747163,1.13421623728173,-0.0374995914637797,0.694332028720643,0.775677336491319
"G3HHZ9","Delta-aminolevulinic acid dehydratase",0.644705992204777,0.698962305295492,0.116336299402409,0.0208204979400895,0.0965182916973399
"G3HI03","Pre-mRNA processing factor 4",3.67360777083648,3.45339615694957,-0.0888496798730825,0.0549164618620525,0.156950408283659
"G3HI04","Anaphase-promoting complex subunit CDC26",2.16428743049589,2.32906298359202,0.105441835343684,0.125283023932394,0.244502787814416
"G3HI06","peptidylprolyl isomerase",0.0322094847623109,0.0332305659726835,0.0454251617304884,0.213513856666782,0.342689314415198
"G3HI13","Protein virilizer-like",0.0177813445517374,0.0222616486833895,0.318939757372363,0.0778607319212793,0.184001262406638
"G3HI17","Integrator complex subunit 8 (Fragment)",0.0588790330638519,0.0652460274639644,0.146812781669882,0.0888413920595626,0.199229664339988
"G3HI35","Protein kinase C iota type",0.392976527520742,0.372935778695437,-0.0763662936660605,0.274964509755988,0.409206853780921
"G3HI36","Polyhomeotic-like protein 3",0.381441156211524,0.439553343657888,0.215497199631058,0.229216908742023,0.359507494638964
"G3HI41","Translocation protein SEC62",0.208431120978029,0.255520274060772,0.295416868639118,0.0116575771407396,0.0774164894643955
"G3HI57","Malectin",7.20712899696908,7.56486035655331,0.0697518219881039,0.035466413639956,0.126485654457168
"G3HI59","Short-chain specific acyl-CoA dehydrogenase, mitochondrial",3.03325284278946,2.93265783609992,-0.0489892948316299,0.15385987443592,0.278137615598486
"G3HI72","ARF GTPase-activating protein GIT2 (Fragment)",0.906584849864932,0.896453173786648,-0.0156084733489928,0.71166658809725,0.787941802964438
"G3HI80","Cob(I)yrinic acid a,c-diamide adenosyltransferase, mitochondrial",1.82587283533469,1.81434742608301,-0.00808671974128516,0.859494836268913,0.901795992787477
"G3HI85","acetyl-CoA carboxylase",0.0823060265255257,0.0949570222676343,0.206411786536481,0.000969244843737622,0.0363812837534751
"G3HI96","Coronin",9.75644275156585,9.42686025356477,-0.0497553018552779,0.0924014264360964,0.204137012727138
"G3HI99","Iron-sulfur cluster assembly enzyme ISCU, mitochondrial",3.70341964577625,3.5107781862505,-0.0770022030438084,0.0105245009442407,0.0747887572407086
"G3HIC4","Protein transport protein Sec61 subunit alpha isoform 1 (Fragment)",2.4812599266471,2.85689179926927,0.201521551934366,0.0662686014096856,0.169341965462052
"G3HIC5","RuvB-like helicase",8.96610311813564,8.22638452412239,-0.12431986276737,0.016055615063019,0.0879807147986492
"G3HID0","Dolichyl-diphosphooligosaccharide--protein glycosyltransferase subunit 1",27.2943583685536,29.8430014090725,0.128992500446231,0.0119129109702175,0.0781813980731723
"G3HID1","Ras-related protein Rab-7a",64.7588300219085,68.2946844198487,0.076596101204883,0.0654525073337583,0.168694556564365
"G3HID3","Coatomer subunit gamma",2.67503828664071,2.6721546310904,-0.00172652252468231,0.939190440662452,0.960424810539942
"G3HID7","ISY1 splicing factor homolog",0.959538992737935,0.919750180841203,-0.0614746073498953,0.190755530582468,0.318115974518944
"G3HIG4","Lysophosphatidylcholine acyltransferase 4",0.996946155029628,1.03738087861362,0.0586395971585183,0.456297799405508,0.579426930687905
"G3HIG8","ER membrane protein complex subunit 4",2.26977842744006,2.2650180452368,-0.00268727611034736,0.923489252640741,0.951692782798927
"G3HIH0","Endoplasmic reticulum membrane protein complex subunit 7",1.33802110369717,1.46583826109327,0.131847733626023,0.0126174282745469,0.0809014031320083
"G3HII2","dolichyl-phosphate-mannose--protein mannosyltransferase",1.40287341821757,1.5319648194134,0.126527619182934,0.0380290336048336,0.129880791301406
"G3HII3","Centrosomal protein of 290 kDa",0.00860793960396168,0.008387641878003,-0.0392531628661885,0.568109668550164,0.67547533237563
"G3HIJ0","Guanine nucleotide-binding protein G(o) subunit alpha (Fragment)",0.290703277392989,0.305978540492879,0.0749181068531457,0.467846785115715,0.591122381948772
"G3HIJ5","2-oxoglutarate and iron-dependent oxygenase domain-containing protein 1",0.04999682958495,0.0494264101275646,-0.0177445737275459,0.888798712784416,0.925866570709443
"G3HIK1","Nuclear pore complex protein Nup93",5.01210670790881,5.01010737398249,-0.000149943496031035,0.988757302129309,0.992017592993645
"G3HIK7","NEFA-interacting nuclear protein NIP30",0.838316375177253,0.788624119723432,-0.089284431197974,0.153274520224203,0.277302604967787
"G3HIL0","Triosephosphate isomerase",18.0672734674508,16.1982373164575,-0.165118534134619,0.259665557314132,0.39343622468556
"G3HIL4","Anamorsin",0.391468899153923,0.416481932391059,0.0889867470539301,0.0601466573022109,0.161436136319567
"G3HIL8","Ubiquitin carboxyl-terminal hydrolase 48",0.154026785106351,0.215237503853379,0.485534330282006,0.00586544527231361,0.0662513158860103
"G3HIM1","Basement membrane-specific heparan sulfate proteoglycan core protein",0.152608235247368,0.189503010641703,0.311971381307344,0.004989536277264,0.0652342887500102
"G3HIM4","Cell division control protein 42 homolog",15.6207094847375,16.7080125405969,0.0973470410202903,0.13631819033021,0.256612476397757
"G3HIN6","Lysine-specific histone demethylase",0.356399648228857,0.40187847177083,0.172681854472686,0.0258315472082865,0.105737549773949
"G3HIN8","Leucine zipper protein 1",0.455471374975784,0.489554754646408,0.103848366887511,0.0352803069192236,0.126459517892943
"G3HIP2","Heterogeneous nuclear ribonucleoprotein R",3.30874554103415,3.10699740392202,-0.0878332663928896,0.325431677652014,0.45997458830291
"G3HIQ0","threonine--tRNA ligase",3.81692319243194,3.97875016729371,0.0592624196675742,0.191932086164967,0.318965587087459
"G3HIQ1","Peptidyl-prolyl cis-trans isomerase",83.5660543747246,83.4495298831984,-0.0124190457726243,0.98841092289426,0.991967423966144
"G3HIQ3","Activated RNA polymerase II transcriptional coactivator p15",7.49347290389326,6.57621666464223,-0.189166775781681,0.0191954269543898,0.0940130756933143
"G3HIQ5","Zinc finger RNA-binding protein",2.80510926018118,2.87452265416247,0.0354544930558631,0.183705907432238,0.30928756145659
"G3HIQ9","Golgi phosphoprotein 3 (Fragment)",0.951096210787673,0.956044279416676,0.00711969113621423,0.777428559483371,0.839237654168395
"G3HIS0","26S proteasome non-ATPase regulatory subunit 6",13.3717489080841,12.7224882085482,-0.0721365991714893,0.0925049360889094,0.204230884623733
"G3HIT4","methylcrotonoyl-CoA carboxylase",1.5889995994307,1.62298986203464,0.0307254658665398,0.469813593383718,0.592489109666656
"G3HIT7","Microtubule-associated protein 1B",1.86627307987598,1.3368338315675,-0.480523096350246,0.00597502218080203,0.0664103838758321
"G3HIT8","28S ribosomal protein S27, mitochondrial",5.33647737935271,5.95280247700198,0.1589885764958,0.0563150933682908,0.158364745027859
"G3HIU2","Transportin-1",1.88630549071725,2.02620037535667,0.103009404810695,0.0789578905062105,0.185845330185855
"G3HIV1","protein-tyrosine-phosphatase",0.024931532353433,0.0281049087853432,0.172942582805391,0.0206058330680397,0.0962732821398119
"G3HIW3","protein-histidine N-methyltransferase",0.315111591781952,0.289966706906251,-0.119998681037208,0.0063688704523924,0.0674853425139978
"G3HIW4","Cyclin-K",0.751323486860123,0.783785899330075,0.0600532895940477,0.26192034102666,0.39559899883404
"G3HIX0","Ena/VASP-like protein",0.405450758271924,0.358931175763494,-0.179379921924428,0.417695371335736,0.544286485708478
"G3HIX6","Tryptophan--tRNA ligase, cytoplasmic",3.95110670645206,3.86246870282032,-0.0314743335764625,0.544445856091954,0.656670371293611
"G3HIY3","Small ribosomal subunit protein uS12",33.3559574742914,30.4494356989558,-0.109966729215267,0.561381295645679,0.670525429514238
"G3HIY6","40S ribosomal protein S19",102.308112253609,93.9000939599916,-0.126210537885955,0.213579297839887,0.342689314415198
"G3HIZ0","Leucine-rich repeat-containing protein 1",0.731522769626658,0.766636322647078,0.0671508513572192,0.131533351750427,0.251693785327109
"G3HJ09","GRIP and coiled-coil domain containing 2",0.230457645950787,0.235534432781885,0.0314870956344491,0.118333212268619,0.235910296175499
"G3HJ13","LIM and senescent cell antigen-like-containing domain protein",0.946185167310035,0.852105452532296,-0.150664849116024,0.029393136387269,0.113339663004826
"G3HJ15","E3 SUMO-protein ligase RanBP2",2.82069711745733,2.80414866060551,-0.00843927127858013,0.66966991826848,0.756486077537809
"G3HJ21","Septin-10",0.230453983485161,0.208261046863138,-0.146476784324766,0.0147988213903421,0.0858434232122614
"G3HJ24","Prolyl 4-hydroxylase subunit alpha-1",11.234063062228,10.6510829299558,-0.0771714595275812,0.0550991125584998,0.156950408283659
"G3HJ27","Calcium uniporter protein",4.18181723719598,4.19181922590977,0.0024952542472767,0.954373988884815,0.971203934569011
"G3HJ28","Calcium uptake protein 1, mitochondrial",0.715247800572759,0.704703156489351,-0.0214358985868005,0.465432437680933,0.588875463950942
"G3HJ29","DnaJ heat shock protein family (Hsp40) member B12",1.8557703723948,1.84583964760182,-0.0081400853414747,0.79455560562436,0.851596089672091
"G3HJ89","Clathrin heavy chain",10.2776667182145,10.1723445097643,-0.0148858910101337,0.546006642814706,0.657604977870033
"G3HJ91","peptidyl-tRNA hydrolase",1.83702010385985,1.6323159877845,-0.171000522862655,0.0147858302511183,0.0858434232122614
"G3HJA4","26S proteasome non-ATPase regulatory subunit 8",2.25223628495835,2.42783923330697,0.108352510313278,0.00726127017038192,0.0689292288771211
"G3HJA9","Eukaryotic translation initiation factor 3 subunit K (Fragment)",6.18737832408019,5.52147706864813,-0.164647936370075,0.0129833123559102,0.0812245728135165
"G3HJB0","Alpha-actinin-4 (Fragment)",2.50111029553741,2.45282669159722,-0.0283290697801044,0.453752325150804,0.576797961367163
"G3HJB1","Alpha-actinin-4",15.1934813241529,14.6583670061074,-0.0527034210732151,0.424069629907212,0.550139942364124
"G3HJB5","Delta(3,5)-Delta(2,4)-dienoyl-CoA isomerase, mitochondrial",1.53458360315466,1.47604349285655,-0.0570089800792885,0.264830383595837,0.398197346763372
"G3HJB6","Ras and Rab interactor-like protein",4.12250909233453,3.85371544056463,-0.096255483819786,0.140068745757196,0.260884859237249
"G3HJC1","serine--tRNA ligase",0.107367552055932,0.121999172958709,0.183740779552551,0.0228009778149406,0.100753142011104
"G3HJC7","non-specific serine/threonine protein kinase",0.0613729668931812,0.0958261660568641,0.628459834094745,0.0697251509275451,0.173897228133006
"G3HJD1","Protein Smaug-like 2",0.304626643493515,0.316518659262572,0.0543717333410061,0.280676683388893,0.41347925145362
"G3HJD2","RNA polymerase II-associated factor 1 homolog",1.95135883413958,1.89795724093053,-0.0403918779669212,0.280076127316939,0.41295806085013
"G3HJD9","Transcription elongation factor SPT5",1.43040128481079,1.35723392615909,-0.0756374552025841,0.0236282602834396,0.102573005406838
"G3HJE0","Mitochondrial import inner membrane translocase subunit TIM50 (Fragment)",15.3611529270668,15.2796272866886,-0.00772956472244379,0.845413839488437,0.891493421791998
"G3HJG1","Cold shock domain-containing protein E1",0.53191868550015,0.407562358770411,-0.384332258644588,8.29799921495883e-05,0.0291925759063368
"G3HJH9","Replication protein A 14 kDa subunit",1.9390139273552,1.7697746067356,-0.130857321749434,0.080123447577079,0.187489898491512
"G3HJJ1","ribose-5-phosphate isomerase",2.96132890079653,1.98847213903875,-0.574518588265107,0.000706121588800565,0.0332871684185281
"G3HJK3","RING finger protein 103",0.191652117978653,0.160446028047086,-0.256042656561655,0.00584466300027727,0.0662513158860103
"G3HJK7","Pentatricopeptide repeat-containing protein 3, mitochondrial",0.560436633294597,0.503107849223675,-0.154205935261806,0.0855291903856702,0.1944743208022
"G3HJK8","MICOS complex subunit MIC60",8.92400710946637,6.18164697717256,-0.529767900541398,1.29309845045896e-05,0.0216400025684307
"G3HJM2","Glycyl-tRNA synthetase",7.18948575255409,5.38703071206544,-0.416397239019715,0.000223747109289146,0.0292870881507975
"G3HJM4","Haloacid dehalogenase-like hydrolase domain-containing protein 1A",0.351485862261545,0.278070201374432,-0.33717494693282,0.00930258403171562,0.0723518394270431
"G3HJN1","Calcium-binding and coiled-coil domain-containing protein 2",0.168979696798712,0.207256180850922,0.294089417630524,0.00710000903929704,0.0689292288771211
"G3HJN3","Ubiquitin-conjugating enzyme E2 Z",1.32937994275041,1.45376781294539,0.123670954696323,0.305453802737067,0.439533051487946
"G3HJN4","Vacuolar-sorting protein SNF8",1.58540658879201,1.45615875971179,-0.123817945855001,0.0857066301159462,0.194612784609735
"G3HJP6","Prohibitin",65.1530833292456,69.6297061236392,0.0954342104505876,0.0651387860987875,0.168224936012841
"G3HJQ8","Integrin alpha-3",0.924673027597138,0.892561766452445,-0.0510045685979599,0.0254683854316341,0.105472687075892
"G3HJQ9","Protein-serine/threonine kinase",0.438606994757557,0.437715294700943,-0.00315108847556544,0.892569569592615,0.928749059443818
"G3HJR1","Neurabin-2",1.25120922444546,1.30690110019335,0.0626627362428015,0.405529594146499,0.533443865834775
"G3HJS0","Spectrin beta chain, brain 1",5.23246903219178,6.45876604217948,0.303311206488291,0.00841370716640404,0.0708998710557229
"G3HJS1","Spectrin beta chain, brain 1",5.52741901154269,6.52478140332301,0.239585734491919,0.00159125109532843,0.0436550607874118
"G3HJS4","Reticulon",6.4067660861674,6.01745591124146,-0.0906960793618556,0.126617781480618,0.246246202565734
"G3HJS5","Reticulon-4",0.128106298907842,0.126002880382806,-0.018259731410188,0.821289492441528,0.87044203014623
"G3HJS7","Translation initiation factor IF-2, mitochondrial",0.419654010878372,0.460616371619287,0.134289448585367,0.00586220445190475,0.0662513158860103
"G3HJT1","Cilia- and flagella-associated protein 36",0.175319823703914,0.185710743845289,0.0816921782307252,0.222898506662954,0.353574076682894
"G3HJT2","Polynucleotide phosphorylase 1",1.23359256167764,1.22961975426745,-0.00447958598289827,0.836182352098702,0.88314999446966
"G3HJT6","60S ribosomal protein L32",72.8806034934877,74.6045500347775,0.0370405768831192,0.675535437283567,0.760517022733972
"G3HJU8","Amino acid transporter",1.56372409776901,1.49637811680065,-0.06412924190439,0.277954778357648,0.411825871254115
"G3HJV5","Nuclear pore complex protein Nup155",3.5852220090815,3.95779103686413,0.141885098715575,0.0493820811482968,0.149036812987691
"G3HJV7","WD repeat-containing protein 70",0.162373204510455,0.15480275607138,-0.0681680016264359,0.170731633086115,0.295317196867817
"G3HJW6","Testis-specific Y-encoded-like protein 1",0.21645279233246,0.275807102067129,0.349287230978646,0.00275500304947771,0.0548868762297732
"G3HJX5","Translation machinery-associated protein 16",0.688778091872453,0.64770537885104,-0.088700184567569,0.0190659900062273,0.0938439243394749
"G3HJY1","E3 ubiquitin protein ligase",0.487568033151747,0.454403235411009,-0.101853816649241,0.0416099487140403,0.136161539239799
"G3HK00","Small ribosomal subunit protein RACK1",73.8255107524357,62.3505612368591,-0.241732044708351,0.0500982021612424,0.150324249178474
"G3HK27","Afadin",0.160535170323087,0.185587480933261,0.208777917294031,0.0340153112821188,0.123837611491186
"G3HK40","Protein LYRIC (Fragment)",1.02335578761403,0.816188615814612,-0.320486317447295,0.0920907453949318,0.2035850230098
"G3HK46","non-specific serine/threonine protein kinase",0.234768796515116,0.216800505086784,-0.111062135628869,0.281674009870983,0.414583514088909
"G3HK55","PCI domain-containing protein 2",0.397601749991634,0.377475683246155,-0.0751217592073812,0.0463125449029695,0.143659024828766
"G3HK56","Lysosome-associated membrane glycoprotein 1",0.950567476999596,0.944812544374689,-0.00944503254698931,0.863489025292199,0.904003055255862
"G3HK57","Cullin-4A",0.177443946662414,0.166893691319979,-0.0869301700954455,0.257062408982439,0.391441256990092
"G3HK64","Gamma-tubulin complex component 3",0.116736275765747,0.129969892268928,0.15513699751555,0.00555180815518231,0.0662513158860103
"G3HK75","Putative histone-lysine N-methyltransferase NSD2",0.214203121231954,0.216035288983957,0.0122642253130105,0.722883368049796,0.797691331053086
"G3HK76","Mitochondrial proton/calcium exchanger protein (Fragment)",3.95952505756271,3.90057937699966,-0.0226941198023831,0.688553346707701,0.770765234592199
"G3HK78","Transforming acidic coiled-coil-containing protein 3",0.33041723163137,0.372228285057893,0.171719436883982,0.00834459686518713,0.0708998710557229
"G3HK86","C-terminal-binding protein 1",1.2700959598864,1.23948776206561,-0.0353828389166354,0.191583107408257,0.318860596964414
"G3HK90","14-3-3 protein eta",6.72657415916776,5.83183178779201,-0.205716099358789,0.00735797435781318,0.0689292288771211
"G3HKA5","Sorting nexin-2",2.74780848695372,2.56135452295426,-0.102429492666803,0.115841451789014,0.232725893840234
"G3HKB0","Peptidyl-prolyl cis-trans isomerase",2.32756209861913,2.25148891471451,-0.0492620270243715,0.381701686656335,0.512513331549733
"G3HKD0","Peptidyl-prolyl cis-trans isomerase",1.37461181763154,1.41411585688525,0.0401545616041308,0.35264678162827,0.485324333104367
"G3HKD1","Bombesin receptor-activated protein C6orf89 homolog isoform X3",0.0470896312776695,0.0622548505907366,0.404688201276083,0.00863194642322203,0.0708998710557229
"G3HKD3","Mitochondrial carrier-like 1",1.23250105045819,1.39179845104456,0.17536089962878,0.0138726168488769,0.0844211792603474
"G3HKD6","Histone-binding protein RBBP7",19.2313907217367,17.9208684077703,-0.10190169601139,0.0456293100009838,0.142997472446903
"G3HKF1","Alpha-methylacyl-CoA racemase",0.775160129732256,0.755556206110172,-0.0373777245861457,0.526804918527234,0.642103445852386
"G3HKF3","Ankycorbin",0.96246787462054,1.02355943661645,0.0889123639957158,0.0184714706855177,0.0926896737397719
"G3HKF6","Ribosome biogenesis protein BRX1 homolog",2.89460727373122,3.01190869195582,0.056694823689887,0.366070004179542,0.497967728615304
"G3HKG8","Small ribosomal subunit protein eS1",90.3624997982796,86.9218791921867,-0.0559066348458606,0.353311100533499,0.486038739615957
"G3HKJ1","Protein IWS1-like (Fragment)",0.137095410745622,0.162115442368824,0.245171226940778,0.0557349166568049,0.157456285668575
"G3HKJ3","General transcription and DNA repair factor IIH helicase/translocase subunit XPB (Fragment)",0.361336185997829,0.375401723318793,0.0550797425111014,0.00860913803253445,0.0708998710557229
"G3HKJ6","Myc box-dependent-interacting protein 1 (Fragment)",0.659288439560486,0.563465593633204,-0.221706949105716,0.166703848592562,0.291057788857227
"G3HKN0","Insulin-like growth factor 2 mRNA-binding protein 2",5.15496456471292,6.09403822132305,0.241121378033126,0.00587368274491241,0.0662513158860103
"G3HKN1","Protein SET",22.8686119281926,18.1423695302501,-0.333202632171933,0.0112293599707987,0.0765903403880625
"G3HKN2","Transformer 2 beta homolog",2.69627035518144,3.01800335219721,0.165722706447456,0.153148245661536,0.277224001205603
"G3HKP3","Cytochrome b-c1 complex subunit 1, mitochondrial",21.1248723291678,20.213243947979,-0.0632835850223019,0.112596077821974,0.228596328512231
"G3HKQ0","Coiled-coil domain-containing protein 72",36.8737275507357,37.7292373606595,0.0246496192124521,0.81164766159046,0.862681715891797
"G3HKQ3","Nucleoside diphosphate kinase",0.0255398714272441,0.0223842616370593,-0.190639019959251,0.032585798168434,0.120646754944412
"G3HKQ7","Microtubule-associated protein",5.12889992187516,5.22967375444741,0.0283181210465275,0.289440297621725,0.421748661793606
"G3HKQ8","ATP-dependent RNA helicase DHX30",3.27115656073688,3.05620187337381,-0.0982347851886576,0.0153991618833601,0.0867432101377319
"G3HKQ9","SWI/SNF complex subunit SMARCC1 (Fragment)",2.17716326602517,2.24498207156703,0.0442302467407736,0.107859219658012,0.222494849100003
"G3HKR1","Elongator complex protein 6",0.047115214207967,0.0479318071300995,0.0246347192290646,0.537101731663937,0.650155333048534
"G3HKR3","Tyrosine-protein phosphatase non-receptor type 23",0.135468252622827,0.134194756048211,-0.0140325366070941,0.627215329306031,0.722251047078763
"G3HKR8","[histone H3]-lysine(36) N-trimethyltransferase",0.021141787722809,0.0187906711353764,-0.170038696411864,0.0178991436801206,0.0925156636171378
"G3HKS8","BMS1 ribosome biogenesis factor",1.34408243261513,1.31118113934453,-0.0357208527293419,0.150174275756019,0.273467519562239
"G3HKT3","Heterogeneous nuclear ribonucleoprotein F",2.07213480325035,1.88915647162247,-0.133946306253968,0.0368852544504602,0.128198283121174
"G3HKU3","Beta-2-syntrophin",0.743296381598596,0.756572626060463,0.0254519267821554,0.58509819700262,0.689783194087231
"G3HKU7","Transmembrane and coiled-coil domain-containing protein 7",0.0593525863906358,0.05440692066267,-0.125671678649745,0.0117525164841723,0.0775996025393618
"G3HKV9","Lysosomal phospholipase A and acyltransferase",0.875228204505142,0.758652717324192,-0.206208142737093,0.000439340469582333,0.030127760075788
"G3HKX1","Enhancer of mRNA-decapping protein 4",1.96324726089375,1.9396013626764,-0.0175961727600497,0.307457234181059,0.441440850613512
"G3HKX2","Nuclear transport factor 2",14.8755411625069,13.3145739406189,-0.167747506760936,0.245101579955736,0.37923494930023
"G3HKX3","THAP domain-containing protein 11",1.10023557336178,1.1405684100429,0.0518173361303931,0.141688070401215,0.262687474508399
"G3HKX9","Polypeptide N-acetylgalactosaminyltransferase",0.333085982762535,0.308556144174292,-0.111060135253111,0.063727840702284,0.166236169459572
"G3HKY0","High mobility group protein B2",17.873979081099,14.6414516899324,-0.287691226818906,0.00132277916491382,0.0399320230428393
"G3HKY3","Plasma membrane calcium-transporting ATPase 1",2.11952348153308,1.98683366592745,-0.0935893627700386,0.0582544964462501,0.159613480789393
"G3HKZ1","14-3-3 protein zeta/delta",56.7629963814892,51.4718751488753,-0.142239332990024,0.0587575821643821,0.160053559320368
"G3HL01","E3 ubiquitin-protein ligase UBR5",0.35112758554778,0.337322950449202,-0.0579831102860358,0.0575292576725276,0.159477178355367
"G3HL03","ESF1-like",1.2199654088415,1.09899638641704,-0.150897084430637,0.0111010812819168,0.0765903403880625
"G3HL10","Methionine--tRNA ligase, mitochondrial",0.208416706472464,0.23563443144302,0.178459040796605,0.12100029207198,0.239637856547289
"G3HL12","MOB-like protein phocein",1.17956330508512,1.14314731162814,-0.0462576997561534,0.487085104925214,0.607857511627401
"G3HL13","60 kDa heat shock protein, mitochondrial",314.58870654942,308.674211205725,-0.0268343168742362,0.443163235324721,0.568084009433873
"G3HL16","Splicing factor 3B subunit 1",3.78474320275688,3.80113004343629,0.00609671384684196,0.807396095772244,0.860588681815878
"G3HL33","Zyxin",1.29983936544659,1.42041569230599,0.127976701310582,0.000925025376581975,0.0359757428941437
"G3HL72","Metallo-beta-lactamase domain containing 2",0.32566609191619,0.334901368969397,0.0352967930644237,0.689686280599367,0.77177531968107
"G3HL74","Centrin-3",0.287621214608633,0.298045668495139,0.0497855869546555,0.406540114306472,0.533685914487901
"G3HL83","GTP-binding protein 10",0.116287625338114,0.116619696657308,0.00285341101617353,0.938124147748227,0.959627604680109
"G3HL93","Muscleblind like splicing regulator 1",2.68737161153063,2.62387871270135,-0.0346425266067734,0.143765808243044,0.265313469713219
"G3HL97","Ras-related protein Rap-2",2.87794927325824,2.76886230589909,-0.0556432054914204,0.15437426843102,0.278333528779202
"G3HLB0","Activating transcription factor 7-interacting protein 1",0.118295033066472,0.11462683998484,-0.0454921706901423,0.0428357424675361,0.137850540977668
"G3HLD0","lactoylglutathione lyase",7.57412043716547,7.73510942934202,0.0298184967154489,0.448412780838632,0.572377910684564
"G3HLE5","NADH dehydrogenase [ubiquinone] flavoprotein 3, mitochondrial",1.28160807893013,1.27767566578991,-0.00446300615308753,0.768531466688975,0.833530401493195
"G3HLG7","Phosducin like",0.579777595274621,0.679747016126567,0.229699416823325,0.0023428888970955,0.0524342233987471
"G3HLH3","Rab GTPase-activating protein 1",0.421140297488973,0.42168117726427,0.00279696262306151,0.973179606599554,0.982434912378055
"G3HLH5","Spermatid perinuclear RNA-binding protein",0.592969518149545,0.598354016006961,0.0131811036920167,0.469210377076039,0.59195142558368
"G3HLI3","protein-serine/threonine phosphatase",0.143525319157755,0.144666708036761,0.00824255436427324,0.887677104295037,0.924986073497973
"G3HLJ0","Protein LSM12-like",9.23636052231399,8.89646659985663,-0.0499656826559582,0.590108940158197,0.692286934002624
"G3HLJ2","Glucose-6-phosphatase",0.33794583742736,0.357751420249355,0.0825626392981544,0.0705006397319624,0.173971053693706
"G3HLJ8","Nucleolar transcription factor 1",0.383312048768048,0.36794223421473,-0.0590053026900266,0.053623405890178,0.155526464050629
"G3HLK3","Granulins",4.4572729701288,4.75557822750618,0.093021649094041,0.0759380640582286,0.181140101817584
"G3HLK9","Coiled-coil domain-containing protein 43",2.96050399365434,2.82046072208127,-0.0668296870948677,0.490005486767528,0.609649298173999
"G3HLL4","116 kDa U5 small nuclear ribonucleoprotein component",10.457133469724,10.4272632993624,-0.00409112607035533,0.686754111110661,0.769265732894037
"G3HLM0","Dephospho-CoA kinase domain-containing protein",7.06174181111543,8.32439342339281,0.235713677097325,0.0422647259298222,0.136676364915087
"G3HLM2","Glycylpeptide N-tetradecanoyltransferase 1",6.71775894618319,6.90001954800393,0.0390133460885336,0.408624817175296,0.535709856281127
"G3HLM3","Glycylpeptide N-tetradecanoyltransferase",14.6903190121758,16.8866103131517,0.20180527289459,0.0159838636193319,0.0879807147986492
"G3HLM6","HEXIM P-TEFb complex subunit 1",0.406926746880805,0.402216028109233,-0.0191661026742593,0.831259770261754,0.879479569566649
"G3HLN9","General transcription factor II-I",1.43224609393474,1.4418237874518,0.00949577240155342,0.625157256168507,0.720523876169419
"G3HLP4","Eukaryotic translation initiation factor 4H",3.65113359115927,0.818274949913658,-2.1550645538078,0.00444552395525194,0.063315611396716
"G3HLR4","Growth hormone-inducible transmembrane protein",9.72478465135053,10.8857985397571,0.159317181372064,0.157629904827066,0.280822022681399
"G3HLR7","Adenosine deaminase",0.687425326308609,0.737573900313857,0.101803035226022,0.0217583131803342,0.0984122624521332
"G3HLS2","14-3-3 protein beta/alpha",27.6722903927012,29.8617298003193,0.10312947641477,0.430419072876504,0.556435935464526
"G3HLS5","Mitochondrial import receptor subunit TOM34",6.73955588453576,6.72768551574372,-0.00498913990361283,0.976201455865729,0.984298300909865
"G3HLS6","Serine/threonine-protein kinase 4",0.392069140276843,0.388268833018675,-0.014215260458839,0.468296440931167,0.591467240677969
"G3HLT6","GPI transamidase component PIG-T",0.707746967102462,0.805325163865904,0.184824693459764,0.0613152127514808,0.163523519585025
"G3HLU1","Ubiquitin-conjugating enzyme E2 C",4.76799957354295,4.63762026227718,-0.0376046282841003,0.587327128680689,0.690428860720642
"G3HLU4","palmitoyl-CoA hydrolase",1.69047688394047,1.59351687224404,-0.0851400432464282,0.0146957024693752,0.0856907947125412
"G3HLU5","Eukaryotic translation initiation factor 1",4.16459166081467,3.11620477134836,-0.418225679273441,0.000962496716031081,0.0363812837534751
"G3HLU9","Junction plakoglobin",0.975361963062026,1.04360343956653,0.0982865610428115,0.0858452180694041,0.194612784609735
"G3HLV1","peptidylprolyl isomerase",12.5415839285579,15.3746391357881,0.293448734497979,0.00456214077569488,0.0641575007405494
"G3HLV2","5'-nucleotidase",2.43277067895791,2.68664463310454,0.142733657836615,0.0420132988722686,0.136516240633273
"G3HLV6","ATP-citrate synthase",7.83475952433889,7.87021518579472,0.00539824105850784,0.893119909640022,0.928922416894082
"G3HLV8","DnaJ-like subfamily C member 7",2.32271614358054,2.23400517345802,-0.0556688692384817,0.178770878013,0.304656888344965
"G3HLW5","small monomeric GTPase",33.7044971399543,34.0962413194905,0.0164149606689232,0.49337848731436,0.612210663975321
"G3HLW8","Signal transducer and activator of transcription",0.0423426599831333,0.0434471899456256,0.0357805777076372,0.507841646596972,0.624676953752321
"G3HLW9","Signal transducer and activator of transcription",0.567316119956234,0.551166839265553,-0.0415788761675042,0.350037258791206,0.48320244003649
"G3HLX0","Caveolae associated protein 1",43.3785877263461,48.973414140067,0.173906035111433,0.0531534791289021,0.154792281044526
"G3HLX1","V-type proton ATPase subunit a",3.32025480446122,3.77069715904464,0.1831560911402,0.0168380367652953,0.0889999007964385
"G3HLX3","Alpha-N-acetylglucosaminidase",0.159685771086133,0.155303241141496,-0.0410483979568741,0.388995536558713,0.518505798829953
"G3HLX5","Coenzyme A synthase",2.92384821689862,2.94600774051668,0.0108171213448558,0.592977981755102,0.693285350116209
"G3HLX9","Protein FAM134C",0.239927814405295,0.232017568045079,-0.0488406036904019,0.208523670284625,0.336838187472317
"G3HLY0","Tubulin gamma chain",0.838626636405205,0.849980448599096,0.019463939051113,0.456755854804338,0.579735246882866
"G3HLY6","Vacuolar protein-sorting-associated protein 25",2.11295343347457,2.38426200599564,0.17388177892243,0.0219444910412779,0.0991203934077694
"G3HLY8","Cytochrome c oxidase assembly factor 3",1.50376395783218,1.60670924555493,0.0947852294352024,0.106466503752013,0.221182564475252
"G3HLZ1","Beclin-1",4.45320745076879e-08,3.99352740745734e-08,-0.15720849667613,0.00100813883483825,0.0366984157196894
"G3HLZ2","Proteasome activator complex subunit 3",9.82158252824263,9.4994026594653,-0.04854095200605,0.202848316567877,0.33086418886583
"G3HLZ7","Alanyl-tRNA editing protein Aarsd1",1.07957916178681,1.13125706841758,0.0666483757666382,0.541483864249885,0.654276712506991
"G3HM00","Large ribosomal subunit protein eL27",45.2483462245003,48.0725674927907,0.0897425598877737,0.344345823619598,0.477829797535156
"G3HM03","Synaptic vesicle membrane protein VAT-1-like",46.8149817938135,51.672004980795,0.143027434317139,0.0283658083655269,0.111041357426221
"G3HM05","Breast cancer type 1 susceptibility protein homolog",0.118459652301314,0.115836186882383,-0.033262316644493,0.484476402895985,0.605899266770293
"G3HM24","NEK6-subfamily protein kinase",0.621762303689723,0.781861489293394,0.329620005986134,0.011742168696067,0.0775996025393618
"G3HM30","Zinc finger protein 622",0.921544813755036,0.897467378118101,-0.0411190634768138,0.695146033023927,0.775809860797293
"G3HM53","2-hydroxyacyl-CoA lyase 2",0.0760640164609445,0.0927684901552823,0.288849268463904,0.0298395826324608,0.114140666366682
"G3HM62","Bromodomain containing 4",1.45978002546223,1.42229504962371,-0.0375547555778007,0.0168374355025575,0.0889999007964385
"G3HM63","A-kinase anchor protein 8",0.136037595515763,0.133684339419079,-0.0249920917361082,0.476766997899024,0.598247830058821
"G3HM65","Protein Wiz",0.101989343199464,0.107737830473976,0.07933921145806,0.0419876667917491,0.136516240633273
"G3HM69","Cytochrome P450 4F5",0.0804924657500252,0.0777683388828811,-0.0484090326596855,0.384595624293312,0.515102662869034
"G3HM82","Sister chromatid cohesion protein PDS5-like B",0.591441127187036,0.6330248100492,0.0984033286929721,0.0701574195214919,0.173971053693706
"G3HM96","Protein URG4",0.0466233535662368,0.048638586726646,0.0617026994095093,0.276271317093642,0.410057693264931
"G3HM98","Drebrin like",3.15114417596561,3.52736792791864,0.161578630253833,0.0785041202585637,0.185167928474568
"G3HMA2","DNA polymerase delta subunit 2",0.877320242406965,0.796389789111917,-0.139682740014467,0.00102579675232306,0.0368336553822615
"G3HMA7","Synaptobrevin-like YKT6",0.258665890774963,0.235973522845665,-0.132302952066625,0.0136521633742189,0.083382829951662
"G3HMA9","NudC domain containing 3",0.730894255062103,0.731521269992346,0.000931342118872081,0.961218181468156,0.975203774893579
"G3HMB1","RNA helicase",1.79667735355113,1.95684102424479,0.122563198008275,0.0568240116063953,0.158756232760104
"G3HMB2","Transmembrane emp24 domain-containing protein 4",5.03446616172232,5.41816216704214,0.106044176582527,0.00416471484109644,0.0631502537190615
"G3HMB4","2-oxoglutarate dehydrogenase complex component E1",9.80746255869627,9.32871222723479,-0.0727832891292279,0.128683438109132,0.248486476018121
"G3HMB9","Histone H2A",3.40222800729627,3.21183923259411,-0.0930824285357617,0.585313453482583,0.689783194087231
"G3HMC0","Transcriptional activator protein Pur-beta",4.27160228574889,4.65068009981501,0.123705186265692,0.0943658749285663,0.206703261378214
"G3HMC7","FAST kinase domain-containing protein 4",0.346674102725286,0.364569486106409,0.0720976271080402,0.121604450807678,0.240549702631973
"G3HMD1","Glyceraldehyde-3-phosphate dehydrogenase",215.229801816338,190.821957585053,-0.172117523955412,0.175431608948945,0.301421763425112
"G3HMD2","Sulfide:quinone oxidoreductase, mitochondrial",0.291385158803886,0.307319258627376,0.0771343664748094,0.142259078016471,0.26335239719089
"G3HMD6","Spermatogenesis-associated protein 5-like protein 1",0.0435503993430122,0.042577331957678,-0.0322544400471649,0.312723998410446,0.4469202487958
"G3HME9","DNA-directed RNA polymerase I subunit RPA49",2.43636010472395,2.1739300424268,-0.164678428134579,0.00570460953398645,0.0662513158860103
"G3HMG1","Small ribosomal subunit protein uS15",45.0914501968536,50.5404717007084,0.164557135455683,0.011164006704223,0.0765903403880625
"G3HMG7","ATP synthase-coupling factor 6, mitochondrial",4.16858814679032,4.38579813259028,0.0725805257922532,0.186956550475736,0.313028301371831
"G3HMI3","Semaphorin-3C",0.167628827383225,0.175739021349535,0.0681821910910996,0.00925500893618356,0.0723518394270431
"G3HMI6","Ribosome production factor 1",0.206282104395287,0.196599289451233,-0.0643379950499283,0.51788925792701,0.634239058280901
"G3HMM2","Peptidyl-prolyl cis-trans isomerase",10.5591294690519,10.3100356058417,-0.0375209454094239,0.699815352484146,0.77894312762369
"G3HMN2","Uncharacterized protein C3orf26-like (Fragment)",0.610351722409921,0.678397543203763,0.153324038861512,0.0355402629915113,0.126485654457168
"G3HMN6","Mitochondrial import receptor subunit TOM70",9.13209179306433,8.62411061967655,-0.0835999981568043,0.157444839502052,0.280822022681399
"G3HMP0","Protein TFG",2.5654816867527,2.27151339242693,-0.178692807561272,0.11864591769929,0.236233127031245
"G3HMQ0","peptidylprolyl isomerase",18.8595327467727,15.406553408191,-0.292145979348442,0.00251371954304325,0.0524342233987471
"G3HMS8","Large ribosomal subunit protein uL22",41.0616663652448,41.3036596231754,0.010405087034834,0.903113890087591,0.935827303443705
"G3HMT0","Ribosome production factor 2 homolog",2.65206600628533,2.39494191758357,-0.147081526757815,0.00430183981115806,0.0631502537190615
"G3HMU3","Serine/arginine repetitive matrix protein 1",1.43321113604237,1.28485051352434,-0.163239853932274,0.212293701605358,0.341444987637258
"G3HMU4","Chloride intracellular channel protein",3.31566068771609,3.1137393350074,-0.0905538323385593,0.0113104621830362,0.0767872554292541
"G3HMV2","Large ribosomal subunit protein uL5",120.152038018317,134.362713406643,0.159737751275947,0.0819912226072558,0.190176453268528
"G3HMV6","hydroxymethylglutaryl-CoA lyase",3.10876661308463,3.30586344711541,0.0888523721606254,0.0511036608197026,0.150987270621853
"G3HMV7","Alpha-L-fucosidase",3.24310973365247,2.97908260553397,-0.1225044602688,0.00396550065102031,0.0618945007217298
"G3HMW8","Tubulin beta-6 chain",2.53875262960496,2.13601440627459,-0.246739373526389,0.0597138283718416,0.160975098811954
"G3HMX6","proton-translocating NAD(P)(+) transhydrogenase",4.1513951328656,4.64744890236592,0.163150949586845,0.00756636314813559,0.0690029281887907
"G3HMX7","Polyadenylate-binding protein-interacting protein 1",0.515106983187643,0.552890448389181,0.10183852505737,0.105004552857432,0.220268529003846
"G3HMY0","Hydroxymethylglutaryl-CoA synthase",2.23066652604027,1.95991453663792,-0.186723620099493,0.0479963944531214,0.146039938395089
"G3HMZ1","Cytospin-A",0.554926956028735,0.569534403022498,0.0374284367445507,0.109957578053842,0.22494976562675
"G3HMZ7","Histidine triad nucleotide-binding protein 2",0.60850016037854,0.575597524684508,-0.0803202449912898,0.0287902395605483,0.111900863687332
"G3HN02","Talin-1",8.79125129775522,9.51882979452479,0.113439851022338,0.125127619943781,0.244484614099144
"G3HN13","Stomatin-like protein 2",4.06961774761192,4.36884585326016,0.101688280284495,0.157590197642311,0.280822022681399
"G3HN14","GPI ethanolamine phosphate transferase 3",15.4640403079766,15.3651616885847,-0.00921244351418471,0.604698201740016,0.703595436906839
"G3HN24","Dynactin subunit 3 (Fragment)",0.057114791001894,0.0500433069295806,-0.189889370987994,0.0332592377006563,0.122597652625657
"G3HN37","Fragile X mental retardation 1 protein (Fragment)",0.727443832724529,0.657914614438526,-0.145327524726952,0.0222973866711949,0.0997718625514562
"G3HN44","Zinc finger E-box-binding homeobox 1 (Fragment)",0.0239401901004101,0.0206975187566838,-0.209599180346377,0.00938174434160044,0.0723518394270431
"G3HN60","60S ribosomal protein L19",32.8038687618598,37.5432187027554,0.198704402360948,0.105322034492267,0.220320530903512
"G3HN65","Ras suppressor protein 1",8.05386600022445,7.92969967560168,-0.0222381545596511,0.533738534116342,0.647724029618346
"G3HN66","Ras-related GTP-binding protein",1.62142833383608,1.51121547081649,-0.10170655548861,0.0232014341075373,0.102043626751547
"G3HN72","Microtubule-actin cross-linking factor 1, isoform 4",0.0904688627306732,0.0975908981928945,0.109345765565445,0.0015401041309489,0.0431623375174474
"G3HN76","Polyadenylate-binding protein 4",0.551820113037288,0.499351083647399,-0.142005474937572,0.136585675721084,0.256905885019972
"G3HN77","Polyadenylate-binding protein 4",14.6239504683055,13.6156614959187,-0.102975635193765,0.00964354626503727,0.0726848275576024
"G3HN81","Peptidyl-prolyl cis-trans isomerase E",1.07655285091897,1.03983707012614,-0.043826649477111,0.699204998920554,0.778586573531794
"G3HN88","Adenylyl cyclase-associated protein",6.31346443546391,6.00096110557214,-0.0725233950041617,0.204236239743611,0.332318276335375
"G3HN89","Palmitoyl-protein thioesterase 1",1.09378620046369,1.15850416464566,0.0829681343574341,0.00345362441595926,0.0586765528944956
"G3HN98","Muskelin",0.0332446301631375,0.030347582831916,-0.132063566288146,0.0557264296743662,0.157456285668575
"G3HNA5","Ubiquitin carboxyl-terminal hydrolase (Fragment)",2.56718522249763,2.17054431288279,-0.243468926110428,0.0179318988683119,0.0925156636171378
"G3HNB2","Coiled-coil domain-containing protein 22",0.331633315376883,0.336805566255845,0.0220217214671021,0.41431305556855,0.541259093281786
"G3HNB8","Proteolipid protein 2",34.8527652978346,32.7536779006644,-0.0890645979513343,0.124790114932701,0.244139022502469
"G3HNC0","G-patch domain and KOW motifs-containing protein",0.730937067985348,0.603270678407008,-0.306596626603678,0.271034840843981,0.405341202995892
"G3HNC8","Polyglutamine-binding protein 1",4.9987145564308,4.80675648634283,-0.0571137297394517,0.219826465292955,0.350049280030228
"G3HNC9","Mitochondrial import inner membrane translocase subunit TIM17",2.40494877114434,2.29024701163445,-0.0578743651832383,0.672248565397403,0.757836291136782
"G3HND2","Histone deacetylase 6",0.104068931258091,0.0918498400838709,-0.179385723825575,0.0344155593734363,0.124739133301465
"G3HND9","Putative RNA-binding protein 3",15.4800147405874,15.9387750557957,0.0420458827470029,0.10556163077317,0.220616405019667
"G3HNE4","Putative tRNA (cytidine(32)/guanosine(34)-2'-O)-methyltransferase",0.243154847950191,0.236069002595833,-0.0424788306478909,0.294769910637445,0.427224850883371
"G3HNF0","RNA-binding protein 25",2.63548995823604,2.49753586581342,-0.077646781590458,0.0434587127961161,0.139192642802489
"G3HNF6","Protein numb-like",0.148505035347338,0.144832097621874,-0.0361435619614037,0.0182670303777411,0.0926896737397719
"G3HNG2","Acyl-coenzyme A thioesterase 2, mitochondrial",1.6979073529966,1.97439389339491,0.217531594872861,0.00789965610590743,0.0706955855253266
"G3HNG5","Acyl-coenzyme A thioesterase 1",0.167224582579852,0.183912248139837,0.138485297686211,0.0735296279922386,0.177313234574286
"G3HNI4","methylmalonate-semialdehyde dehydrogenase (CoA acylating)",0.937114626233004,1.11647807085479,0.252601483022421,0.00824755892183589,0.0708998710557229
"G3HNI7","Lymphokine-activated killer T-cell-originated protein kinase",0.449804857395597,0.493214979853523,0.130110708621437,0.195547533763566,0.323208689139089
"G3HNJ1","Coiled-coil domain-containing protein 25",1.19183026814153,1.03491835338033,-0.20757028807119,0.219839733081428,0.350049280030228
"G3HNJ3","Clusterin",0.0606974722707737,0.0618672215281995,0.0279090229498138,0.453150923145416,0.576252332738491
"G3HNJ6","Large ribosomal subunit protein uL18",88.0147322495761,78.4594069995756,-0.167450132896981,0.0618050169110029,0.163915524248119
"G3HNK4","Dihydropyrimidinase-related protein 2",4.63197612128781,4.96779278205025,0.0991233798620716,0.206254485176088,0.334162108041152
"G3HNN8","long-chain-fatty-acid--CoA ligase",1.44077839616179,1.5077392033976,0.0656486359387486,0.0259661099079955,0.105986060807391
"G3HNP4","rRNA 2'-O-methyltransferase fibrillarin",7.13390584289448,6.96242003916954,-0.0355207377676048,0.320126413570126,0.453625362497549
"G3HNP6","26S proteasome regulatory subunit 6B (Fragment)",12.3984675383037,11.5265811140981,-0.106058083336861,0.0871281750377652,0.196640594640189
"G3HNR0","Flavin reductase",12.5499169245565,9.32702632240762,-0.431425943279052,0.00822202898729326,0.0708998710557229
"G3HNR3","U1 small nuclear ribonucleoprotein A",2.88338274583324,2.94455859615214,0.0292802256738465,0.59303135864437,0.693285350116209
"G3HNS8","long-chain-fatty-acid--CoA ligase",5.89834864303042,5.94967806454781,0.0120596446482271,0.851554242454164,0.8968382786325
"G3HNS9","Ryanodine receptor 2",0.184410416997535,0.179718764676664,-0.0369487014097007,0.183433559368483,0.309140041896432
"G3HNT9","Proteasome subunit beta type-1",24.1285496151426,27.5902732052971,0.192596425489916,0.0352206020872538,0.126459517892943
"G3HNU2","Programmed cell death protein 2",0.577665167203864,0.534888464996899,-0.112660305354714,0.158986983665728,0.282147101977303
"G3HNV1","Cell division cycle 5-related protein",1.93537632588848,2.32693981656197,0.266254186460386,0.00335826811684458,0.058238981280201
"G3HNV4","Triosephosphate isomerase",18.5733942148333,17.452499566467,-0.0897765522037668,0.251593708526939,0.385393200201219
"G3HNV5","U6 snRNA-associated Sm-like protein LSm8",3.97590640836622,4.07031383723592,0.03382688855663,0.0354185233552028,0.126485654457168
"G3HNW1","Runt-related transcription factor 1",0.170342142754651,0.149358901389206,-0.18971724726136,0.00132130974693368,0.0399320230428393
"G3HNW4","DNA-directed RNA polymerase subunit beta",0.148391386754114,0.156480425897384,0.0763620389239859,0.0458213161956211,0.143063381815992
"G3HNY0","Transcriptional regulator ATRX",0.496699169959816,0.534981899872872,0.107918102514699,0.0839788555800318,0.192518650429018
"G3HNY4","Phosphoglycerate kinase",20.1859210704772,17.3782278409089,-0.219030100403361,0.0625096784632119,0.1646195369096
"G3HNY5","Phosphoglycerate kinase",22.8100269908122,22.0893941087185,-0.0494244942432864,0.581636398785991,0.687649956459453
"G3HP03","RNA-binding protein EWS",2.51672038746815,2.12833393383055,-0.241655676891826,0.003050270000212,0.0563639234890091
"G3HP08","AP-1 complex subunit beta-1",4.00927410847999,3.72089400046693,-0.107666018674189,0.00149548899369751,0.0427812107855177
"G3HP10","THO complex 5",0.464179856680283,0.478554588514834,0.0438341273876106,0.124375966217104,0.244139022502469
"G3HP11","Protein NipSnap-like 1",3.01962248324823,2.95835466703716,-0.0271943154279541,0.676814596989368,0.761188997353298
"G3HP15","Complex III subunit 9",3.57179637416749,4.60728118482022,0.366254052760072,0.00976125783573061,0.0727637638667937
"G3HP16","Activating signal cointegrator 1 complex subunit 2",0.553435629688478,0.526937383085799,-0.0679038871813445,0.404994235284048,0.53303802811471
"G3HP24","isoleucine--tRNA ligase",4.58367984222048,5.27975641450315,0.20397451887208,0.000361377976217811,0.030127760075788
"G3HP25","Nucleolar protein 8",0.253754098101467,0.249640969292644,-0.0243191559255609,0.557903109630307,0.668086478687885
"G3HP28","Centromere protein P",0.375220931618929,0.391015245350874,0.0585479280939161,0.486342539377607,0.607547307113274
"G3HP33","Protein bicaudal D-like 2",0.393140811088237,0.388246116383653,-0.0186429215426025,0.606377364013178,0.704947911549881
"G3HP44","Kinesin-like protein KIF15 (Fragment)",0.963629208447222,0.856311804369381,-0.169560357655085,0.0359334674617316,0.127134583080777
"G3HP48","Ribosomal RNA-processing protein 42",0.304376556534922,0.245321709503677,-0.309633026835068,0.0469083068411074,0.144436157311119
"G3HP69","Calnexin",13.0138262503724,12.5744278720012,-0.0502617181189295,0.275878779047792,0.410057693264931
"G3HP71","Heterogeneous nuclear ribonucleoprotein H (Fragment)",2.01654773816825,1.84762257066402,-0.127002495703056,0.0568025000553461,0.158756232760104
"G3HP75","D-3-phosphoglycerate dehydrogenase",16.4932932117977,18.6226692195557,0.172650164314402,0.109435446833081,0.224161836322106
"G3HP78","Neurogenic locus notch-like protein 2",0.0647800015848362,0.0789705938791538,0.285095386353448,0.00984384623385316,0.0730539985470211
"G3HP80","Vesicle-trafficking protein SEC22b",18.1752575848208,18.914873133442,0.0569338905438874,0.209675731013992,0.338209480339196
"G3HP88","Chromodomain-helicase-DNA-binding protein 1-like",0.0715180110629822,0.0905009570019728,0.334947539158501,0.0699912530089214,0.173971053693706
"G3HP89","GTP-binding nuclear protein Ran",53.8386354261969,58.8438830165147,0.123469531700972,0.289074623663288,0.421399288066648
"G3HP98","Nibrin",0.0490376799768899,0.0447574492464461,-0.132398795119995,0.0460866665912259,0.143372026934109
"G3HPA0","2,4-dienoyl-CoA reductase [(3E)-enoyl-CoA-producing] (Fragment)",1.82394587150704,1.70815111187361,-0.0948038172402074,0.0365530482271711,0.127573568734454
"G3HPE8","Vasodilator-stimulated phosphoprotein",0.587359982602783,0.702309675157094,0.259006475638425,0.0127157015410891,0.0811024173353538
"G3HPE9","Echinoderm microtubule-associated protein-like 2",2.04336854612862,1.98374476756738,-0.0422049637042488,0.474475983429812,0.596570667370241
"G3HPF1","Small nuclear ribonucleoprotein Sm D2",1.39714655619426,1.63414556682942,0.219992066485273,0.167841605549733,0.29221172926005
"G3HPF7","Symplekin",0.524770527296462,0.557357273139432,0.0861957670392924,0.118076089558999,0.235910296175499
"G3HPI0","40S ribosomal protein S4",19.5247359621605,14.007661240701,-0.478066587834949,0.0359905143646474,0.12719566044992
"G3HPJ4","Protein SET",6.04086811628196,4.35757970493567,-0.474173980572619,0.00558813376090728,0.0662513158860103
"G3HPJ9","Polypyrimidine tract-binding protein 3 isoform X9",0.617481591332014,0.474365560533354,-0.363228509989682,0.198332386141206,0.326361109348386
"G3HPK0","Hydroxysteroid dehydrogenase-like protein 2",1.63334796676184,1.66805632888743,0.029608549036043,0.458856849106664,0.581740103772728
"G3HPL6","BAT2 domain-containing protein 1",1.43587873669893,1.33762797280481,-0.102207383969262,0.0254264277744832,0.105455085205942
"G3HPM4","RAB6-interacting golgin",0.174361046044587,0.181891650798292,0.0616774376828744,0.216053464743821,0.345830199185828
"G3HPN1","L-aminoadipate-semialdehyde dehydrogenase-phosphopantetheinyl transferase",0.780379412677869,0.780856427649426,-0.000349703908008037,0.991437805871909,0.994356642946083
"G3HPP1","Calcium load-activated calcium channel",2.40441015586468,3.01524334989751,0.321601316144038,0.071624644950424,0.175324661570688
"G3HPP2","4-trimethylaminobutyraldehyde dehydrogenase",1.4697659659429,1.5689096427478,0.093852522474228,0.0521448347659284,0.15273275382181
"G3HPQ3","Voltage-dependent calcium channel subunit alpha-2/delta-1",0.110549815597216,0.124465965491122,0.170610367477217,0.0206799037646095,0.0962732821398119
"G3HPR6","Tubulin-folding cofactor B",0.682520304385216,0.664799673317099,-0.040047407606311,0.64939975435947,0.740054810296611
"G3HPS0","KASH domain-containing protein C19orf46-like",1.40365006332343,1.38555065551457,-0.0190096088082358,0.534563870945056,0.648255534801849
"G3HPT1","Cytochrome c oxidase subunit 6B1",4.27429907258758,4.10199837012987,-0.0593873176494624,0.170604308852399,0.295249545878479
"G3HPT2","RNA-binding protein 42",0.0592164130092941,0.0588238382493185,-0.0118884397778807,0.900135990900536,0.933392517390789
"G3HPT5","Glyceraldehyde-3-phosphate dehydrogenase, testis-specific",0.300296166776398,0.267323623164844,-0.166835803654269,0.0470954686879517,0.144613333668417
"G3HPU1","Aspartyl/asparaginyl beta-hydroxylase (Fragment)",3.53303361179972,3.72744190190961,0.0773523747253124,0.00958763617692717,0.0726848275576024
"G3HPY5","ubiquitinyl hydrolase 1",1.48837821532534,1.35371047398599,-0.138141727319308,0.0803338596327351,0.187489898491512
"G3HPZ0","Vesicle-associated membrane protein 8",1.3324833592056,1.05419822318956,-0.335476976385778,0.0352892709029008,0.126459517892943
"G3HPZ1","Vitamin K-dependent gamma-carboxylase",0.154749918650769,0.142289993250966,-0.121298045396528,0.0468222149917289,0.144303824656829
"G3HPZ2","S-adenosylmethionine synthase",1.95480299564403,1.66671946341228,-0.230753359823893,0.00952735460508902,0.0724728542346203
"G3HPZ5","Macrophage-capping protein",6.26052518520213,4.11754150884912,-0.605879074696784,0.000522578167128196,0.0301563642306564
"G3HQ05","Succinate--CoA ligase [ADP/GDP-forming] subunit alpha, mitochondrial",4.2002298501961,3.09465690644348,-0.4406586381314,0.000189348836555319,0.0292870881507975
"G3HQ32","U3 small nucleolar ribonucleoprotein protein MPP10",0.820186892221672,0.769748056415704,-0.0923757610265669,0.108430709318793,0.222813027337517
"G3HQ45","protein-synthesizing GTPase",16.409781253864,15.6998367486757,-0.0645569493232192,0.227742065823705,0.358201454093957
"G3HQ49","Ribosomal protein",1.95116802251646,1.94534846341287,-0.00318909840179527,0.939725667521848,0.960678622234461
"G3HQ51","Protein-serine/threonine kinase",1.16736601221888,1.21285369603551,0.054702360866542,0.168893273904905,0.293350175277487
"G3HQ60","Oxysterol-binding protein",0.0181552749379301,0.0172933722658213,-0.0709842259215243,0.287852664378294,0.420960145238847
"G3HQ64","7-dehydrocholesterol reductase",4.43408620378807,4.67741940587399,0.0771790547516735,0.0428272867247581,0.137850540977668
"G3HQ69","Cortactin",5.17512375959369,5.00795789113814,-0.0483811553905973,0.34941355592859,0.483071467087016
"G3HQ70","Liprin-alpha-1",0.743839593265577,0.822305116941623,0.14367985725815,0.0701811443928724,0.173971053693706
"G3HQ86","BH3-interacting domain death agonist",1.71104847670449,1.5393859435229,-0.151849082223952,0.041758130028612,0.136354510689262
"G3HQ88","Bcl-2-like protein 13",2.07846041318947,1.68252908901497,-0.306710114936697,0.0135909011893771,0.08331272212609
"G3HQ89","V-type proton ATPase subunit E 1",0.972399996298051,0.989780995262168,0.0246934968573822,0.584956585356056,0.689783194087231
"G3HQ97","Golgi integral membrane protein 4",1.20944144970155,1.32781481596548,0.133811725041846,0.0730143183877456,0.176932763363146
"G3HQ99","Programmed cell death protein 10",2.11788291496334,2.09829848151234,-0.0132676158098128,0.683486473096103,0.766374949900388
"G3HQA3","Arfaptin-1",1.48284162829232,1.14532866607022,-0.298697727033571,0.441177712977388,0.566615977383801
"G3HQB7","Small nuclear ribonucleoprotein E",52.4245492835658,60.8909858268476,0.216387443566157,0.00946656301767882,0.0724728542346203
"G3HQB8","Zinc finger CCCH domain-containing protein 11A",0.347829488282739,0.340073587720769,-0.0326063582177987,0.0833442951978118,0.191665711950123
"G3HQD6","60S ribosome subunit biogenesis protein NIP7-like",1.39162452239077,1.38788307358042,-0.00312399405453806,0.947319516190149,0.96578690852526
"G3HQG4","Protein Shroom4",0.0641722005927349,0.0615985282899746,-0.0577682360590965,0.403898863964537,0.532495679456404
"G3HQG6","Dysferlin",0.315287856334527,0.310723485312046,-0.0213111969737667,0.552963448825247,0.664071999719448
"G3HQH1","Cold shock domain-containing protein E1 (Fragment)",1.06790680205908,1.03747703617173,-0.041706049156863,0.0323865819500277,0.120308423736673
"G3HQH4","Pre-mRNA-splicing factor SPF27",3.03078596957073,2.74364805136718,-0.143968901918159,0.0227171886207297,0.100574643271934
"G3HQH5","E3 ubiquitin-protein ligase TRIM33 (Fragment)",0.592064794418233,0.646161794803045,0.126013635976709,0.0208107605954891,0.0965182916973399
"G3HQI8","Myosin-Vb",1.47296826698141,1.48864903833627,0.01485981304717,0.605737075074391,0.704448224556632
"G3HQJ6","Kinetochore protein Nuf2",0.477732779391807,0.576868620895105,0.272159807183898,0.00043433208185116,0.030127760075788
"G3HQK2","3-keto-steroid reductase",3.73394999382665,4.19910300328895,0.16889312612615,0.0206399047328116,0.0962732821398119
"G3HQK4","receptor protein-tyrosine kinase",0.504001543963016,0.594353149094107,0.237860484413337,0.000256538099199774,0.030127760075788
"G3HQK5","UDP-N-acetylglucosamine pyrophosphorylase 1",0.798713719753582,0.852334088929291,0.0937112480195832,0.00213221000477887,0.0509292449037493
"G3HQL6","Thioredoxin reductase 1, cytoplasmic",4.50006255209404,4.3857888411187,-0.0385026816824929,0.51362424931612,0.629742368775801
"G3HQM6","Endoplasmin",157.086901568323,178.324524964995,0.183319672762669,0.0135169636233497,0.0832981821597365
"G3HQM9","5'-nucleotidase domain-containing protein 3",0.0649353264739854,0.0573498489671269,-0.18013033098491,0.135343562080149,0.255906347091002
"G3HQP2","Valine--tRNA ligase, mitochondrial",0.234663538260395,0.224506401664715,-0.0646551939559794,0.201947739554275,0.330038615375078
"G3HQP3","General transcription factor IIH subunit 4",0.0954803005254941,0.101790761180937,0.0927687347230588,0.151038904418047,0.274579677252887
"G3HQP7","Flotillin",2.12069382057874,2.25624063550859,0.0889536511293061,0.0744810330788229,0.178573078592278
"G3HQP8","Tubulin beta chain",395.337369555351,424.587762055798,0.101507028700404,0.340609790599015,0.474032013921962
"G3HQP9","Mediator of DNA damage checkpoint protein 1",0.200727990799869,0.217470364457028,0.115369508955961,0.0199180119560908,0.0951219205367208
"G3HQQ2","Phostensin",1.00729731993127,0.791637646529029,-0.348097618727012,0.00675441475345628,0.0684249127428805
"G3HQQ3","Putative pre-mRNA-splicing factor ATP-dependent RNA helicase DHX16",0.328384046108157,0.34630382188855,0.0761675026515483,0.113097285572265,0.229138386689087
"G3HQQ7","Serine/threonine-protein phosphatase 1 regulatory subunit 10",1.08214814287381,1.01532607397208,-0.0911127484235505,0.128906846865718,0.248675052714442
"G3HQQ9","ATP-binding cassette sub-family F member 1",4.33833631596406,4.1536869101369,-0.0630493810176587,0.0888705972093224,0.199229664339988
"G3HQR1","Guanine nucleotide-binding protein-like 1 (Fragment)",1.27887185692626,1.24052302736284,-0.0438943868722696,0.0365174686275844,0.127573568734454
"G3HQR7","60S ribosomal protein L18a",9.10300662770769,9.63952162450968,0.0828208179742336,0.157403977000464,0.280822022681399
"G3HQR9","Estradiol 17-beta-dehydrogenase 8",2.88007502176297,2.81108094168275,-0.0350512858149616,0.234148359322927,0.36569974738863
"G3HQS0","Zinc transporter SLC39A7",0.862264046362699,0.977156693910228,0.185675482950124,0.172374286139293,0.297390069952687
"G3HQS5","Bromodomain-containing protein 2",0.688348456881192,0.619975021058885,-0.150837100970343,0.00814469055884442,0.0708998710557229
"G3HQS9","ABC-type antigen peptide transporter",0.0622525465199296,0.0720932673724284,0.210060275642135,0.0864016538076115,0.195528286202891
"G3HQT1","ABC-type antigen peptide transporter",0.763968561814606,0.704451629538404,-0.117178078072511,0.0085343341384283,0.0708998710557229
"G3HQV2","Serine/threonine-protein kinase OSR1",1.4911930156283,1.47569017144294,-0.0151220154759643,0.449239689822624,0.572801996890028
"G3HQV4","3-ketoacyl-CoA thiolase B, peroxisomal (Fragment)",3.26811140877845,3.54232440773314,0.116142883271116,0.00740989400731149,0.0689292288771211
"G3HQW1","WD repeat-containing protein 48",0.0596744042221507,0.0593979084510195,-0.00678858604052657,0.864178757825919,0.904442245917246
"G3HQX0","40S ribosomal protein SA",141.166080676543,138.675588023478,-0.0264213825209447,0.564102727453871,0.672622667897438
"G3HQY6","Lipase",1.41662294682599,1.52668670730707,0.108017892164338,0.00585470982267223,0.0662513158860103
"G3HQZ2","NADH dehydrogenase [ubiquinone] 1 beta subcomplex subunit 6",0.124047106268302,0.138195194285298,0.155329798559621,0.0269719310881232,0.10761635103304
"G3HQZ8","Cytoplasmic aconitate hydratase",0.530590056759204,0.536585123470666,0.0158432983440949,0.696418482706726,0.776970887206471
"G3HR00","NADH dehydrogenase [ubiquinone] 1 alpha subcomplex subunit 4",13.0362041334009,14.2172737692815,0.125180490169385,0.0049686218847756,0.0652342887500102
"G3HR05","Condensin complex subunit 3",1.23972764436084,1.20690664661515,-0.0383800953739143,0.471847104051348,0.594158110331024
"G3HR08","Cytosol aminopeptidase",18.2388223909928,18.2787713809033,0.00309452938176058,0.900206467325207,0.933392517390789
"G3HR10","Dihydropteridine reductase",1.89087529844139,1.78460764736323,-0.0846514278479643,0.22810660745938,0.358606301158547
"G3HR49","Transcription initiation factor TFIID subunit 8",0.321845819100354,0.340951725712404,0.0829074719404417,0.143139220863794,0.26468893493432
"G3HR54","Small ribosomal subunit protein uS10m",2.87445143476825,2.78307311107182,-0.0469144307647793,0.154089394990478,0.278220454105715
"G3HR57","E3 ubiquitin-protein ligase",0.0902485311839212,0.0845637045250042,-0.0947384589055424,0.111720007704207,0.227449431743298
"G3HR61","60S ribosomal protein L7-like 1",1.75824215660683,1.9058638544085,0.116286342833165,0.0010454727401598,0.0368336553822615
"G3HR63","Protein canopy-like 3",8.4329790453164,9.77814872779027,0.212142430890644,0.0470346451043682,0.144559189315262
"G3HR69","Serine/threonine-protein phosphatase 2A 56 kDa regulatory subunit",1.88414631220812,1.77683439087483,-0.0844733423874775,0.037841130504276,0.129635889250575
"G3HR76","Cullin-7",0.0182920372126258,0.0178155102160033,-0.0380630973122411,0.0129153237047337,0.0811024173353538
"G3HR77","Large ribosomal subunit protein uL2",1.36499503084822,1.1240083977244,-0.280881782754693,0.00743968220092702,0.0689292288771211
"G3HR92","Golgi SNAP receptor complex member 1",0.900146610747365,0.962168093742756,0.0951985805626841,0.126553836768074,0.246246202565734
"G3HR95","Carboxypeptidase D",0.56922656695062,0.607834950835983,0.0946473853835735,0.031609182055153,0.118738420133105
"G3HR96","Bleomycin hydrolase",1.7873517901874,1.85010302968926,0.0499329538016174,0.158520653660745,0.281569495706258
"G3HRC5","Dolichyl-diphosphooligosaccharide--protein glycosyltransferase subunit DAD1",6.92558421888709,7.3075748707942,0.0771744058305237,0.143731413487801,0.265313469713219
"G3HRC8","Mitochondrial inner membrane protein OXA1L",2.16179725351798,1.97293282176191,-0.126195173264436,0.303601564709788,0.437431957418708
"G3HRD0","Matrix metalloproteinase-14",0.0565591006108861,0.060733042240638,0.10263836239133,0.0132531801028245,0.0822975766310825
"G3HRD3","Protein arginine N-methyltransferase 5",1.73440482870979,1.4933231033799,-0.214924214885776,0.0382071703877436,0.130179562407209
"G3HRD9","Proteasome subunit beta",9.8337605689924,9.60337254641036,-0.034725848943042,0.417160254402257,0.543917168478518
"G3HRE2","Apoptotic chromatin condensation inducer in the nucleus",0.551152048856974,0.577002518465771,0.0654635738799418,0.176907986549193,0.302674487814251
"G3HRF0","Polyadenylate-binding protein 2",3.2510767969267,2.95196385276382,-0.138702997665661,0.0945095852233637,0.206882656469979
"G3HRF8","CD166 antigen",10.3937795890649,12.9615266452063,0.316486588505681,0.0303842710084773,0.115596547815296
"G3HRG4","Testis-expressed sequence 10 protein",0.464329063096508,0.575745509392135,0.30640463001196,0.0621292994936612,0.164176339229791
"G3HRG8","Endoplasmic reticulum resident protein ERp44 (Fragment)",8.17376794692719,8.40177273330231,0.0381018138033644,0.502792573218091,0.620379031591288
"G3HRH4","Thioredoxin-related transmembrane protein 2",2.58708336258696,2.53853167414134,-0.0268795025785109,0.419549240397418,0.545544408550956
"G3HRI3","Mitochondrial import inner membrane translocase subunit",1.85316432261022,1.90214310288897,0.0384758746974687,0.415118215606991,0.542099363104409
"G3HRJ1","FACT complex subunit SSRP1",0.471067026385661,0.516611989855185,0.132786941868557,0.0248485057350445,0.104320806041985
"G3HRJ2","182 kDa tankyrase-1-binding protein",1.48542107588455,1.42790154547693,-0.05698768566276,0.0149899468393879,0.0859098494373822
"G3HRJ7","Catenin delta-1",2.37269864814332,2.4788560964986,0.0630188747965721,0.0447817815848714,0.141667885599778
"G3HRK0","Proliferation-associated 2G4",35.6039034071154,31.2855056900876,-0.186451263415718,0.0015474994030755,0.0431623375174474
"G3HRK5","Cyclin-dependent kinase 2",0.911890877434834,0.987815728942338,0.114985680595907,0.0396102608281697,0.132974466391057
"G3HRL3","ORM1-like protein",5.34616854854697,6.08960432074651,0.186609027280564,0.0615809251914286,0.163710370624076
"G3HRL6","Tetraspanin",13.4944884120069,12.4799979277088,-0.118731394061672,0.330329224793595,0.464347717506998
"G3HRM7","DNA primase",0.663765606175367,0.636198340308154,-0.0607915511042977,0.132008037843939,0.251899032305396
"G3HRM8","Nascent polypeptide-associated complex subunit alpha, muscle-specific form",14.424332411146,13.5430594607105,-0.089222012677932,0.219099418445372,0.349535630856369
"G3HRM9","Prostaglandin E synthase 3 (Fragment)",1.95904396235735,1.60776958352899,-0.282409525687131,0.0530487814953424,0.154792281044526
"G3HRN0","ATP synthase subunit beta",91.7288551678312,90.9818229158809,-0.0117172256243405,0.555834429316515,0.665847471339433
"G3HRN5","SPRY domain containing 4",1.38885564810464,1.44029029003423,0.0511124793235863,0.36627602889351,0.497967728615304
"G3HRN7","Protein timeless-like",0.0948967513314039,0.0985231205836736,0.0555988511330239,0.50494857935737,0.622579150203836
"G3HRP1","PAB-dependent poly(A)-specific ribonuclease subunit 2",0.0519310924790261,0.0514491340965871,-0.0134395624013441,0.368553312398226,0.499210010763603
"G3HRP2","Canopy FGF signaling regulator 2",15.6519133304928,16.6168626429544,0.0862948261729608,0.00118064924484866,0.0387415002206711
"G3HRP3","Citrate synthase",42.1046487638794,43.2882212659675,0.0376816003498712,0.566711661982858,0.674531981741332
"G3HRQ3","SWI/SNF complex subunit SMARCC2",0.19045609016135,0.219530747245308,0.204899646410861,0.00110017909406644,0.0371949437155595
"G3HRQ4","Myosin light polypeptide 6",43.8783764303036,44.3852619467236,0.0156107602452877,0.706485542539989,0.784788984490733
"G3HRQ6","Extended synaptotagmin-1",4.63832342892711,5.60738323346168,0.275502606278589,0.0509059086485247,0.150780598448329
"G3HRR5","ELAV-like protein",24.6262934255235,25.6936578733082,0.0611802775313439,0.00731872505689207,0.0689292288771211
"G3HRR7","Mitochondrial import inner membrane translocase subunit TIM44",4.81154114634579,5.38311335848094,0.15543056144445,0.268589218192854,0.40186326030017
"G3HRS6","SECIS-binding protein 2-like",0.293489329358576,0.254414400780838,-0.205938142340275,0.0056471772095599,0.0662513158860103
"G3HRT6","Solute carrier family 12 member 1",0.261718485664447,0.283585630406036,0.116643750487015,0.0751854543360623,0.180019143601303
"G3HRW0","Transcription initiation factor TFIID subunit 9",1.13646323681036,1.3161877989472,0.211155893980129,0.0204916533822804,0.0961929367047582
"G3HRW3","Cyclin-dependent kinase 7",0.99248205648826,0.956592815979802,-0.053153087253958,0.107205918270547,0.221629529617988
"G3HRW5","G2/mitotic-specific cyclin-B1",0.225168259643121,0.211222005172369,-0.0919739883049564,0.0476212187810146,0.145560017589092
"G3HRW8","Heterogeneous nuclear ribonucleoprotein M",26.9521645443225,26.1578795998677,-0.043193541591843,0.0199224578118438,0.0951219205367208
"G3HRY2","Peroxisomal carnitine O-octanoyltransferase",0.170419279317522,0.170280671233963,-0.000826549871900006,0.96976819748406,0.98040894874579
"G3HRY8","SWI/SNF-related matrix-associated actin-dependent regulator of chromatin subfamily A member 5",0.876632997586274,0.925648520575008,0.078507727879423,0.110021740762172,0.22494976562675
"G3HRZ4","Differentially expressed in FDCP 6",0.204450937830348,0.192174631611505,-0.0894078721614435,0.0387407386779868,0.131142705940285
"G3HS06","Small ribosomal subunit protein eS10",83.8420422588103,82.8326656528296,-0.0175179342748466,0.36349149829202,0.496573895829955
"G3HS21","GTP:AMP phosphotransferase AK3, mitochondrial",15.3850016675052,15.236430908515,-0.0141633223976458,0.781252796227049,0.842632692103272
"G3HS22","RNA 3'-terminal phosphate cyclase-like protein",0.70303624232163,0.731658964848164,0.0557359352995892,0.398932236499914,0.52757881869979
"G3HS38","Treacle protein",1.12336585991102,1.09304522005891,-0.0394665673916249,0.314078735289791,0.4477157283106
"G3HS40","Small ribosomal subunit protein uS11",30.9429430500346,26.1698075473982,-0.242195308336044,0.00638849941429822,0.0674853425139978
"G3HS45","Pre-mRNA-splicing factor RBM22",0.165895388695678,0.143018077695139,-0.214097919272397,0.0056001259316724,0.0662513158860103
"G3HS46","Dynactin subunit 4",0.57897379628128,0.605977127537075,0.0649745871425645,0.205013225528222,0.333096730991727
"G3HS52","Cytokine-like nuclear factor N-PAC",0.72349115575739,0.703709806534737,-0.0398638355875576,0.318129966205691,0.451944395963688
"G3HS67","Heme oxygenase",3.97508032215307,4.04478665534614,0.0234942942151757,0.655873201632441,0.745908122957452
"G3HS69","DnaJ-like subfamily A member 3, mitochondrial",2.11815287503598,2.0819803678301,-0.0254328175658394,0.488608035737789,0.608396984975587
"G3HS70","Coronin",0.615007988602182,0.658069172200841,0.0978956434339557,0.064259043711091,0.167213046054543
"G3HS71","Vasorin",0.386142925966109,0.385358411594964,-0.0034794436509058,0.933349284101167,0.957960539789215
"G3HS72","Mitochondrial import inner membrane translocase subunit Tim16",1.32489956671911,1.26289946710059,-0.0689658319298618,0.0581730017940425,0.159613480789393
"G3HS87","Large ribosomal subunit protein mL42",2.1839738617452,2.03750726394199,-0.100819033587415,0.0907589209349735,0.20120279538301
"G3HS88","E2 ubiquitin-conjugating enzyme (Fragment)",12.4587431004251,12.2132057903424,-0.0280964262285486,0.542293635520759,0.654782394692634
"G3HSA2","Myb-binding protein 1A",17.4841457819169,18.9279259818745,0.113419636281209,0.103453730774136,0.218185026402666
"G3HSA6","Solute carrier family 13 member 5",0.0723525316763665,0.0562179306145753,-0.365285826929493,0.00667442100717339,0.0684249127428805
"G3HSB7","Nuclear migration protein nudC",2.04951739028219,1.50630492670478,-0.443206153314869,0.00758681732102628,0.0690029281887907
"G3HSC6","Leucine rich repeat containing 8 VRAC subunit D",0.220392842793208,0.217413936002878,-0.0195880963572077,0.487863484689534,0.608148634359728
"G3HSC7","DBIRD complex subunit ZNF326",1.36910203720118,1.74166971318571,0.346152759266213,0.0139118019221503,0.0845059909862741
"G3HSC9","60S ribosomal protein L7",24.8979721746138,30.0738866718608,0.269937144346433,0.0518328790069551,0.152313122068726
"G3HSE4","Proteasome subunit alpha type",14.9742412481662,13.037722071547,-0.200940456170722,0.0262948471705785,0.106419411704868
"G3HSE5","Coatomer subunit beta",2.46096308839263,2.43246913766975,-0.0163062411236243,0.700924037009751,0.779875205426747
"G3HSE8","Ras-related protein R-Ras2 (Fragment)",2.1551143863232,2.36618185455485,0.134412714318713,0.0271180269600263,0.107795767500247
"G3HSF3","Proteasome subunit alpha type",5.68148749706246,5.17039624327255,-0.135256584428883,0.106659294611012,0.221182564475252
"G3HSF8","Cordon-bleu protein-like 1",0.740839223487368,0.869849650630362,0.231039055352398,0.0143502334033825,0.0849136339359942
"G3HSH0","PEST proteolytic signal-containing nuclear protein",2.07712738110538,1.93249883032646,-0.103900469567238,0.0245939630224635,0.104097284275015
"G3HSH4","Large ribosomal subunit protein eL24",97.2696348723744,89.245244109501,-0.122097983515342,0.184112132245507,0.309815639329166
"G3HSI8","Guanine nucleotide-binding protein subunit alpha",2.04956342032327,2.12925444479357,0.0547353464014726,0.127315091779292,0.24707703193043
"G3HSJ1","BOS complex subunit NCLN",4.04765205781095,4.1218604121747,0.0258525344351743,0.437031252579195,0.563026790755414
"G3HSJ6","Deoxyhypusine hydroxylase",0.163637568765649,0.159015209840401,-0.0416585189261567,0.2053526856397,0.333324655109639
"G3HSK4","Splicing factor Cactin",0.430349783200155,0.445587311385518,0.0523858042394378,0.481538312101129,0.603410232348364
"G3HSK8","Large ribosomal subunit protein mL54",1.10577358284461,1.09035612595219,-0.0204042548936022,0.491603939453626,0.610990859766538
"G3HSL4","Elongation factor 2",123.231973499648,119.995183457926,-0.0398128349659483,0.5538495300668,0.664659152790814
"G3HSM3","Thimet oligopeptidase",3.40955827076171,3.13276701551676,-0.122924214933973,0.0552555663157581,0.15708915202408
"G3HSM4","Small glutamine rich tetratricopeptide repeat containing alpha",3.58856138725789,3.15924356135239,-0.184651802733726,0.0569149405178203,0.158877652971764
"G3HSM8","Lamin-B2",3.77603361739755,3.67729446734145,-0.0382140866616427,0.324955105508437,0.459495030898496
"G3HSN1","Spliceosome-associated protein CWC15 homolog",4.57290346662303,4.38742029899834,-0.0595036242449787,0.112835116354626,0.228745690150778
"G3HSN6","Double-strand break repair protein",0.507589631318013,0.513825303089443,0.0170281286855628,0.698426930412967,0.778289087941392
"G3HSP6","Mediator of RNA polymerase II transcription subunit 17",0.21242878813279,0.302607295571672,0.506058392896205,0.0342151128174345,0.124232150329587
"G3HSQ5","mRNA cap guanine-N7 methyltransferase",0.824299149230588,0.764151206234049,-0.109298219664896,0.0680766221873684,0.171939410954453
"G3HSR1","Nucleoporin SEH1",0.25019345502339,0.264029871463883,0.0775975203529999,0.0103738440046322,0.0740687025749455
"G3HST8","PAK1 interacting protein 1",0.894774499697548,0.847682006657839,-0.0771979420004681,0.172743021340448,0.297566079478373
"G3HSU8","long-chain-fatty-acid--CoA ligase",0.760267782208976,0.802412442104109,0.0779498856582139,0.0242110416023825,0.103476704879158
"G3HSV8","Host cell factor",2.43553959073561,2.33919883927558,-0.0588788263848439,0.220398327533827,0.350719614768856
"G3HSV9","Host cell factor",2.34929226894061,2.26159662850542,-0.0562469796724672,0.354326450537212,0.487235262920315
"G3HSW2","N-terminal amino-acid N(alpha)-acetyltransferase NatA",2.86048519718253,2.72963207063921,-0.0684271128529623,0.191878420271204,0.318965587087459
"G3HSW8","Translocon-associated protein subunit delta",27.8332007911258,30.0567847712488,0.111594442994466,0.0644843703738469,0.167439245648771
"G3HSW9","Isocitrate dehydrogenase [NAD] subunit, mitochondrial",2.93937052115822,2.93398476190491,-0.00510767992617467,0.973629101989246,0.982434912378055
"G3HSX3","B-cell receptor-associated protein",1.27348069251491,1.23943304256453,-0.0404960129375855,0.476882345562275,0.598247830058821
"G3HSX7","Calcium-transporting ATPase",0.293441867087118,0.451447121935078,0.622856251491377,0.000555633413345742,0.0308736757493432
"G3HSY4","Large ribosomal subunit protein uL15m",1.13728377323807,1.07859016533291,-0.0767866698820121,0.069154289821861,0.173118480204764
"G3HSY5","Transcription elongation factor A protein 1",0.603960053545035,0.593234115346281,-0.0261825001744171,0.43028777814515,0.556435935464526
"G3HSY7","V-type proton ATPase subunit H",1.21281099645074,1.4010143021248,0.20788502116763,0.00680501616071882,0.0684249127428805
"G3HSZ4","Splicing factor, arginine/serine-rich 7 (Fragment)",41.5871743588077,39.7121817926213,-0.0668802311041219,0.154426460395273,0.278333528779202
"G3HSZ7","Heterogeneous nuclear ribonucleoprotein L-like",2.71495657305748,2.70110050895266,-0.00728752977251079,0.744329724465761,0.814735452607358
"G3HSZ8","Atlastin-2 (Fragment)",0.980080281685299,1.08455653242301,0.146615267257615,0.0210776721822711,0.0967722480028275
"G3HT11","Cysteine and glycine-rich protein 2",2.21263339914118,1.94192143989807,-0.188840369970633,0.039036742506887,0.131709654405797
"G3HT14","Oxysterol-binding protein",0.105925200660405,0.104904330904503,-0.0138210397185912,0.459365756983177,0.581944431726984
"G3HT18","Nucleosome assembly protein 1-like 1",54.2123835232584,52.4919463008523,-0.0525165312373082,0.656808754958586,0.746718377325539
"G3HT19","Zinc finger CCHC domain-containing protein 3",0.577143276185387,0.50323917983465,-0.1975949465277,0.0087907505388573,0.0708998710557229
"G3HT22","Glycerol-3-phosphate dehydrogenase",7.92898072620012,7.5495926428236,-0.070940227775194,0.0455683362532112,0.142966631233875
"G3HT29","Amyloid beta A4 precursor protein-binding family B member 1-interacting protein",0.625533791510596,0.627900885838516,0.00310833869954885,0.935482482281877,0.958288562322658
"G3HT32","Cullin-2",0.794902431147777,0.794231991623586,-0.00141356378508911,0.959558336262219,0.97470159376924
"G3HT37","Acyl-CoA-binding domain-containing protein 5",0.761841649493381,0.814171692182453,0.0956791588918112,0.0417626116485411,0.136354510689262
"G3HT41","Abl interactor 1",3.07728626590546,2.92214737927299,-0.0745138083528138,0.0541665530446283,0.155886030129296
"G3HT60","Niemann-Pick C1 protein (Fragment)",0.440913640362403,0.432595642175365,-0.0287328788628998,0.667211588660796,0.755721552368082
"G3HT77","Cytoplasmic FMR1-interacting protein",1.39677807623421,1.43703277847054,0.0413373574903024,0.246158280021908,0.379848669079449
"G3HTA4","Leucine-rich repeat flightless-interacting protein 2",0.141829899135947,0.137079161574391,-0.0492242805092391,0.138773761266783,0.259647557600533
"G3HTA6","EPM2A-interacting protein 1",0.0775395325949967,0.0837988339293538,0.111875029983428,0.0324592725131749,0.120444772839907
"G3HTC0","Tuftelin-interacting protein 11",1.21245287627387,1.18692302961759,-0.0306866015522468,0.022599962444094,0.10034328580973
"G3HTD4","SPRY domain-containing protein 7",0.447612900273872,0.44554437273515,-0.00681460389801569,0.802508533807936,0.857050434797435
"G3HTE0","Chromobox protein-like 8",0.241489468516772,0.259298101649397,0.102171572211762,0.0721126044694565,0.176175830043263
"G3HTE5","Lysosomal alpha-glucosidase",5.55816674755579,6.35079893660691,0.192234231450036,0.00294479903146119,0.0559749170833014
"G3HTE6","Eukaryotic initiation factor 4A-III",16.8740463277052,17.0240940644877,0.0123167169262821,0.708615162867056,0.786123616213469
"G3HTF5","Phosphatidylinositol transfer protein alpha isoform",1.22388593727861,1.31757546109045,0.106047895611733,0.0448786077775793,0.141784967806097
"G3HTF7","Myosin-Ic",9.5988866355402,10.5092651467842,0.130886659970538,0.00648120486773146,0.0680018579695837
"G3HTF8","Adapter molecule crk",5.22735142688864,4.59403654449145,-0.186597410322783,0.00518578890431648,0.0657455888740427
"G3HTG4","Vacuolar protein sorting-associated protein 53 homolog",0.122369049380695,0.125707920355366,0.0369594436912166,0.547424612335357,0.659075603412388
"G3HTG6","Component of gems 4",0.0543429626428684,0.0566691928466382,0.0598495902440064,0.213047790257826,0.342328830529497
"G3HTG9","Gem nuclear organelle associated protein 4",3.64813698574508,3.91995414228606,0.102389033936432,0.148397005245128,0.271264214394017
"G3HTH0","Mitochondrial rRNA methyltransferase 3",0.208515581023608,0.220326248520845,0.0790873514067094,0.0956354349058335,0.208664798324527
"G3HTH3","Active breakpoint cluster region-related protein",0.666269350587953,0.646419429238354,-0.0422378073605827,0.506913577035066,0.624307222366028
"G3HTI3","Putative G-protein coupled receptor 111",0.432133161828193,0.359073821335441,-0.269888159456641,0.0354470923771687,0.126485654457168
"G3HTI9","Homocysteine-responsive endoplasmic reticulum-resident ubiquitin-like domain member 2 protein",0.220854931308091,0.208776449146894,-0.0828766427248624,0.237515036598871,0.370266803677886
"G3HTJ2","Septin-7 (Fragment)",19.8850826873794,24.4158723753729,0.29579824530146,0.00878964412102062,0.0708998710557229
"G3HTK1","Mitochondrial import inner membrane translocase subunit TIM14",2.30428566597781,2.44538606999467,0.0867348223064603,0.1553784902162,0.279112373626203
"G3HTL1","ATPase family protein 2 homolog isoform X1",1.8762755856214,1.90596419100528,0.0227097725576985,0.134064412206713,0.254411984816192
"G3HTM9","Eukaryotic translation initiation factor 4C",6.34508513076176,6.19559242495508,-0.0329265974289479,0.603566842699583,0.702656773048871
"G3HTN5","Signal-induced proliferation-associated 1-like protein 1",0.123953711014021,0.120332004845062,-0.0429851477253265,0.12621074249004,0.245740171677815
"G3HTP7","RNA-binding protein 8A",3.75781566312412e-08,3.34097825399968e-08,-0.169102402974854,0.0233708174156208,0.102117657819951
"G3HTQ7","60S ribosomal protein L7a",13.4923632074357,12.6432747525127,-0.0941105632467325,0.262148676348922,0.395665087166675
"G3HTR9","Malic enzyme",4.17262124084297,4.13959759892011,-0.0119859778301707,0.866120586824432,0.906116142754438
"G3HTS8","CXXC-type zinc finger protein 1",0.623113595883476,0.61955989215685,-0.00818317154968262,0.77549831102935,0.837828549714408
"G3HTU0","Condensin-2 complex subunit G2",0.14979750105209,0.153417493149125,0.0345064918534841,0.0664271212456927,0.169589301914061
"G3HTU4","SAP30-binding protein",0.744020757514401,0.69643046975473,-0.0953798626944409,0.0139806347260746,0.0846067627660458
"G3HTU8","galactokinase",8.83070573844764,9.56352985394019,0.11507667463228,0.00296692785141426,0.0559749170833014
"G3HTV2","WW domain-binding protein 2",1.46240576432776,1.41594446202367,-0.0463454354262356,0.144083676608863,0.265555102208074
"G3HTV6","39S ribosomal protein L38, mitochondrial",0.704222042656429,0.713141471943639,0.0171293526739347,0.706708694130586,0.784788984490733
"G3HTV9","Acyl-coenzyme A oxidase",1.20593696527027,1.30289588511608,0.111451689316816,0.0129562404015577,0.0812069974232462
"G3HTW7","Signal recognition particle subunit SRP68",4.71466321052503,4.42394307295126,-0.0915805961943783,0.0402238595354895,0.133826300064894
"G3HTX6","Phosphoribosyl pyrophosphate synthetase-associated protein 1",0.834936567878789,0.91902531132213,0.138533182864409,0.00216072685280323,0.0509292449037493
"G3HTY0","Ubiquitin-conjugating enzyme E2 O",0.0745614452518853,0.073818117324295,-0.0150037781288144,0.658730309971841,0.748648674864432
"G3HTY6","NADH dehydrogenase [ubiquinone] iron-sulfur protein 2, mitochondrial",1.65802945794825,1.75940715075126,0.0885887347442882,0.336437158323451,0.469558379083075
"G3HU10","Prefoldin subunit 2",5.97335606909464,5.73651373278957,-0.0582035356107355,0.0751917426813928,0.180019143601303
"G3HU13","Ubiquitin-fold modifier-conjugating enzyme 1",0.836358855400534,0.980103820273401,0.225812466853984,0.0822530799556561,0.190247011420613
"G3HU20","Uncharacterized protein KIAA0090",5.73706628507893,5.53621744971027,-0.0514124158475351,0.295306747157122,0.427520494682396
"G3HU22","Ribosome assembly factor mrt4 (Fragment)",4.25013254365706,4.19173649686983,-0.0225504651769204,0.803323649677965,0.85737380595413
"G3HU24","Aflatoxin B1 aldehyde reductase member 2",0.957486639599405,0.94261496899157,-0.023700601075829,0.671323041661309,0.757112420245597
"G3HU28","F-actin-capping protein subunit beta",16.0633254163307,15.3673134680138,-0.0650140488865918,0.250768643862577,0.384657493587555
"G3HU51","Isocitrate dehydrogenase [NADP]",2.45734537399168,2.50857144295261,0.0295414616340395,0.263192614376142,0.396777348222848
"G3HU68","Cyclic AMP-responsive element-binding protein 1",7.95488943373813,7.47689447672443,-0.0918201208991065,0.276602794811766,0.410185890223739
"G3HU77","ATP-dependent RNA helicase",1.06119212757811,1.10924527956179,0.0640906885545203,0.0621061634411901,0.164176339229791
"G3HU95","Maltase-glucoamylase, intestinal",0.0260851969021512,0.0250310221649542,-0.0607611935850647,0.331578385827122,0.4651269309989
"G3HUC2","A-kinase anchor protein 2",1.61261179114169,1.52602497508337,-0.0795703766925439,0.0154607056199991,0.0867432101377319
"G3HUD4","Proteasome activator complex subunit 1",4.02918817617586e-08,4.59469399054203e-08,0.188922333037421,0.0382795743977388,0.130205015761414
"G3HUE5","Polysaccharide biosynthesis domain containing 1",1.24364274895793,1.11398777934403,-0.160946294954186,0.0996171638372773,0.214189509384765
"G3HUF3","Iron-sulfur clusters transporter ABCB7, mitochondrial",4.56228779709478,4.72406192327011,0.0498429011343435,0.259174481085419,0.392870012768522
"G3HUH9","Coiled-coil domain containing 90B",0.939031719876339,0.932823282449953,-0.00970457465214132,0.633742419453822,0.727412852507525
"G3HUI1","Pre-mRNA cleavage complex 2 protein Pcf11",0.0498452469682218,0.0504168043338326,0.0158770614655346,0.690900587376089,0.772617529551543
"G3HUI7","Protein ERGIC-53",4.13388318276744,4.46005440521076,0.109344926013905,0.0248759379092295,0.104320806041985
"G3HUK4","NADH dehydrogenase [ubiquinone] 1 beta subcomplex subunit 3",6.05160407085816,4.78995752446413,-0.335254670342048,0.0269764321830656,0.10761635103304
"G3HUK8","NIF3-like protein 1",1.66837506086809,1.76046951518869,0.0778294107228897,0.0584492313986254,0.15982808618562
"G3HUL2","Aldehyde oxidase",0.746903827023859,0.598048325162689,-0.320133710905899,0.00883335710494068,0.0708998710557229
"G3HUM5","SUMO-activating enzyme subunit 2",0.917420746764154,0.903785729506576,-0.0216329585433508,0.493499961579151,0.612210663975321
"G3HUN1","Ubiquitin carboxyl-terminal hydrolase",5.72577652764005,4.88292281393669,-0.229597556686466,0.00361958394408409,0.0602723754271117
"G3HUN3","60 kDa SS-A/Ro ribonucleoprotein",0.139626895161525,0.167777871654832,0.264124277151412,0.0193250660522857,0.0940130756933143
"G3HUN7","Parafibromin (Fragment)",4.86871302439297,4.92542964855998,0.0167697280564347,0.592306912320469,0.693164767670143
"G3HUN9","Parafibromin",1.23778685479302,1.00865061086201,-0.296376571720909,0.00599985188162451,0.0664103838758321
"G3HUP4","Uncharacterized protein C7orf50-like",0.431367989570319,0.439381201494296,0.0271337675813921,0.574698772399201,0.681132008222425
"G3HUQ0","UPF0363 protein C7orf20-like",0.234132817470351,0.228209078333675,-0.0396336807804691,0.607298327321145,0.705528462875346
"G3HUR3","Serum response factor-binding protein 1",0.124560323910803,0.117307926968879,-0.0866708804712446,0.0168586606229286,0.0889999007964385
"G3HUU6","Protein S100",49.3076710008525,51.6205228129347,0.0720362319106416,0.578377774968043,0.684522776809773
"G3HUU7","Protein S100-A10",0.559676437541331,0.788490155162683,0.509283574859123,0.0464377755700729,0.143914106326883
"G3HUV1","Transcriptional enhancer factor TEF-1",0.384619316752768,0.396916080628118,0.0438902500599234,0.500339954664,0.618175647198379
"G3HUV2","Alpha-parvin",1.43516304778485,1.6651366310418,0.212351995197305,0.0648953354450311,0.167954936160481
"G3HUV4","F-actin monooxygenase",0.143539033966619,0.14343056188622,-0.00102450496410933,0.963432338986046,0.975970955988588
"G3HUV6","Cysteine-rich motor neuron 1 protein",0.177934217188829,0.20743294090365,0.221117035340352,0.00304405764247597,0.0563639234890091
"G3HUW2","Striatin",0.856312276260071,0.813188073635551,-0.0748940966186578,0.073055729782102,0.176932763363146
"G3HUW4","G patch domain-containing protein 11",1.39447082923976,1.49057672780115,0.0961646146442044,0.00441627297291767,0.063315611396716
"G3HUX2","protein disulfide-isomerase",5.93260275334644,6.72088794653422,0.177089096657655,0.117148461723623,0.234787964903573
"G3HUX3","Rho-associated protein kinase 1",0.0367678407353326,0.037030435712133,0.00798926669183508,0.892675746707727,0.928749059443818
"G3HUX4","Ubiquitin carboxyl-terminal hydrolase 14",2.49856286605518,2.14265344350271,-0.221324154252935,0.0093696620003187,0.0723518394270431
"G3HUX5","THO complex subunit 1",1.31010920444541,1.22570026617857,-0.0946966888844069,0.180616234076266,0.306844011761778
"G3HUX8","Integrator complex subunit 14",0.647662477822805,0.709634964123627,0.130872704091266,0.0739942802355244,0.177935585664532
"G3HUX9","Very-long-chain (3R)-3-hydroxyacyl-CoA dehydratase",1.47719218761606,1.32058921075862,-0.161762245184339,0.13197592443044,0.251899032305396
"G3HUY7","ATP-dependent Clp protease ATP-binding subunit clpX-like, mitochondrial (Fragment)",1.77394198565105,1.8350017451392,0.0491081119073945,0.277318122856718,0.411064551462106
"G3HUZ7","Prostaglandin E synthase 2",2.74683886487348,3.45807635964283,0.332214400343239,0.000427661071914765,0.030127760075788
"G3HV08","Cell division protein kinase 9",0.512335150133406,0.479691130003062,-0.0966963101124952,0.280850032464601,0.413552599498029
"G3HV16","Niban-like protein 1",1.39592470991681,1.28750042180541,-0.116535531711841,0.044171551180901,0.140668108280186
"G3HV18","Large ribosomal subunit protein uL11",72.0571351868711,68.0339351229175,-0.0819568498261498,0.166140287844017,0.290376785072546
"G3HV39","Poly(RC)-binding protein 2",14.72505475006,16.4499837030298,0.15917454907565,0.0335890283352109,0.123104269467048
"G3HV48","Aladin",1.67908589081859,1.80281257147116,0.102489138724453,0.00952613711901199,0.0724728542346203
"G3HV49","Chromosome 2 C12orf10 homolog",0.299568665660351,0.283979330041215,-0.0771226015144797,0.0156176877305687,0.0867432101377319
"G3HV50","Prefoldin subunit 5",7.71542979150449,8.51025367814925,0.138987667250331,0.15857738255342,0.281569495706258
"G3HV63","Pyrroline-5-carboxylate reductase",6.77022396339229,7.32717016423342,0.114000360222508,0.00306587475756905,0.0563639234890091
"G3HV69","Golgi resident protein GCP60",1.64718844655986,1.6257103215689,-0.0189899521599139,0.193055423748004,0.320196483292651
"G3HV73","Poly [ADP-ribose] polymerase",2.86722250642164,2.82375660256061,-0.022230318663689,0.51199772039444,0.628403509409678
"G3HV80","Vesicle-associated membrane protein 7",2.87606203150809,3.16087589499242,0.136219682955561,0.000319888003032445,0.030127760075788
"G3HV82","Trimethyllysine dioxygenase, mitochondrial",0.848215653449338,0.825810198755858,-0.0390405050912702,0.367179506359042,0.498559759749985
"G3HV83","Prefoldin subunit 3",6.44083976921641,5.9412877891927,-0.116661207337159,0.0363787537541187,0.127573568734454
"G3HV88","FUN14 domain-containing protein 2",2.62818969570469,2.84283678941118,0.112533183451123,0.0760764264865591,0.181140101817584
"G3HV90","55 kDa erythrocyte membrane protein",1.31285018423553,1.54331392506581,0.23327698321025,0.00043869189726618,0.030127760075788
"G3HV92","H/ACA ribonucleoprotein complex subunit DKC1",1.54868705262417,1.81328986899838,0.227526465205012,0.0239106375666035,0.102700871240023
"G3HV97","Ribose-phosphate pyrophosphokinase 1",1.02494905617649,0.805893774511497,-0.339935297066698,0.0900688470511043,0.200644761043093
"G3HVB6","Clustered mitochondria protein homolog",0.431447823068916,0.408917421422486,-0.0764960590105574,0.170279860097266,0.294993111669539
"G3HVB8","Platelet-activating factor acetylhydrolase IB subunit alpha",0.67159622155859,0.652873953232412,-0.0410741382608605,0.181218925537795,0.307108731025317
"G3HVC2","Pre-rRNA-processing protein TSR1 homolog",0.991559588594074,0.988684866949564,-0.00446335521311062,0.914588244542898,0.94508393161009
"G3HVD1","CTBP2",3.34095280184538,3.11087910890713,-0.103036454579945,0.0101072866628179,0.0733114244968293
"G3HVD5","BRISC complex subunit Abro1",0.176078654182139,0.1725247794827,-0.0295778203736838,0.244380596030526,0.378852179209899
"G3HVD9","Phospholysine phosphohistidine inorganic pyrophosphate phosphatase",1.588484876358,1.77984129034226,0.164287765143606,0.00364629446933679,0.0604165722221298
"G3HVE0","Ornithine aminotransferase",1.79425295604184,2.57444352481967,0.521098068953903,3.53961247610222e-05,0.0291925759063368
"G3HVF0","Sorting nexin-18",0.195242492791584,0.164226586862684,-0.250961602533279,0.0163997083842024,0.0886078836638311
"G3HVF4","WD repeat and SOF domain-containing protein 1",4.17968601465172e-08,4.26120772079268e-08,0.0246538805191996,0.724462182478743,0.798411236337291
"G3HVG5","Phosphatidate cytidylyltransferase, mitochondrial",0.554019213539799,0.625921342508255,0.175125277023845,0.0404719808498483,0.133985875276402
"G3HVG9","Matrin-3",4.28869596506892,4.38398097793273,0.031315620422431,0.397010593248172,0.525838724021224
"G3HVJ5","Squamous cell carcinoma antigen recognized by T-cells 3",1.42411946324683,1.46705041017899,0.0426665573050932,0.186449266452026,0.312582663653212
"G3HVK4","SCY1-like protein 2",0.258044740068122,0.240238792250067,-0.104197095828622,0.261450633164805,0.395067841626457
"G3HVL1","Cell division control protein 2-like",12.4705251585457,12.0574166530044,-0.0493749216087287,0.328023444959142,0.462466078465985
"G3HVL4","Cullin-associated NEDD8-dissociated protein 2",0.117311753675578,0.142771237145542,0.283802204359892,0.00187434061659753,0.047888687356885
"G3HVM3","Protein FAM21",0.234773317077642,0.241671208377645,0.0412305476854908,0.291414664134246,0.423703249720817
"G3HVR6","procollagen-lysine 5-dioxygenase",1.89070572336406,1.88004970504298,-0.00818273379230827,0.495932280099664,0.613928794920391
"G3HVV5","Tripartite motif-containing protein 26",0.0271855522902389,0.0257055031018214,-0.0790175612018302,0.262200526840659,0.395665087166675
"G3HVX5","Insulin-like growth factor 2 mRNA-binding protein 3",2.86685947209793,2.99301250748426,0.0621782513438036,0.0649338773204848,0.167954936160481
"G3HVZ2","FAT atypical cadherin 1",0.122512520907854,0.129290972177203,0.0773611227728153,0.0740024903630203,0.177935585664532
"G3HW06","Adenylosuccinate lyase",2.8968284260841,2.9129203836294,0.00744490686351917,0.882460862140694,0.92041025415547
"G3HW13","Torsin-3A",1.05383306477032,1.21211732228849,0.201508756157462,0.0112585275901825,0.0765903403880625
"G3HW17","Cell division cycle 5-like protein",0.224359195237791,0.228455202968798,0.0260128844605254,0.194750157592046,0.322208985398209
"G3HW21","Ras GTPase-activating protein nGAP",0.0540589680961023,0.0471166920951846,-0.198759463224881,0.0342223013456466,0.124232150329587
"G3HW31","NGFI-A-binding protein 2",0.444294861637518,0.502626394931894,0.17858681984921,0.059945671999751,0.161284697896436
"G3HW32","Signal transducer and activator of transcription",0.218609275900444,0.209031959286542,-0.0652948421338571,0.178234428682296,0.304207359918227
"G3HW36","Serine hydroxymethyltransferase",44.336996751432,42.1340844890741,-0.0740295826090325,0.120772448149871,0.239367339468741
"G3HW44","Methionine--tRNA ligase, cytoplasmic",2.98658002404649,3.297125104984,0.141997287025601,0.0479868713261479,0.146039938395089
"G3HW48","Dynactin subunit 2",7.002133131137,6.62107410419867,-0.0811037042740317,0.0811852353564987,0.188703266415201
"G3HW50","Phosphatidylinositol 5-phosphate 4-kinase type-2 gamma (Fragment)",0.0923574144343371,0.0840146338445884,-0.104705742497302,0.617618518529314,0.713555119612569
"G3HW54","Endoplasmic reticulum lectin",0.679087242433886,0.690685025447772,0.0241339027254104,0.404732704556994,0.53303802811471
"G3HW60","tRNA (guanine-N(7)-)-methyltransferase",0.0967920466870816,0.0877894492956425,-0.145097444470186,0.209247393819332,0.33768130526196
"G3HW62","Elongation factor Ts, mitochondrial",2.76359277300555,2.45585497409512,-0.170627614631056,0.00670556355142844,0.0684249127428805
"G3HW66","Multiple inositol polyphosphate phosphatase 1",0.206408955293569,0.228274091989632,0.14580950282309,0.024521850142787,0.104097284275015
"G3HW90","Mutated melanoma-associated antigen 1-like protein 1",0.452210443051676,0.478937590728636,0.0825860322037202,0.0495772320579111,0.149356431771223
"G3HW96","G-protein coupled receptor 143",1.97795404203236,1.73933208499632,-0.185485611474691,0.0202897661815871,0.0957332606563147
"G3HWB8","Superoxide dismutase",13.2958094756097,12.6097387365197,-0.0768726350952509,0.105185805230779,0.220268529003846
"G3HWC3","Ezrin",6.7406052778525,5.76522067588729,-0.226074470503157,0.0132353099742848,0.0822975766310825
"G3HWD4","Methionine synthase",0.14732144528996,0.162264159186898,0.139288546281763,0.00815339367074342,0.0708998710557229
"G3HWD7","HEAT repeat-containing protein 1",0.253402519244558,0.315027967277724,0.291357013221136,0.257974345408233,0.39158282724778
"G3HWD9","Galectin",0.290260884387159,0.305551131246147,0.0743914080191326,0.167422201733372,0.291855265209165
"G3HWE1","ERO1-like protein beta",0.742818527023235,0.764581967537128,0.0413146218632599,0.553396924256591,0.664354198524681
"G3HWE4","Nidogen-1",0.288190432077747,0.288310664637818,0.000422222721892407,0.983660146776214,0.989085748058216
"G3HWE6","Ubiquitin carboxyl-terminal hydrolase 47",0.538219713364057,0.515473053625747,-0.0611815790327717,0.279690929545373,0.412703443513183
"G3HWG9","Mitochondrial chaperone BCS1",0.0929653896010383,0.122479572817285,0.398594675598625,0.00245673563423903,0.0524342233987471
"G3HWH8","Transcription factor BTF3",8.72179958828135,7.48405708228592,-0.227042513961961,0.129104908574698,0.248852877188733
"G3HWI0","Protein HGH1 homolog",2.04600456849629,2.59299013903653,0.341508804354244,0.00248267991127715,0.0524342233987471
"G3HWI4","Cytochrome c1, heme protein, mitochondrial",6.55829931446835,8.00770255912852,0.288384284583926,0.00141608808632635,0.04121432021682
"G3HWJ2","Plectin-1",4.92137179479487,5.32845759336733,0.114675663145149,0.00109419634488859,0.0371949437155595
"G3HWJ3","Plectin",9.09660283520859,9.3936026173433,0.0464220965626851,0.0577565547999905,0.159613480789393
"G3HWJ5","Poly(U)-binding-splicing factor PUF60",6.15086151017085,5.81914139727616,-0.0800241849165775,0.0380060348344073,0.129880791301406
"G3HWJ6","Poly(U)-binding-splicing factor PUF60",1.18856622402711,1.09139915408313,-0.122133748355294,0.0824195298953957,0.190247011420613
"G3HWJ7","Protein scribble-like",0.172272262909762,0.182178549468942,0.080226458649348,0.087721401341951,0.197846044670829
"G3HWL5","Vacuolar protein sorting-associated protein 28 homolog",0.512357168127267,0.466425908499523,-0.135758150622956,0.0108258683685997,0.0759626445067152
"G3HWL7","Cleavage and polyadenylation specificity factor subunit 1",0.644084768942706,0.861445514172375,0.418278156837126,0.0128051147414296,0.0811024173353538
"G3HWM5","Ribosome biogenesis protein BOP1",1.71362042886267,1.82621258457957,0.0914900091913455,0.0614771137537765,0.163593099170909
"G3HWN6","DNA topoisomerase I (Fragment)",15.8638918161476,17.2408349414286,0.119893586115089,0.0144485050948611,0.0851030648337273
"G3HWN7","Phosphoinositide phospholipase C (Fragment)",0.380002354932013,0.408053703712233,0.102233585435334,0.0648046643085278,0.167954936160481
"G3HWP7","FACT complex subunit",0.54851888003875,0.527902020510227,-0.0556710864199835,0.190732176581097,0.318115974518944
"G3HWP9","Heterogeneous nuclear ribonucleoprotein C-like 1-like isoform 5",8.63237533432017,8.92544385214135,0.0592146375118996,0.748522698902635,0.817658444264725
"G3HWQ6","Protein SOLO",0.224720494761212,0.221017966473782,-0.0239649129668962,0.0164388307915867,0.0886078836638311
"G3HWS2","TOX high mobility group box family member 4",2.19108279808712,2.08723664818213,-0.0697613370441181,0.238525146868219,0.371668373634977
"G3HWS3","RAB2B, member RAS oncogene family",3.79506086058332,4.02827881046659,0.0864596238044246,0.0643037743285539,0.167213046054543
"G3HWS4","Chromodomain-helicase-DNA-binding protein 8",0.223258618011657,0.208689136153449,-0.0973676913906809,0.000479210332859341,0.030127760075788
"G3HWS5","leucine--tRNA ligase",0.274058781051458,0.285292969618446,0.0583351025800132,0.177117147266458,0.302763581154666
"G3HWS9","Phosphatidylinositol-3-phosphatase SAC1",2.93625844030885,3.6231237100269,0.303180718243333,0.00232327709825384,0.0524342233987471
"G3HWT7","FYVE and coiled-coil domain-containing protein 1",1.87416981928158,2.2616307966285,0.270760947475964,0.00612389654266296,0.0664103838758321
"G3HWU6","Ubiquilin-2",10.5778865010936,9.52789657791876,-0.151446777825523,0.0372025044702784,0.128456721968336
"G3HWW6","Pre-mRNA-splicing factor SYF1",0.778378064592323,0.837095886620439,0.10490164418234,0.0223744894016828,0.0999831989685344
"G3HWX8","Very-long-chain 3-oxoacyl-CoA reductase",9.40084650419344,10.1281469452442,0.107745371801389,0.0683991123693134,0.172348799279314
"G3HWY6","Dynamin-like GTPase OPA1, mitochondrial",3.32579346335573,3.88756345387311,0.223797119967325,0.0420915027831819,0.136516240633273
"G3HX09","peptidylprolyl isomerase",0.615779946547116,0.549959669656655,-0.163122997005489,0.000286828489933651,0.030127760075788
"G3HX33","60S ribosomal protein L7",33.3958523092879,38.517756276522,0.202333102581242,0.141742927685141,0.262687474508399
"G3HX34","60S ribosomal protein L7",13.576877915997,13.2956087065431,-0.0265490104457093,0.718167175994848,0.793564060103914
"G3HX39","Phosphoglycerate kinase",13.9853479350327,19.6357152762662,0.472903618450469,0.115014917276322,0.232040342449579
"G3HX40","Transmembrane emp24 domain-containing protein 2",9.58905664559517,9.49918645120479,-0.0150694384469379,0.834243728174985,0.88165890691559
"G3HX41","ATP-dependent RNA helicase",0.160535905473763,0.131949500413705,-0.287510022640326,0.0503108288553916,0.150324249178474
"G3HX42","Translation initiation factor eIF-2B subunit alpha",0.229224868242281,0.244185569449495,0.0919350750503978,0.197129260676418,0.325180697626402
"G3HX43","General transcription factor IIH subunit 3",0.234320649120461,0.254155276305121,0.117206870339021,0.0275198338317129,0.109004596254134
"G3HX45","V-type proton ATPase subunit a (Fragment)",0.038002649309023,0.0349131334334272,-0.13021165658225,0.358743695440467,0.491777947822337
"G3HX54","ESF1-like",0.41970905218332,0.40893154577974,-0.0374742256162341,0.0975645591405074,0.211769506772554
"G3HX55","Arginine-hydroxylase NDUFAF5, mitochondrial",0.62106098092953,0.646696710253831,0.0589340392173056,0.207387574242834,0.335488743833139
"G3HX62","Rac GTPase-activating protein 1",1.05101702955581,1.02901115397812,-0.0292727016542566,0.565234446363827,0.673013052998836
"G3HX65","SWI/SNF-related matrix-associated actin-dependent regulator of chromatin subfamily D member 1",0.402538951475619,0.34572635078102,-0.218932794960473,0.0230183043660945,0.101371400938577
"G3HX68","LAG1 longevity assurance-like 5 protein",1.87123183820684,1.97871303742903,0.0804562588018403,0.0845990022274161,0.193229510521144
"G3HX69","LIM domain and actin binding 1",2.47486390429311,2.6556912021999,0.0995934117534834,0.272532898257562,0.40685442036934
"G3HX77","La-related protein 4",14.1868681317822,12.5821632262416,-0.173333342779697,0.00422715104639172,0.0631502537190615
"G3HX78","Disco-interacting protein 2-like B",0.0378155119540031,0.0427964507016402,0.178457958397942,0.0035913848242169,0.0601018250332698
"G3HX81","Centriolin",0.455636060592453,0.440728511670734,-0.0476381461273836,0.326652645065608,0.461310718579996
"G3HX83","Ras-related protein Rab-14",13.354864488849,13.7526365666531,0.0419027029566852,0.332704535724708,0.4662537940631
"G3HX92","Protein arginine methyltransferase NDUFAF7",0.432109898506618,0.442037692351192,0.03227537496334,0.354835001691168,0.487734189182891
"G3HX93","CCAAT enhancer binding protein zeta",1.50232615579581,1.52823492642924,0.024520966074443,0.279298178538575,0.412355978636352
"G3HXA1","Ankyrin repeat and MYND domain containing 2",0.251396463645097,0.275726511677392,0.133987390480683,0.106133539848448,0.221090340358656
"G3HXA2","eIF5-mimic protein 1",11.445410774217,9.36960306833424,-0.287892911758697,0.0120955825426427,0.0789160131973199
"G3HXE0","Coiled-coil domain containing 115",0.759285044837324,0.747309322909334,-0.0232053761711894,0.390620899697583,0.519431128839019
"G3HXF1","BAG family molecular chaperone regulator 2",0.758722423130042,0.716226868739746,-0.083200715864067,0.0346183151276911,0.125112775247793
"G3HXF9","Kinetochore protein NDC80",1.14102615875701,1.23733394668569,0.117111893087329,0.139034202000232,0.259680510097532
"G3HXI0","Spliceosome-associated protein CWC27 homolog",0.905985448720652,0.816854949144684,-0.148986128846225,0.0258544505543824,0.105737549773949
"G3HXI5","Peptidylprolyl isomerase domain and WD repeat-containing protein 1",0.509245041040517,0.53495765891288,0.0710426747437871,0.00470947361170062,0.064391287179296
"G3HXJ8","Biorientation of chromosomes in cell division protein 1-like",0.166726333570452,0.162775178026295,-0.034700465565157,0.122290816664936,0.241621820175644
"G3HXK8","Prenylcysteine oxidase 1",5.95989535827724,6.7635305903012,0.182299318182943,0.00588766834443023,0.0662513158860103
"G3HXK9","Nucleolysin TIA-1",0.183886070239682,0.180203049767219,-0.0294172339967465,0.583517594747583,0.688805897190685
"G3HXL1","Poly(rC)-binding protein 1",42.6830929241561,39.8388329259778,-0.100193022821294,0.100215544493233,0.214795528103321
"G3HXL6","Annexin",0.696613300372459,0.668613866667697,-0.0588577208929755,0.11497425663592,0.232040342449579
"G3HXL9","AP2-associated protein kinase 1",0.176214154323471,0.180471716370676,0.0344598218179906,0.589123858859507,0.691616119117071
"G3HXM0","NFU1 iron-sulfur cluster scaffold homolog, mitochondrial",1.46392375857115,1.47477177749167,0.0106141531113279,0.564625861111987,0.67300667989381
"G3HXM9","Chromatin assembly factor 1 subunit B",0.312364272033892,0.298794200397721,-0.0635862814374182,0.181795928029719,0.307721551124118
"G3HXN0","Protein dopey-2",0.0572307517021333,0.058945668203284,0.0452077470065468,0.561542509390024,0.670525429514238
"G3HXN7","Beta-hexosaminidase",1.28154003161978,1.41114238581552,0.139348819997322,0.0195662987567522,0.0944998584976187
"G3HXP0","Ribosome biogenesis protein NSA2 homolog (Fragment)",1.03400354217208,1.00448240046535,-0.0414473039881127,0.416699575893371,0.543740148348971
"G3HXR8","Phosphatidylinositol-binding clathrin assembly protein",3.20085678735784,3.54700224164081,0.148223428431769,0.00299357937194829,0.0559749170833014
"G3HXS1","Polycomb protein EED",0.594069415579409,0.623776267566376,0.0704093936998788,0.0018303462876069,0.047888687356885
"G3HXS4","Malic enzyme",0.0758203162773078,0.142326408988391,0.907618552009827,0.00268418804129243,0.0544483477224591
"G3HXT1","ADP-ribosylation factor GTPase-activating protein 3",0.133444446384235,0.130966918748421,-0.0264179597334691,0.588284551794863,0.690873121002599
"G3HXT3","Protein kinase C and casein kinase substrate in neurons protein 2",0.47696452755362,0.42003647391833,-0.183764759437488,0.00792569918993847,0.0707395071699308
"G3HXT4","Protein kinase C and casein kinase substrate in neurons protein 2",1.45630622898488,1.41006693453679,-0.0470162411467356,0.463182527553079,0.58633582440248
"G3HXT8","Malonyl CoA-acyl carrier protein transacylase, mitochondrial",0.0383949796574684,0.037939458493124,-0.0174230167657514,0.561156249382972,0.670525429514238
"G3HXU0","Tubulin tyrosine ligase like 12",4.52476788763141,3.91270781657735,-0.209459229776131,0.00429801848641014,0.0631502537190615
"G3HXU5","RNA helicase",0.489705979463828,0.504345736555174,0.0425390878493146,0.118342810659893,0.235910296175499
"G3HXU8","Fibroblast growth factor",0.974441391353587,0.873177156708532,-0.158545730046206,0.00750388611907005,0.0689292288771211
"G3HXV5","Nucleolar and coiled-body phosphoprotein 1 isoform X1",7.81385755611808,7.89194243414372,0.0143065136567451,0.543742030173736,0.656294473491343
"G3HXV9","Golgi-specific brefeldin A-resistance guanine nucleotide exchange factor 1",0.36870255571043,0.37207970290585,0.0128656867745895,0.635524578944229,0.728303590663387
"G3HXW2","Nuclear factor NF-kappa-B p100 subunit",0.266283111636296,0.289783399279164,0.122812255455977,0.0760568161932215,0.181140101817584
"G3HXW9","Alpha-centractin",7.12546572536064,6.64366819662137,-0.101617131522827,0.0771108611145042,0.182653964720627
"G3HXY1","PDZ and LIM domain 1",3.25377737029592,2.97197671515669,-0.131129219616891,0.0428749367068278,0.137850540977668
"G3HY03","D-dopachrome decarboxylase",3.79750418131587,3.79445247494405,-0.00248033015796167,0.985212758103941,0.989945091976551
"G3HY08","Macrophage migration inhibitory factor",39.382496983511,40.6236462535234,0.0445332537430048,0.608508287138865,0.706443717327014
"G3HY10","SWI/SNF-related matrix-associated actin-dependent regulator of chromatin subfamily B member 1",1.12350321260986,1.13884970679519,0.0190870765248695,0.539229283333174,0.652023269984152
"G3HY23","Small nuclear ribonucleoprotein Sm D3",58.204954222652,54.2543550998833,-0.10343391479484,0.330990797329881,0.464497357930026
"G3HY27","U2 small nuclear ribonucleoprotein B",9.69825896617862,9.06922091663049,-0.0966832862051263,0.0465757515452723,0.144074898726457
"G3HY32","Chitobiosyldiphosphodolichol beta-mannosyltransferase",0.102943857249164,0.103652105302465,0.00986775152959529,0.286894564946646,0.420743042420999
"G3HY52","Tyrosine-protein kinase",0.346881585897794,0.395108088759202,0.187710135689019,0.00877416191916727,0.0708998710557229
"G3HY54","Adenylate kinase isoenzyme 4, mitochondrial (Fragment)",0.571224558480777,0.546447834929945,-0.0639226549238834,0.0146821400649363,0.0856907947125412
"G3HY68","Cohesin subunit SA",0.700514860879981,0.761430822869495,0.118088623142976,0.176898077338387,0.302674487814251
"G3HY75","Serine/threonine-protein phosphatase 2A 55 kDa regulatory subunit B",2.14535515380414,1.71988550102483,-0.319205515044351,0.00120544489967288,0.0391711075650983
"G3HY90","Brain-specific angiogenesis inhibitor 1-associated protein 2-like protein 1",0.819194477921623,0.852008549862146,0.0541935414002167,0.459081220504367,0.581804182138628
"G3HY95","Transformation/transcription domain-associated protein",0.054316673944275,0.0487567315072132,-0.155812064837079,0.010347833305274,0.0740687025749455
"G3HYB7","T-complex protein 1 subunit eta",37.4289351001271,28.9686873300907,-0.370698042820299,0.00807962429413949,0.0708998710557229
"G3HYC4","Serine palmitoyltransferase 1",1.559895983651,1.63183223196796,0.0637404976604639,0.288423568004051,0.421000297474731
"G3HYF3","DNA polymerase",0.266196630142996,0.258574571433175,-0.0426880419951841,0.332450216856758,0.466154535324495
"G3HYF4","Mortality factor 4-like protein 1",1.31465021874201,1.17348754092482,-0.167157861821201,0.125253057452953,0.244502787814416
"G3HYG1","Replication factor C subunit 4",2.01217256843144,2.19439003747211,0.125376726070304,0.0173445098430382,0.0905793812792752
"G3HYG2","Eukaryotic initiation factor 4A-II",0.504201718280798,0.502271815004058,-0.00487929420699018,0.894718564881379,0.930296066063366
"G3HYG7","DnaJ homolog subfamily B member 11",5.20382323123718,5.46246719582537,0.0687232306610679,0.257890877992592,0.39158282724778
"G3HYG9","Mitochondrial import inner membrane translocase subunit",11.9509469485831,10.3706859852966,-0.204794590825538,0.00477093500176385,0.064391287179296
"G3HYH7","Large ribosomal subunit protein eL28",27.5393007472556,24.0955845335398,-0.193343696535317,0.026834437620848,0.107434046312175
"G3HYI7","Splicing factor U2AF subunit",6.34215562190518,5.67446813541179,-0.165945172105094,0.19372295981238,0.321114601606774
"G3HYJ8","10 kDa heat shock protein, mitochondrial",298.203832319981,310.621646602992,0.0564925748560601,0.479168853627837,0.600665974940962
"G3HYJ9","Moesin",44.7123219966922,43.0683449261113,-0.0561917695415088,0.445004781355091,0.569572085352003
"G3HYL0","Eukaryotic translation initiation factor 4 gamma 2",3.8541817427532,3.65707836045839,-0.0758889040104556,0.0297127497745996,0.113969316369339
"G3HYL1","CTR9 homolog, Paf1/RNA polymerase II complex component",0.453898218037738,0.462836777261673,0.0283006585764636,0.271982598808053,0.406395427772569
"G3HYP6","Nuclear migration protein nudC",27.855642118839,25.1611352808608,-0.146854075891061,0.0258627263624096,0.105737549773949
"G3HYQ4","AT-rich interactive domain-containing protein 1A",0.306777373956577,0.321488010098086,0.0676578029733654,0.0430571346324404,0.138170881701609
"G3HYR8","DnaJ heat shock protein family (Hsp40) member C17",0.0504600237077947,0.0579459396480638,0.198594426602981,0.0370359800556517,0.128322386383298
"G3HYS3","Regulator of microtubule dynamics protein 3",1.16856294211234,1.26136691156608,0.110189517868503,0.00430086743062268,0.0631502537190615
"G3HYS9","Carbohydrate sulfotransferase",0.593307439490493,0.678424691169049,0.191904629690455,0.0572218546223042,0.159203281314092
"G3HYT5","2'-deoxynucleoside 5'-phosphate N-hydrolase 1",0.349213624695933,0.317214590461522,-0.138085583035262,0.039602381900554,0.132974466391057
"G3HYU5","Protein YIPF3",0.744272355736623,0.733542991225254,-0.0213078167810919,0.574473712271008,0.681132008222425
"G3HYU6","DNA-directed RNA polymerases I and III subunit RPAC1",6.03040977151148,5.76967529068458,-0.064112927947428,0.0973879256497176,0.211523288221677
"G3HYU7","Exportin-5",1.74961569582513,1.75774692382281,0.00671823041006181,0.750520247210512,0.819573007312751
"G3HYV1","Armadillo repeat-containing protein 10",2.90192489121841,2.85080257698655,-0.0258567199862576,0.371478236155512,0.502134489486664
"G3HYW2","Malignant T cell amplified sequence 1",1.90429397651746,1.82614326446595,-0.0606029215410443,0.418332624485483,0.544809063872729
"G3HYW3","Cullin-4B (Fragment)",1.31758633382477,1.24896288815907,-0.0767806852604735,0.0842585753995419,0.192969127614498
"G3HYW4","Lysosome-associated membrane glycoprotein 2",5.54014163334172,6.38559892482385,0.203096750097091,0.0637040175699052,0.166236169459572
"G3HZ09","Multiple PDZ domain protein",0.181440670550426,0.184504031423636,0.0243261266189565,0.291606151044074,0.423797562980683
"G3HZ16","PRKC apoptosis WT1 regulator protein",0.499453465257895,0.522267606156123,0.0634246305641748,0.274200479906578,0.408741587616246
"G3HZ17","Protein phosphatase 1 regulatory subunit",1.56493694859807,1.54613578185109,-0.0174318361103534,0.592082123465897,0.693164767670143
"G3HZ24","WAS protein family-like 1",0.768707128650426,0.808291855764215,0.0724249667329412,0.0364394034067863,0.127573568734454
"G3HZ25","NADH dehydrogenase [ubiquinone] flavoprotein 2, mitochondrial",4.48525536506008,4.52492035398855,0.0126487659221644,0.482945439352608,0.604486896549974
"G3HZ28","Twisted gastrulation BMP signaling modulator 1",2.36598788858199,2.71798961546792,0.201230540855725,0.0249035924790996,0.104320806041985
"G3HZ33","Serine/threonine-protein phosphatase 4 regulatory subunit 1",0.144990405919145,0.145156952145963,0.00189644522371601,0.945270131557271,0.964285013813528
"G3HZ34","Ras-related protein Rab-31",4.87137143793874,4.67495594607922,-0.0592990674475034,0.0988576695606654,0.213468787109385
"G3HZ36","Vesicle-associated membrane protein-associated protein A (Fragment)",1.70505797908718,1.54864859293379,-0.138642571917032,0.00919938268138469,0.0723518394270431
"G3HZ42","T-complex protein 1 subunit beta",31.4436332813194,29.2136889444167,-0.109261823872604,0.245194033548162,0.37923494930023
"G3HZ48","Mediator of RNA polymerase II transcription subunit 4",0.481014135091992,0.41517661246077,-0.206393255205062,0.194063302671936,0.321390338467576
"G3HZ50","succinate--CoA ligase (ADP-forming)",7.4179777866273,6.96153650147953,-0.0938062277190932,0.242826557860856,0.377141758311038
"G3HZ55","Integrin beta",18.2859738670038,20.2043305250912,0.144137793827574,0.00730889539126438,0.0689292288771211
"G3HZ73","Nesprin-3",0.212768181736628,0.204906468942625,-0.0547489899250317,0.163963112595588,0.287773748220993
"G3HZ74","Glutaredoxin-related protein 5",8.38762563765178,8.08241216570436,-0.0541786021271218,0.22822203309128,0.358619316787096
"G3HZA3","Inhibitor of nuclear factor kappa-B kinase subunit alpha",0.549244349909268,0.557163498954254,0.0204070378842184,0.40408332372406,0.532495679456404
"G3HZA8","Peptidyl-cysteine S-nitrosylase GAPDH",20.1871770456949,15.0606592125975,-0.399037674437899,0.195656923996687,0.323229873947142
"G3HZD7","Helicase SKI2W",0.25200205871746,0.248175915927724,-0.0232942659774624,0.762520877723814,0.828878643017133
"G3HZE2","Histone-lysine N-methyltransferase, H3 lysine-9 specific 3",0.00472997044191825,0.0054370454766424,0.200458721212986,0.0221835460406641,0.0997718625514562
"G3HZE8","U6 snRNA-associated Sm-like protein LSm2 (Fragment)",3.72603939543413,3.82507201164911,0.0347578692666277,0.642469946074228,0.734157360706877
"G3HZE9","Valine--tRNA ligase",2.35820749448673,2.37113771179648,0.00779265681123076,0.632674044584292,0.726435686869169
"G3HZF4","Chloride intracellular channel protein",9.71617425242847,9.3547589198414,-0.0528805098665894,0.57818768459275,0.684522776809773
"G3HZG2","Casein kinase II subunit beta",15.3887208924053,14.2613897439003,-0.110391479211798,0.0685088281042793,0.172348799279314
"G3HZG6","Large proline-rich protein BAG6",2.72702992755904,2.50162601775527,-0.124620847969207,0.0846353338583796,0.193229510521144
"G3HZH3","RNA helicase",4.18471051139894,5.40887843992224,0.368894644757167,0.0556032011436333,0.157456285668575
"G3HZH7","Serine/threonine-protein kinase PAK 3",0.0602341388048732,0.0546337371689504,-0.142763937572945,0.105849324805557,0.220871377882918
"G3HZI0","Golgin subfamily A member 2",0.318628899671685,0.340023443019892,0.0943747673640931,0.0821538457964709,0.190247011420613
"G3HZI9","Serine/threonine-protein phosphatase 6 catalytic subunit",0.547372909276716,0.548171308748254,0.00239971393780281,0.942644611750631,0.96248673445069
"G3HZJ9","UPF0183 protein C16orf70-like (Fragment)",0.125381083647458,0.104363691510347,-0.264545500267916,0.0793179193213965,0.186561543196566
"G3HZK4","Tumor necrosis factor receptor type 1-associated DEATH domain protein",0.082106369405811,0.0824957074322036,0.00706685333730261,0.756499843275654,0.824318889839669
"G3HZM3","V-type proton ATPase subunit",0.240043793091707,0.243654561881555,0.0208209954045802,0.741394449955411,0.812789788405097
"G3HZM6","Transcriptional repressor CTCF",0.138087271935225,0.130742961583115,-0.0771221053325672,0.334248456512574,0.467305590621381
"G3HZM8","Adrenocortical dysplasia protein homolog isoform X2",0.0928794059447829,0.0923463416831935,-0.00993262640617409,0.933894759450075,0.957960539789215
"G3HZP1","UPF0681 protein KIAA1033",0.0872212146772694,0.104083027166434,0.255711343070011,0.0249481332685246,0.10437675256219
"G3HZP7","DNA primase large subunit",1.57826261874416,1.67201592110664,0.0823488801116247,0.164499896248339,0.288262383635178
"G3HZU1","mitogen-activated protein kinase",0.0595284748958218,0.060436341731315,0.0201485280572733,0.75761306681891,0.825164638673249
"G3HZU2","non-specific serine/threonine protein kinase",0.0983976303187264,0.0869832627313429,-0.180397197643583,0.0849285198742119,0.193458268440939
"G3HZU7","peptidylprolyl isomerase",0.13177560031556,0.118658301108667,-0.152044217313556,0.0607850801549519,0.162498133609125
"G3HZV0","Ribosomal protein",76.8112227188031,78.9669097072342,0.0404229085565433,0.307466927496822,0.441440850613512
"G3HZW3","60S ribosomal protein L18",121.43450818603,127.068098361684,0.0653521373819475,0.390272298060755,0.519173840067308
"G3HZY1","RuvB-like helicase",10.0407610659067,9.3743015399221,-0.0995626440274799,0.053129011259045,0.154792281044526
"G3HZY5","U1 small nuclear ribonucleoprotein 70 kDa",6.60669965845856,6.2028732953295,-0.0913359081604295,0.127921555149028,0.247483823750199
"G3I000","Aldehyde dehydrogenase family 16 member A1",1.85655639732698,1.99906532290112,0.106838505903938,0.133263124812977,0.253283179300985
"G3I003","60S ribosomal protein L13a",29.3979636623304,29.7440860813531,0.017037021694275,0.771393158826814,0.836092261202509
"G3I004","Small ribosomal subunit protein uS17",57.7041677194512,55.1046973005029,-0.0687420214578891,0.406099483163133,0.533443865834775
"G3I008","vesicle-fusing ATPase",0.288431349171495,0.295770829352894,0.0349122655746859,0.525716865395724,0.64192384358775
"G3I011","60S ribosome subunit biogenesis protein NIP7 homolog",4.00416213245165,4.2109610784893,0.0691015541219175,0.444372626298911,0.568980558616089
"G3I016","RNA-binding protein NOB1",1.26024502670231,1.13813588555287,-0.146759679422536,0.017070077037295,0.0898326223959535
"G3I018","26S proteasome non-ATPase regulatory subunit 7",4.89837233009078,5.08820920803543,0.0547663791638366,0.0534186854348014,0.155067077320278
"G3I021","Putative THO complex subunit 6 like protein",3.8476856579354,3.51905211640622,-0.120704856465581,0.3879520733977,0.517733488700998
"G3I027","Heat shock protein 75 kDa, mitochondrial",18.3298050620692,18.5486963487493,0.0169727951529284,0.398954882022458,0.52757881869979
"G3I054","Proteasome assembly chaperone 1",0.955014387910239,0.958003789393836,0.00389485103626264,0.899486630437556,0.933245278010664
"G3I059","UBX domain-containing protein 1",0.58648556179904,0.587491902494671,0.00265555401093354,0.929667629881206,0.956237725019176
"G3I063","Integrator complex subunit 5",0.283680359667991,0.291232326698179,0.03382911598709,0.744199752922682,0.814735452607358
"G3I064","Neutral alpha-glucosidase AB",18.9969669811778,20.5137958941334,0.110555364724624,0.0278091090074402,0.109373781254879
"G3I067","Echinoderm microtubule-associated protein-like 3",0.25928477797102,0.354407161634168,0.456272071147082,0.0260850644676977,0.106212543519932
"G3I069","Metastasis-associated protein MTA2",1.97902579601944,1.87609491941779,-0.0770290660190002,0.0250360301501023,0.104592261155463
"G3I070","Speckle targeted PIP5K1A-regulated poly(A) polymerase",0.0839165338546641,0.0921696624253388,0.14136476729539,0.294317079523594,0.427180947599943
"G3I072","Elongation factor 1-gamma",43.4567508203577,40.1186520601145,-0.112587718825771,0.342960559858447,0.476104933158947
"G3I073","Elongation factor 1-gamma",25.4399733751521,24.0349358372893,-0.0840240940059243,0.265191261977409,0.398560913263757
"G3I075","Isoaspartyl peptidase/L-asparaginase",1.09844005955993,1.07788618067936,-0.0250352276098032,0.711340727596674,0.787841633112531
"G3I0A3","COX assembly mitochondrial protein",4.00387731557093e-08,4.35565707017759e-08,0.121886117094885,0.0252181853553992,0.105019773345575
"G3I0C6","Cullin-5",1.33268578171721,1.33012599316114,-0.0025130772926375,0.93354611329306,0.957960539789215
"G3I0C8","Acetyl-CoA acetyltransferase, mitochondrial",25.0402314287053,30.3265536455823,0.276023126987094,0.00373612378640902,0.0611730832578931
"G3I0D0","Protein NPAT",0.453141409420706,0.460808850772353,0.0236865154417223,0.604793567965634,0.703595436906839
"G3I0D8","NADH-cytochrome b5 reductase",30.3468046005974,34.3502143576695,0.178433953719066,0.0197382206399821,0.0947744098359033
"G3I0D9","Polymerase delta-interacting protein 3 (Fragment)",1.45932325520005,1.33533862187395,-0.128374219682067,0.0141108879761442,0.0846067627660458
"G3I0E0","Ribosomal RNA-processing protein 7-like A",0.656894783179998,0.696323874488972,0.0842468231972895,0.0675971939056442,0.171174022570589
"G3I0F4","NADH dehydrogenase [ubiquinone] 1 alpha subcomplex subunit 6",1.02010072975464,1.16865268579318,0.194585127282229,0.0593627623387615,0.160587652141004
"G3I0F7","Alpha-galactosidase",4.49238288600738,4.63205359914239,0.0441746148224889,0.0546615728289903,0.156905904166921
"G3I0G1","Transcription factor BTF3",0.414386771334725,0.460882822553706,0.153462262930096,0.0011489633060929,0.0380750513415143
"G3I0H1","DNA excision repair protein ERCC-6-like",0.328896764761994,0.328876277615791,-0.000494372625615469,0.997832000767483,0.998727184978698
"G3I0H2","Small ribosomal subunit protein eS4",60.4324677708166,58.2116751941266,-0.0538696027527097,0.0725283859636392,0.176491153150824
"G3I0I7","S-methyl-5'-thioadenosine phosphorylase",8.59769253140004,8.47267441535453,-0.0214285786126784,0.451836266791662,0.574798930046253
"G3I0J2","Major facilitator superfamily domain containing 10",1.2335601699073,1.30601712322866,0.0816124208886867,0.149731035395654,0.273106144669894
"G3I0J3","Adducin 1",2.38916562055066,2.30284051197163,-0.0526503269595395,0.316527481461645,0.450540401292964
"G3I0M2","Platelet-activating factor acetylhydrolase IB subunit alpha1",1.71953777366684,1.87271142468707,0.122642922876041,0.0416173452770583,0.136161539239799
"G3I0N2","Rho guanine nucleotide exchange factor 1",0.0700297380743906,0.0687940563804071,-0.0257406855442972,0.512447503150669,0.628724997450619
"G3I0N6","Coiled-coil domain-containing protein 6",0.480888756059515,0.361782678357621,-0.410541227853013,0.0002027682460414,0.0292870881507975
"G3I0P3","WD repeat-containing protein 91",0.309293004089218,0.274291113213156,-0.173675409654293,0.0101194735935271,0.0733114244968293
"G3I0Q0","Non-muscle caldesmon",0.630157794958554,0.676331178408767,0.100251199798366,0.245415855537027,0.379402710615441
"G3I0Q1","40S ribosomal protein S26",103.045312696404,93.9750855716426,-0.131571905307831,0.109745294006932,0.224659020820307
"G3I0Q4","Platelet-activating factor acetylhydrolase IB subunit beta",16.0918936920756,17.6097723360667,0.123851976406066,0.326312246315282,0.461024520226783
"G3I0Q7","Myosin-VI",0.21433443919658,0.193830696376045,-0.145065645445326,9.09926881318606e-05,0.0291925759063368
"G3I0Q8","Myosin-VI",0.196424336452181,0.202327295243444,0.0433031978752982,0.389157050814002,0.518514589599707
"G3I0R3","Nicotinamide phosphoribosyltransferase (Fragment)",1.88010234363939,1.8710552326981,-0.0070752778322839,0.799329641006663,0.855019593623937
"G3I0R8","Actin-binding protein anillin",2.9761344268609,2.6509924699552,-0.167171450188901,0.00818888993369461,0.0708998710557229
"G3I0U4","glycogenin glucosyltransferase",0.528398315092456,0.482521431214614,-0.131190908782691,0.00739593091315761,0.0689292288771211
"G3I0U6","Ceruloplasmin",0.0648379371153428,0.0687244279068535,0.0831704018553356,0.184652575819465,0.310568930285302
"G3I0V6","28S ribosomal protein S35, mitochondrial",5.47451961579729,4.96206158370525,-0.146968080788641,0.261277424905668,0.394984435934629
"G3I0V9","Liprin-beta-1",1.0854762249479,1.08524904620154,-0.000555629185613138,0.991682842591582,0.994356642946083
"G3I0X3","Cell cycle regulator Mat89Bb-like",0.924153719211764,0.990223764315078,0.0999353921792418,0.0322368725625192,0.120018701297833
"G3I0X4","Epoxide hydrolase 1",4.5093672830084,4.71425002091025,0.0633284298430041,0.201913712653756,0.330038615375078
"G3I0X5","Epoxide hydrolase 1",6.12150362961883,6.09539880032029,-0.0072636513157267,0.898525207118381,0.932805170045044
"G3I0X8","Nuclear valosin-containing protein-like",1.95567487225231,2.0837124695322,0.0909000020726782,0.123006688807254,0.242512524741657
"G3I0Y0","WD repeat-containing protein 26",0.380811914588738,0.33105946755528,-0.201893156954603,0.00137347457616722,0.0404979996815864
"G3I0Z2","Alpha-soluble NSF attachment protein",8.57512968226769,7.84926178126998,-0.127978572819384,0.0211373354311191,0.0967956134571158
"G3I0Z9","Zinc finger CCCH domain-containing protein 4 (Fragment)",0.204135508220779,0.192088492624498,-0.0897555920367803,0.401406871395496,0.530167940945219
"G3I114","Mediator of RNA polymerase II transcription subunit 20",0.977949870017166,0.951624214965093,-0.0393673678399745,0.0524137020490938,0.153346731432095
"G3I127","Tumor suppressor candidate 3",4.11073077530398e-08,4.17354514800926e-08,0.0219527598605289,0.167330603113676,0.291847591777735
"G3I130","RNA helicase",0.113820131827645,0.118064094838003,0.0528388546124914,0.136663733023418,0.256905885019972
"G3I131","BRI3-binding protein",3.38064330112594,4.12125752518149,0.285596564246895,0.0116203528688201,0.0774164894643955
"G3I132","Acetoacetyl-CoA synthetase",0.627344430286152,0.6180728272703,-0.021561697024998,0.313934062875134,0.4477157283106
"G3I141","TBC1 domain family member 10A",0.851105550328748,1.06865316836624,0.328357595342696,5.98937757233458e-05,0.0291925759063368
"G3I142","Splicing factor 3 subunit 1",5.94621934945393,5.81445700721148,-0.0324836504624537,0.318635845890737,0.452279124765181
"G3I150","Pescadillo-like",4.05701949836023,4.20741331511748,0.052393759273933,0.136270123966734,0.256612476397757
"G3I167","TBC1 domain family member 8B",0.0407733937806508,0.0402863264612036,-0.0163431373998026,0.752449660655153,0.821144119404237
"G3I179","26S proteasome non-ATPase regulatory subunit 14",8.45354298568697,8.03429220917538,-0.0740952906433976,0.318419693090285,0.452164069908012
"G3I180","TRAF family member-associated NF-kappa-B activator",3.81487388044287,3.24704868131726,-0.232927299235047,0.00495651884338916,0.0652342887500102
"G3I181","Gem-associated protein 8",0.246070032031438,0.237566804243777,-0.0519191097996052,0.420583880200913,0.546465158009494
"G3I185","RAB9A, member RAS oncogene family",0.232886252473047,0.248879165640767,0.0956391743939755,0.0352202739310927,0.126459517892943
"G3I191","BMP-2-inducible protein kinase",0.362284038032062,0.336796490642234,-0.105387804346833,0.0247892403018718,0.104320806041985
"G3I196","Large ribosomal subunit protein eL14",135.19782079225,135.337259351789,0.000152670005266309,0.978820236916719,0.985921382605805
"G3I1D2","Actin like 6A",4.72482368783448,4.88809972709067,0.04945173266518,0.187568133890836,0.313581690375938
"G3I1D5","NADH dehydrogenase [ubiquinone] 1 beta subcomplex subunit 5, mitochondrial",1.68288227782414,2.01740296491078,0.263841038020041,0.034001478112593,0.123837611491186
"G3I1D8","Cohesin subunit SA-1",0.259560689862152,0.229077485453127,-0.178853309767104,0.0621486172106798,0.164176339229791
"G3I1E0","Propionyl-CoA carboxylase beta chain, mitochondrial",1.84323190393348,1.9731176748761,0.0983726302066856,0.0108135697715619,0.0759626445067152
"G3I1F9","Chromosome-associated kinesin KIF4",1.05402469670696,1.00414284772435,-0.0714366321683957,0.267489031513399,0.400754605405258
"G3I1H0","DNA replication licensing factor MCM3",11.912717833679,11.6418813609407,-0.0332539149422844,0.179916758915501,0.30583107775022
"G3I1H4","Golgin subfamily A member 5",1.29674690065136,1.28041690237718,-0.0186295080574563,0.530332390027577,0.644525239441649
"G3I1H5","Legumain",8.47394321273156,7.66932512301085,-0.143420668798468,0.0336173595138577,0.123104269467048
"G3I1H7","Cleavage and polyadenylation specificity factor subunit 2",0.317517308080334,0.313032982781975,-0.0205771530322303,0.176974595952342,0.302674487814251
"G3I1H8","NADH dehydrogenase [ubiquinone] 1 beta subcomplex subunit 1",0.73345320332995,0.946437129013208,0.366601634058885,0.012880341443075,0.0811024173353538
"G3I1J6","[Protein ADP-ribosylarginine] hydrolase",6.53337724798877,5.87916369194923,-0.151398435146701,0.109189589868326,0.223795197360249
"G3I1J9","KTEL motif-containing protein 1",1.60547942282382,1.52270487421592,-0.0765206320534456,0.0544995726056881,0.156655530278054
"G3I1L1","Anthrax toxin receptor",0.084728849328719,0.078107537100322,-0.11658738119609,0.108023343229013,0.222494849100003
"G3I1P0","Isochorismatase domain-containing protein 1",0.938181174198237,0.985227988483232,0.0731284701662627,0.3666610418369,0.49819451120865
"G3I1P5","SH3 domain-binding glutamic acid-rich-like protein",13.3811777059339,13.4843397453111,0.00731162151294784,0.897694201158723,0.932520947013733
"G3I1P6","High mobility group nucleosome binding domain 5",9.25803945040746,7.74409523737474,-0.258254185891495,0.00748410442652051,0.0689292288771211
"G3I1Q3","Tetratricopeptide repeat protein 5",0.250005450403707,0.244266911396335,-0.0337088947254149,0.368872420383974,0.499238168631282
"G3I1Q8","N(6)-L-threonylcarbamoyladenine synthase",0.581090571092481,0.585396766328517,0.00952838898911412,0.827752746659483,0.876459488474941
"G3I1R1","Phosphatidylinositol-4,5-bisphosphate 4-phosphatase",0.289117180778739,0.284157799658688,-0.0248987170541031,0.260996059447125,0.39491582774391
"G3I1R2","Purine nucleoside phosphorylase (Fragment)",6.83820755465328,6.44664757015691,-0.0858534180600148,0.218376262459362,0.348714384757388
"G3I1S5","Peptidyl-cysteine S-nitrosylase GAPDH",118.87624060382,101.091186496765,-0.233751975343874,0.00529377570617781,0.0662513158860103
"G3I1T4","Nodal modulator 1",2.29475984553771,2.34890387439312,0.0334927733390715,0.168122405231731,0.292466575005511
"G3I1T9","cysteine--tRNA ligase",0.209041910863598,0.182976435006217,-0.193977943658205,0.0673380811747373,0.171001940585619
"G3I1V4","Bifunctional purine biosynthesis protein ATIC",19.5655582589758,19.2721488098177,-0.0234612239097141,0.697086385957317,0.777456892302279
"G3I1W0","Gamma-taxilin",0.13957302390411,0.166746397202522,0.257058820053197,0.00270813390970181,0.0546031578058552
"G3I1W1","Synapse-associated protein 1",0.429994249276372,0.436885520050583,0.0220820448920982,0.652572109012351,0.742658568127962
"G3I1X5","Protein RER1",1.51019881526631,1.50209033708388,-0.0115952304862265,0.931697844515804,0.957149381704848
"G3I1X8","Guanine nucleotide-binding protein G(I)/G(S)/G(T) subunit beta-1",15.8699667143597,17.0038184452951,0.097870677554361,0.200746393941692,0.328878208772807
"G3I1Y9","Prosaposin",1.64767342127461,1.74152084318643,0.0793602725016763,0.132257451690792,0.252231162854176
"G3I1Z1","Testican-2",0.127094344828287,0.119612037979763,-0.0874050206221226,0.143873303713622,0.265313469713219
"G3I1Z7","Developmentally-regulated GTP-binding protein 1",5.51426612554582,4.83127583948408,-0.191779045310003,0.0238342387943527,0.102700871240023
"G3I216","Triosephosphate isomerase",19.084548724572,19.1540099611461,0.00303093301918889,0.935669860074827,0.958288562322658
"G3I220","Cytoskeleton-associated protein 4",71.4706342008004,83.2240878439843,0.220176103767762,0.00937428797099441,0.0723518394270431
"G3I229","RNA-binding protein 7",1.07686769829634,1.05897075022966,-0.0243531287311125,0.430108665637761,0.556435935464526
"G3I230","Oligoribonuclease, mitochondrial",3.70718527633126,3.60639690394812,-0.0408706806621111,0.564832988115652,0.673007452144128
"G3I245","Integrin-linked kinase-associated serine/threonine phosphatase 2C",0.270031084831898,0.253066287275804,-0.0940809079451326,0.172498048668208,0.297450267332556
"G3I249","Selenocysteine lyase",0.149778979832574,0.149601923747279,-0.00354503599684497,0.979666881446131,0.986445563237124
"G3I254","General transcription factor IIH subunit 1",0.303860420769552,0.315326899071601,0.052970796385194,0.200612120881052,0.328819181483291
"G3I255","L-lactate dehydrogenase",94.6974765523157,92.0153301567969,-0.0431507067892856,0.626768283911905,0.722131995267864
"G3I270","Protein YIPF",7.53047348672424,6.53905227769849,-0.209884422414518,0.141638500568959,0.262687474508399
"G3I277","Dihydrolipoyl dehydrogenase",16.2725752412667,16.0671710241234,-0.0187970407862821,0.724209779353447,0.798395958990774
"G3I278","Laminin subunit beta-1",5.82696267303288,6.0620951602803,0.0575602377801294,0.175015840154226,0.300861847455672
"G3I2B6","Serine/threonine-protein phosphatase 2A 65 kDa regulatory subunit A alpha isoform (Fragment)",6.08528530328704,5.78440113032323,-0.0733526113644376,0.0677736051803898,0.171457487935574
"G3I2D3","Small ribosomal subunit protein uS10",40.1966688885054,37.2110959812583,-0.111721660373788,0.0312119558122782,0.117774989970344
"G3I2D8","Band 4.1-like protein 2",3.5521790119936,3.84617361489836,0.114721822740197,0.00327695250433292,0.0581326932615225
"G3I2E9","small monomeric GTPase",27.037972199076,27.5072686307028,0.0244791986722888,0.395297085879187,0.524191500173391
"G3I2F0","Kinesin light chain",0.555494142974219,0.542663627179948,-0.0334661523665983,0.334694450866914,0.467538533827864
"G3I2F2","Splicing factor 3B subunit 2",3.05695798522664,3.06895401924971,0.00547583267185314,0.783860057875668,0.843866070668981
"G3I2F5","Barrier-to-autointegration factor",3.54284616205125,3.37679881067168,-0.0733653369641025,0.587699977350794,0.690428860720642
"G3I2F8","U4/U6.U5 tri-snRNP-associated protein 1",3.26915743975789,3.31482452719651,0.0200114014777775,0.180813724576965,0.306844011761778
"G3I2F9","Dr1-associated corepressor",2.23939817924212,2.20989066866799,-0.0195741235866873,0.534055998447463,0.64787438448846
"G3I2G0","UPF0696 protein C11orf68-like",2.48063494603894,1.74992332198475,-0.500584252821591,0.0201815305271214,0.0954061902179031
"G3I2G1","FOS like 1, AP-1 transcription factor subunit",0.658384062242708,0.457043841990922,-0.523145329877112,0.0233009606478016,0.102117657819951
"G3I2H0","Dipeptidyl peptidase 3",1.91573183410565,2.01014306092307,0.0694835580936976,0.116518519581675,0.23382320396081
"G3I2H2","Large ribosomal subunit protein uL11m",2.09146299720045,2.02378308280566,-0.0478771349108811,0.191141775421616,0.318601355745095
"G3I2H6","Beta-1,4-glucuronyltransferase 1",0.31125831737539,0.307279319615011,-0.0168437877187808,0.775778118381328,0.837860394392483
"G3I2I1","DNA replication licensing factor MCM4",8.18321989012842,8.40748724368119,0.0386755399104075,0.221737971468451,0.352233977458427
"G3I2I9","Large ribosomal subunit protein uL3",57.780191725184,64.2998681646679,0.156615248643316,0.114142037234399,0.230835890406969
"G3I2J5","Protein unc-84-like B",4.4539545084392,4.63522262695615,0.0574675978596604,0.2051986260329,0.333236196667693
"G3I2K8","Ribonucleoside-diphosphate reductase subunit M2",4.54251985285875,4.06131833677749,-0.161396695724617,0.00513507380420948,0.0657455888740427
"G3I2L7","Coiled-coil-helix-coiled-coil-helix domain-containing protein 2",7.52006434249275,7.79841416096024,0.0578039699796555,0.608008773077152,0.706108731259274
"G3I2L9","Sulfatase-modifying factor 2",5.23031902301048,5.71370929773538,0.127195366649384,0.0344737670462668,0.124739133301465
"G3I2M0","Sulfatase-modifying factor 2",1.04192509315196,1.14522830872378,0.135736059923368,0.0459434781373771,0.14317767348771
"G3I2M1","T-complex protein 1 subunit zeta",61.2290329374272,52.5170673831827,-0.221523797319379,0.00184108418502413,0.047888687356885
"G3I2M2","Phosphoserine phosphatase",1.96843902844921,1.97920342366266,0.00803607513118132,0.701118761018548,0.779875205426747
"G3I2M4","28S ribosomal protein S17",6.09803777798623,6.97275099682245,0.192521679143216,0.0313275173245771,0.117945107407604
"G3I2M7","Splicing factor SWAP",0.239638636630223,0.243869629514117,0.0266125358098339,0.635606450053108,0.728303590663387
"G3I2N0","IKBKB interacting protein",1.81824744326433,1.83221025233794,0.0102787754092871,0.781636883098568,0.842632692103272
"G3I2N1","Solute carrier family 25 member 3",133.122205030906,145.232405127977,0.12396965118435,0.131667909103287,0.251693785327109
"G3I2N4","Lamina-associated polypeptide 2, isoforms alpha/zeta",14.9368055703999,12.6697243452947,-0.237355068793082,0.00176024728122943,0.0472016715728346
"G3I2P4","Ecdysoneless cell cycle regulator",0.128715408706428,0.125512622145955,-0.0362426348694354,0.186503608997748,0.312582663653212
"G3I2P6","DnaJ-like subfamily C member 9",3.27326911430391,3.50654016151858,0.0995902585271402,0.0383321522232791,0.130251485777985
"G3I2P8","Annexin",1.68388875599912,2.06741714072376,0.295999148699985,0.00565798498357039,0.0662513158860103
"G3I2Q1","Serine/threonine-protein phosphatase 2B catalytic subunit beta isoform",1.02536748027595,1.03770320395686,0.0163989476912088,0.729925735383392,0.802582600633447
"G3I2Q4","E2 ubiquitin-conjugating enzyme",0.78082264588659,0.700246278972983,-0.157101180664518,0.00147037617299771,0.0424254228536494
"G3I2Q7","Transcription intermediary factor 1-beta",7.52543394424223,7.61964751682346,0.017916261375547,0.160370129230911,0.283699166245169
"G3I2S4","3,2-trans-enoyl-CoA isomerase, mitochondrial",0.848159367809425,0.981752938691412,0.210319000997059,0.0212404872918963,0.0969876002264351
"G3I2S7","RNA-binding protein with serine-rich domain 1",5.92625675488525,5.43330013875671,-0.125817723903699,0.0370238269030599,0.128322386383298
"G3I2T6","V-type proton ATPase proteolipid subunit",5.47068411270116,5.35396879627928,-0.0304435149661031,0.53317663850434,0.647276825924565
"G3I2T9","3-phosphoinositide-dependent protein kinase 1",0.0899685775722701,0.0923416266766563,0.0376282495784901,0.309284574620876,0.4437100176837
"G3I2V0","TraB domain containing",0.152454419063374,0.154103377144955,0.0149921263494535,0.630871269547586,0.724979828750274
"G3I2V6","Plexin-B2",0.0622601730970286,0.0579629123213547,-0.100346611263388,0.27874606291331,0.412086162796311
"G3I2W1","Myotubularin-related protein 5",0.0673699607829981,0.062635894811882,-0.105886097476135,0.079790893458543,0.187016891040437
"G3I2W3","Lipase maturation factor",0.976940723528691,1.0201289176811,0.0631848620115251,0.220903872476,0.351242404359701
"G3I2W4","Condensin-2 complex subunit H2",0.509140331416396,0.44393634438476,-0.197453000513501,0.00751717118521789,0.0689292288771211
"G3I2W7","Protein SCO2-like, mitochondrial",0.223888319207105,0.207354718437077,-0.110809331350731,0.0699774248094169,0.173971053693706
"G3I2X1","Cilia- and flagella-associated protein 20",0.909903809994501,0.959194762399013,0.0747014791479476,0.244020379943575,0.378469050820734
"G3I2X3","Casein kinase II subunit alpha",3.11080266499575,3.13595125924186,0.0118232171383768,0.719195732450568,0.794176217918856
"G3I2X6","DNA replication complex GINS protein PSF3",0.258249787107927,0.260495905579879,0.0111901129098044,0.810158711395418,0.86192028195819
"G3I2X8","CCR4-NOT transcription complex subunit 1",0.313006724485355,0.267461180539128,-0.226947342343959,0.00197934704531059,0.0487123129459893
"G3I2X9","CCR4-NOT transcription complex subunit 1",0.413701597589887,0.425920655554421,0.0422989243459262,0.209857281088634,0.33833926772816
"G3I2Y0","Sodium-coupled neutral amino acid transporter 7",4.40509483954306e-08,4.62092444247443e-08,0.0705423175567894,0.368135080930732,0.499210010763603
"G3I2Y1","Aspartate aminotransferase",35.4303514649081,37.2851636582671,0.0747372054881295,0.205800530356393,0.333889663161825
"G3I2Z3","A-kinase anchor protein 9 (Fragment)",0.0699430570668168,0.0701984637757473,0.00259145635227043,0.962790238706233,0.975615782303893
"G3I306","Eukaryotic translation initiation factor 4 gamma 1",11.3921078510192,11.4858482914272,0.0117717718337835,0.659467907546478,0.748978312371246
"G3I308","26S proteasome non-ATPase regulatory subunit 2",23.7234197761777,24.0871698064817,0.021930208568075,0.0703208375324194,0.173971053693706
"G3I310","26S proteasome non-ATPase regulatory subunit 2",6.11179805902248,5.35969499613645,-0.188535803198089,0.0346754280024316,0.125112775247793
"G3I319","AP-2 complex subunit mu",5.16112551265829,5.53641415056894,0.101249319537873,0.000668484051951826,0.0324263206069965
"G3I321","Translation initiation factor eIF2B subunit epsilon",1.64902417071427,1.6863316272909,0.0317310926819497,0.383317804139535,0.51416646587577
"G3I334","3-hydroxyacyl-CoA dehydrogenase",19.1925390869672,22.8224600466704,0.248968568604855,0.0239290513337377,0.102700871240023
"G3I346","U4/U6 small nuclear ribonucleoprotein Prp31",1.50842121231963,1.498575315903,-0.00927115193041028,0.630972883522423,0.724979828750274
"G3I347","CCR4-NOT transcription complex subunit 3",0.0853792990840443,0.081753364785018,-0.0632519429133924,0.18299419747582,0.30871047326188
"G3I351","Small ribosomal subunit protein uS4",129.370694484353,129.034300134212,-0.00119840540785709,0.957297413696752,0.972995579606143
"G3I366","Prolyl endopeptidase",0.705348146059241,0.790318499108319,0.165771827445852,0.115709905396317,0.232725893840234
"G3I369","Golgi apparatus protein 1",4.05313577874138,4.30711700693763,0.0876554905133728,0.0498907099121604,0.149896055723519
"G3I383","ATP synthase subunit f, mitochondrial",13.6586455322586,13.55044998002,-0.0108966467881175,0.77410228889098,0.837348599200871
"G3I385","Cleavage and polyadenylation specificity factor subunit 4",1.03658862590862,0.941972366860693,-0.138321250511256,0.0113724724939374,0.0768962938125422
"G3I386","Pentatricopeptide repeat-containing protein 1",0.177263017196189,0.178071081453921,0.0065211014888602,0.599182028187968,0.698280727139669
"G3I387","Protein BUD31 homolog",1.54701522857461,1.74117685830286,0.170789179065126,0.0273969064073831,0.108646262731648
"G3I388","28 kDa heat- and acid-stable phosphoprotein",19.7433451925257,17.5591643460201,-0.168042633327691,0.0562303132804332,0.158286676660732
"G3I390","Actin-related protein 2/3 complex subunit",1.15267343738049,1.03352935137492,-0.158143833767041,0.0355637016197136,0.126485654457168
"G3I3A2","40S ribosomal protein SA",1.8428602438045,2.27104263436845,0.304057541449757,0.0288194037939887,0.111900863687332
"G3I3A8","Nuclear mitotic apparatus protein 1",2.95298680323347,3.06708914614882,0.0544618254216815,0.101869598596679,0.216895171001897
"G3I3B3","Nuclear pore complex protein Nup98-Nup96",2.26035996225459,2.29126168021441,0.0195897619864109,0.48993128996335,0.609649298173999
"G3I3B5","Ras homolog family member G",4.39141714641595,4.35417579585834,-0.0119614410143125,0.756589617084355,0.824318889839669
"G3I3B6","Stromal interaction molecule 1",1.04697598471648,1.021590181156,-0.036165454050365,0.41059436487207,0.537449878461798
"G3I3B7","Ribonucleoside-diphosphate reductase",1.08985692049676,1.05372372548354,-0.0487152157192592,0.199616693033768,0.327865359413522
"G3I3C7","Probable inactive allantoicase",8.29069482771563,7.62231729293489,-0.121433609401712,0.046121304518674,0.143372026934109
"G3I3D5","SH3 domain-binding glutamic acid-rich-like protein",10.0393292852524,9.90193003105588,-0.019394448851854,0.899506802169824,0.933245278010664
"G3I3E0","Zinc finger protein 593",1.05682431253173,1.01663617093796,-0.0560599158835355,0.0457066341136432,0.143051611310503
"G3I3F3","Ribonuclease inhibitor",3.66892895870247,3.58883821199359,-0.0311825389698892,0.590388924896176,0.692372716057288
"G3I3F8","PHD and RING finger domain-containing protein 1",0.0638872677893492,0.0573857381799615,-0.154168555134377,0.0721661887111709,0.176178142681465
"G3I3G8","Transaldolase",7.70451356343951,6.64644829755458,-0.212615106771068,0.0129064914073785,0.0811024173353538
"G3I3H2","Large ribosomal subunit protein P2",171.602125173362,143.786935453272,-0.255474122966802,0.00961389620487916,0.0726848275576024
"G3I3H5","DNA-directed RNA polymerases I, II, and III subunit RPABC5",1.59057871229617,1.5143322953897,-0.0722977003951808,0.287078139002935,0.420743042420999
"G3I3H9","Chitinase domain-containing protein 1",2.8153338713227,3.06256307406762,0.120421092241109,0.0909264746141282,0.201403230338018
"G3I3I0","AP-2 complex subunit alpha",2.12557548282492,2.32597282927933,0.129924980568407,0.00247198312215574,0.0524342233987471
"G3I3J1","Asparagine synthetase [glutamine-hydrolyzing]",0.624107669862883,0.685247963940403,0.134067319176741,0.0603352029994409,0.16181243945443
"G3I3K5","Adhesion G-protein coupled receptor G1",0.088009404211331,0.0811077137992969,-0.117380598676149,0.0421566608720835,0.136516240633273
"G3I3K7","Coiled-coil domain-containing protein 102A (Fragment)",0.0444581744678881,0.0428868811887507,-0.0511155292047647,0.296784665999045,0.429087808681989
"G3I3K9","DNA-directed RNA polymerase II subunit RPB3",2.14511362956679,2.19112872543846,0.0310530897529164,0.569711873946612,0.677139787677312
"G3I3L7","Ufm1-specific protease 2",0.727897475403306,0.753936966221846,0.0509196585300563,0.0945788913630284,0.206899051890233
"G3I3N1","SHC SH2 domain-binding protein 1",0.446112135314109,0.407993999080723,-0.129291733177908,0.0269108671208875,0.107611316909929
"G3I3T1","Beta-soluble NSF attachment protein",0.241269698176897,0.253818999154942,0.071434944799436,0.287884150721466,0.420960145238847
"G3I3U0","Tubulin-specific chaperone E",0.109487300304125,0.0947180919837111,-0.209372463702993,0.00343092582586258,0.0586765528944956
"G3I3U5","Nidogen-1",0.696389603071939,0.770688687147887,0.144277319050324,0.129302289846992,0.248876742250324
"G3I3V3","coproporphyrinogen oxidase",5.17189881531502,5.03380211581684,-0.0386907855595102,0.275963051815163,0.410057693264931
"G3I3W0","Calponin",10.4766527973358,9.58286221447427,-0.128717011456139,0.023801483300643,0.102700871240023
"G3I3W4","S-formylglutathione hydrolase",3.89763306534955,3.22250294493122,-0.275321225169096,0.0100194238448683,0.0730610274700962
"G3I3W6","Large ribosomal subunit protein uL15",99.7927279646209,86.878492572509,-0.199688903177919,0.0195564122446956,0.0944998584976187
"G3I3X6","Proteasome subunit alpha type-6",7.26241975399188,5.62088997704037,-0.369396287833418,0.0039999473904562,0.0618945007217298
"G3I3X9","NADH dehydrogenase [ubiquinone] iron-sulfur protein 8, mitochondrial",2.36519441361679,2.25028255759794,-0.0735088137504658,0.278170324731824,0.411880047282991
"G3I3Y5","NADH dehydrogenase [ubiquinone] flavoprotein 1, mitochondrial",3.5826568343759,3.5388363429759,-0.017756238607421,0.131289682785387,0.25153209403703
"G3I3Y6","Glutathione S-transferase",12.1550640976999,10.3723893710288,-0.229335841501983,0.00669424957117433,0.0684249127428805
"G3I3Z1","AH receptor-interacting protein",1.72985229905338,1.68499911030747,-0.037742577020309,0.431932195919814,0.557530682508144
"G3I3Z5","Coronin",16.2458232665462,17.1166355542451,0.0753999951763129,0.00935625239503408,0.0723518394270431
"G3I3Z8","Ribosomal protein S6 kinase B2",0.153978608950198,0.156430566184275,0.021251437717368,0.710054835684049,0.786938256633944
"G3I409","G protein-coupled receptor kinase",0.290471411773806,0.328750328775034,0.177110696385901,0.0941143709533374,0.206294742279337
"G3I412","45 kDa calcium-binding protein",2.12391241228945,2.13732293695604,0.00901891527135756,0.682450267903375,0.766239868055215
"G3I413","Hexosyltransferase",1.53768897890313,1.84473175309969,0.262107109397433,0.00920960328672979,0.0723518394270431
"G3I420","Integrator complex subunit 11",0.392015798369745,0.430188388221279,0.131795657805634,0.160682734591762,0.283952013029898
"G3I429","39S ribosomal protein L20, mitochondrial",0.295537272261692,0.280318357615579,-0.0765960798126468,0.0617540469051518,0.163910226004396
"G3I432","ATPase family AAA domain-containing protein 3",8.59174660316858,8.36211567532896,-0.0384375982781338,0.340039142706598,0.473620894980851
"G3I437","Agrin",0.0676208162977214,0.0710755552256634,0.0725721899997596,0.149181213622811,0.272400175665875
"G3I449","Tubulin-specific chaperone D",0.399767817709199,0.413079518139515,0.0474484072001933,0.459688316179997,0.582132725786776
"G3I453","protein-ribulosamine 3-kinase",0.710049592458559,0.622697738403887,-0.19002285785434,0.0133298113381554,0.08246742800149
"G3I458","Transcription initiation factor IIB",0.766142883893807,0.810302641225617,0.0803594108258495,0.115765065079168,0.232725893840234
"G3I459","cysteine-S-conjugate beta-lyase",1.18935314018252,1.21641414340609,0.032021982444243,0.615652057621788,0.712512944972381
"G3I478","Activating signal cointegrator 1 complex subunit 3",0.0831330500256832,0.103790452496699,0.325734401131345,0.051966063138931,0.152570538005265
"G3I486","Heterochromatin protein 1-binding protein 3",11.0624263599247,11.7208187273703,0.0831572212827858,0.0681182130043635,0.171939410954453
"G3I488","Eukaryotic translation initiation factor 4 gamma 3",0.114345559075637,0.117199921593344,0.0348504032459687,0.398692596504947,0.52757881869979
"G3I4A0","Actin, gamma-enteric smooth muscle (Fragment)",0.047917787043498,0.0504113325160349,0.0648481465088002,0.746439347497344,0.815926609399737
"G3I4A6","Mps one binder kinase activator-like 1B",5.36532924408053,4.55005798976312,-0.238400149793434,0.0072427290016713,0.0689292288771211
"G3I4A7","methenyltetrahydrofolate cyclohydrolase",3.71796579631883,2.76418988429405,-0.428070926511097,0.000285414546531619,0.030127760075788
"G3I4B6","G-rich sequence factor 1",0.836628353605491,0.807424083925145,-0.0510575627559357,0.13422527494342,0.254411984816192
"G3I4B7","Something about silencing protein 10",0.939005248425874,0.985013777576443,0.0672021900468885,0.332992600305963,0.4662537940631
"G3I4C0","Deoxycytidine kinase",0.415351114738062,0.504928372602177,0.280067778475214,0.0660229536517646,0.169073317423455
"G3I4C8","60S ribosomal protein L18",45.2013214207828,46.3998077648378,0.0434882601106583,0.799276786026737,0.855019593623937
"G3I4D4","Ribonuclease T2",1.64454624301154,1.37713953660659,-0.255229627243506,0.0149735706911082,0.0859098494373822
"G3I4E6","Inositol-1-monophosphatase",0.868298185618903,0.782592324138157,-0.154872207160446,0.207134838006415,0.335241925922375
"G3I4F4","General transcription factor 3C polypeptide 1",0.510753373984487,0.500873059545138,-0.0263571243920471,0.667460991130445,0.755748287318539
"G3I4G0","EH domain containing 3",0.564909481507304,0.538228092134982,-0.0704500677144638,0.144725841066239,0.266298730098242
"G3I4H1","mitogen-activated protein kinase",0.898629763860642,0.933905339340774,0.0552297351618194,0.179574698337993,0.305559997629518
"G3I4H6","Fructose-bisphosphate aldolase",55.7180940790367,47.7097228320726,-0.228245392771217,0.0888413419204451,0.199229664339988
"G3I4I2","HIRA-interacting protein 3",0.536322362742554,0.518206449676437,-0.0497817654300262,0.12960626284503,0.248876742250324
"G3I4I8","CDP-diacylglycerol--inositol 3-phosphatidyltransferase",2.98052446476047,3.16864335979241,0.0878923692041305,0.115449102403377,0.232725893840234
"G3I4I9","Major vault protein",1.87239254988714,1.8594924943799,-0.0100265588132356,0.645616216824658,0.73690127137297
"G3I4J2","Kinesin-like protein",1.2652598913688,1.26385506529564,-0.00229850508292101,0.965566327565592,0.977836761985487
"G3I4K2","Cathepsin F",0.194459011922832,0.220621331788866,0.181479474182697,0.0262299096106703,0.10639290944166
"G3I4K4","Superoxide dismutase copper chaperone",1.14400190422459,1.12209770647944,-0.0274092897689145,0.422042757566555,0.547935263605609
"G3I4K5","RNA-binding protein 14",11.3366112851605,11.1817000539239,-0.0207889839420856,0.669096843654806,0.756321221112002
"G3I4L6","Pyruvate carboxylase",1.08759945489079,1.2045470986118,0.147510702046687,0.00421202162206765,0.0631502537190615
"G3I4N3","Lysine--tRNA ligase",10.2733130320903,9.36944093783421,-0.133248435813364,0.0258736340797323,0.105737549773949
"G3I4N5","GABA type A receptor associated protein like 2",1.90841805009,1.94001705457872,0.023749277638452,0.5857077495058,0.689783194087231
"G3I4N6","Transmembrane protein 231",0.0835139004068493,0.0637512593494113,-0.395749359003039,0.0325608229115216,0.120646754944412
"G3I4P1","Breast cancer anti-estrogen resistance protein 1",0.17954682046634,0.17603085430446,-0.0290429123747673,0.475892972772477,0.597678716648961
"G3I4T2","ER membrane protein complex subunit 10",1.03171089296799,1.03231916584064,0.000614252621064681,0.982261002525795,0.988462890996342
"G3I4U4","DnaJ homolog subfamily C member 11 isoform X2",1.93830932883272,1.75639081667058,-0.142360777609459,0.00673713567079053,0.0684249127428805
"G3I4W7","Cathepsin D",25.1319865700279,25.6892013774023,0.0316347794089697,0.286579500157434,0.420693678520584
"G3I4X1","Large ribosomal subunit protein uL23m",1.89950615805887,1.91235413425651,0.0100027230123708,0.677497487847359,0.7614452961132
"G3I4Z0","Signal transducing adapter molecule 2",1.39991729241075,1.46710561223768,0.0679383371455112,0.0803848235241469,0.187489898491512
"G3I4Z5","ADP-ribosylation factor-binding protein GGA1",0.597140519749532,0.572625084296245,-0.0602845591307967,0.0901817433574614,0.200644761043093
"G3I4Z7","Galectin",58.500251338451,61.7838951714522,0.0758744906344653,0.502864748343939,0.620379031591288
"G3I4Z9","Nucleolar protein 12",1.50349995999464,1.41303568957065,-0.0894420492823175,0.0147535635284708,0.0858434232122614
"G3I501","Histone H1.0",46.7417200613809,51.8700300645992,0.149308240158192,0.0709707448073797,0.174376654938504
"G3I505","Eukaryotic translation initiation factor 3 subunit L",4.66502709587821,4.72816649915144,0.0197044686148891,0.536558838204184,0.64996830672074
"G3I518","Elongation factor G, mitochondrial",11.014327761379,10.4289201261199,-0.0791853025760716,0.0725377280697815,0.176491153150824
"G3I519","Latexin",1.90005911884286,2.31535183997965,0.280907573122346,0.0833777342693096,0.191665711950123
"G3I525","Amine oxidase (Fragment)",0.226127567877113,0.23232677175443,0.039261027434466,0.364265609321373,0.497022826905273
"G3I531","Ran GTPase-activating protein 1",14.8978627522983,14.7215146021026,-0.0166906760796288,0.728377124868502,0.801669923359051
"G3I534","histone acetyltransferase",0.0106575160695295,0.0102277240702353,-0.0616530329719698,0.527221887661654,0.642377742265583
"G3I539","Hsc70-interacting protein",41.6380881206222,31.7470499115918,-0.388350767565279,0.0312955016666194,0.117945107407604
"G3I542","Outer mitochondrial transmembrane helix translocase",1.23821685851488,1.28578621935751,0.0545353827636356,0.112707829530429,0.228626124508089
"G3I557","Toll-interacting protein",0.444656003453661,0.496401479552397,0.159429036197437,0.124517261064171,0.244139022502469
"G3I563","Protein FAM26D",0.114941933542466,0.113534000345826,-0.0197259097994147,0.785318150987316,0.844892269802169
"G3I581","Prefoldin subunit 1",3.91280937024217,3.74335092864598,-0.0720552513322528,0.641705900724041,0.733534716435575
"G3I591","Protein Red",0.7398987089329,0.731908996629168,-0.0158059199644404,0.832290119121158,0.879872087396878
"G3I592","NADH dehydrogenase [ubiquinone] 1 alpha subcomplex subunit 2",1.32098575433319,1.59821681115419,0.275431474444432,0.0181208845651179,0.0925963368541216
"G3I595","histidine--tRNA ligase",4.3708204125359e-08,4.33622778639766e-08,-0.0119777701659061,0.764957360213543,0.831000416953823
"G3I5A2","Exosome complex component RRP45",2.01556949067149,2.14831627745723,0.0922299876420782,0.0900286146022659,0.200644761043093
"G3I5A4","Annexin",18.3692659647152,18.4495793606381,0.00654617952802905,0.930802560035803,0.95662853972456
"G3I5B0","Carnitine O-palmitoyltransferase 1, liver isoform",0.18604737981038,0.185283329973509,-0.0064555957799981,0.916733905176783,0.946716562982627
"G3I5B3","Protein phosphatase 6 regulatory subunit 3",0.41882748996076,0.411096249430514,-0.0256939549000983,0.617372110568975,0.713544174521061
"G3I5D2","NADH dehydrogenase [ubiquinone] 1 subunit C2",2.04975121041193,2.08372697988878,0.0226194522163627,0.628197954904811,0.722783965302992
"G3I5D5","Integrator complex subunit 4",0.376715214069037,0.414860667381511,0.138835137304313,0.0563571116026692,0.158364745027859
"G3I5F0","COP9 signalosome complex subunit 6",0.751992320142951,0.726575687661031,-0.0499768947682971,0.279073461119699,0.412206034584128
"G3I5F3","Transcription initiation factor TFIID subunit 6",0.161992788563297,0.167128387929348,0.0453890557127412,0.212264673078031,0.341444987637258
"G3I5H3","Elongation factor 1-delta",22.3194423936507,20.5888026489708,-0.121241595165803,0.294817872879212,0.427224850883371
"G3I5K4","YTH domain-containing family protein",0.0452086667919613,0.0451296553433113,-0.00259989798365901,0.926177042244845,0.95411343810203
"G3I5L3","Annexin",41.255502074768,35.8649359364917,-0.203354484350685,0.02911114584005,0.112771996674361
"G3I5N5","DNA topoisomerase 2",0.856241199830771,0.854403375807385,-0.00237656798125493,0.96605074752087,0.97803141317373
"G3I5N6","Insulin-like growth factor-binding protein 4",8.1551639433038,9.8005603237556,0.264309727653795,0.0153874337076483,0.0867432101377319
"G3I5P3","Integrator complex subunit 7",0.149685248215964,0.153552140653681,0.0368552158988229,0.0506384950143817,0.150324249178474
"G3I5Q4","Heterogeneous nuclear ribonucleoprotein M",59.6384212811006,57.8658620617412,-0.0427888630452982,0.511939374963515,0.628403509409678
"G3I5Q9","RAB11B, member RAS oncogene family",26.5278337944132,27.0099366887403,0.0259606164431627,0.0580077820977241,0.159613480789393
"G3I5R2","Small ribosomal subunit protein eS28",163.244677342766,225.015311744192,0.4621598441262,0.00545173612626426,0.0662513158860103
"G3I5R3","NADH dehydrogenase [ubiquinone] 1 alpha subcomplex subunit 7",1.30453582798452,1.45983086169943,0.162199563743617,0.00260168826379976,0.0534223964352012
"G3I5R8","Ubiquitin conjugation factor E4",0.342995961529056,0.440882311551389,0.365272920614846,0.0387704160368253,0.131142705940285
"G3I5S2","ATP synthase subunit g, mitochondrial",12.5629870715987,13.9059557705926,0.144840555392893,0.102634090057917,0.217690937530956
"G3I5S4","Histone-lysine N-methyltransferase",0.0700851664644089,0.0700045232782102,-0.00169809885938266,0.93677349433095,0.958832075084308
"G3I5S7","Coatomer subunit delta",9.22956904054462,9.07397804757287,-0.0247875913163478,0.334236726814392,0.467305590621381
"G3I5S9","Pleckstrin-likey-like domain family B member 1",1.41395820715257,1.27739684289985,-0.146564742438522,0.00192982722973308,0.0482024756560943
"G3I5T3","RNA helicase",2.8125204281168,2.84055911745325,0.0143299139528412,0.429677605699834,0.556336923124698
"G3I5U4","Amino acid transporter",5.67577087342423,5.03849699591884,-0.171325229403053,0.0235168912388577,0.102573005406838
"G3I5U5","AP complex subunit sigma",7.68365870536461,8.51007065276262,0.146622777773197,0.0906541285113307,0.20120279538301
"G3I5V3","Short/branched chain specific acyl-CoA dehydrogenase, mitochondrial",3.91123647119513,4.52005209583067,0.209096092672536,0.0100807866911674,0.0733114244968293
"G3I5V6","Mitotic checkpoint protein BUB3",5.79681092483275,5.57971958005237,-0.0552611321767937,0.0893721944549304,0.199952362861399
"G3I5V9","Peroxisomal membrane protein PEX14 (Fragment)",0.547494776253147,0.591161062472877,0.110449984587181,0.0248311581921129,0.104320806041985
"G3I5W2","TAR DNA binding protein",33.349269057404,36.5108069408614,0.13048064215756,0.0132162001768261,0.0822975766310825
"G3I5W3","TAR DNA-binding protein 43",41.3198130594829,34.688804190856,-0.25240493025289,6.37793358102141e-05,0.0291925759063368
"G3I5Y6","39S ribosomal protein L41, mitochondrial",3.02907730865962,2.69432084115208,-0.170366754576436,0.0502545850049303,0.150324249178474
"G3I5Z2","Histone-lysine N-methyltransferase, H3 lysine-9 specific 5",0.18628445468799,0.185754787617793,-0.00411174599217912,0.846899190921791,0.892642482617541
"G3I5Z5","Prostaglandin reductase 1",10.7193932425888,10.0829415441534,-0.0894770516190455,0.164247442916662,0.288121693627919
"G3I5Z8","Ecm29 proteasome adaptor and scaffold",1.6777511221664,1.65630082686311,-0.0187047960598814,0.48837791746139,0.608336765814392
"G3I600","Early endosome antigen 1",0.788702141205671,0.877417109659964,0.153656221093321,0.015318853499728,0.0867432101377319
"G3I620","Aspartyl aminopeptidase",2.68115638880293,2.63249502009019,-0.0264533532174154,0.0903576310442597,0.200773851684451
"G3I624","Mannose-1-phosphate guanyltransferase alpha",1.09108710836084,2.43726087197238,1.10416160116826,0.107907916680842,0.222494849100003
"G3I638","Eukaryotic translation initiation factor 3 subunit F",18.4727533748017,18.3482878440532,-0.00973501787263942,0.671380240002669,0.757112420245597
"G3I644","Putative ATP-dependent RNA helicase DDX52",0.0752954888389576,0.0759659661875911,0.012768657956066,0.400113320740905,0.528901771137365
"G3I651","RNA methyltransferase (Fragment)",0.165165939519068,0.155403919231642,-0.0877771559918279,0.0675357651501187,0.171174022570589
"G3I664","Procollagen C-endopeptidase enhancer 1",0.555975638893196,0.628478176585869,0.177230995742831,0.00803936177087409,0.0708998710557229
"G3I668","Guanine nucleotide-binding protein G(I)/G(S)/G(T) subunit beta-2",1.40534989017901,1.44389940022828,0.0392154145087509,0.129356215192629,0.248876742250324
"G3I683","Plasminogen activator inhibitor 1 RNA-binding protein",14.5606325991686,10.3141106803218,-0.500442085527234,0.00564062399044651,0.0662513158860103
"G3I692","Cytosolic non-specific dipeptidase",3.52521772290831,3.41261001316569,-0.0471838825563442,0.349058184188506,0.482967235419152
"G3I695","Macoilin",0.107899909946774,0.114658260496846,0.0875146620746738,0.10122665813986,0.216212906696945
"G3I6A1","Selenoprotein N",0.823167049231278,0.784929990098855,-0.0696549065200636,0.596457834544353,0.696318232375288
"G3I6B2","Methylmalonyl-CoA mutase, mitochondrial",1.46874687933275,1.7834603722037,0.280595571544219,0.00676992734772577,0.0684249127428805
"G3I6B8","Coatomer subunit zeta",4.23446258591264,3.9872968199502,-0.0846176585487353,0.342512409147227,0.475877556419995
"G3I6C1","Integrin alpha-5",2.85088518507366,2.98945007030903,0.0671987358281874,0.257593342991202,0.39158282724778
"G3I6D0","tryptophan--tRNA ligase",0.470859204707605,0.496715440347017,0.0666659409672641,0.627303195057653,0.722251047078763
"G3I6E3","Protein lin-7 homolog",3.9466781653226,3.47470995980976,-0.184002818429017,0.00485655795918181,0.065019597957526
"G3I6F7","Menin",0.0424343705003551,0.0455520442553494,0.101704637818542,0.0735190384970719,0.177313234574286
"G3I6F9","EH domain-containing protein 1",2.7562439523764,2.64197805681571,-0.0614056098308158,0.152111711421739,0.275795177751117
"G3I6G7","ADP-ribosylation factor-like protein 2",1.78933286033186,1.83184897337734,0.0336121233414034,0.355405857532935,0.48831831082214
"G3I6H3","Splicing factor 1",4.59625977206836,4.6194286633261,0.00730140696605552,0.788097864269886,0.846794077595925
"G3I6H5","Fermitin family-like 2",4.54720104193826,4.1334321666016,-0.13716635968546,0.0360775677909292,0.127220455375437
"G3I6H6","Glucosamine 6-phosphate N-acetyltransferase",1.21264879019625,1.41648324652209,0.220422766503023,0.105231364767598,0.220268529003846
"G3I6I1","26S protease regulatory subunit S10B",5.0422265103933,4.16903940573045,-0.271676467062263,0.0537015353265228,0.155615977592298
"G3I6I6","Tubulin alpha chain",235.142659539885,240.500612156424,0.0322727784874797,0.582206059935053,0.688080396399231
"G3I6J0","5'-AMP-activated protein kinase subunit gamma-1",0.272564157665469,0.339529373755243,0.314451503585372,0.0397170196960087,0.133107603405732
"G3I6J4","ADP-ribosylation factor",17.4966956255478,17.0756715671973,-0.0377774367166515,0.664508032424522,0.753424249500297
"G3I6J6","peptidylprolyl isomerase",12.4355931362829,12.3747851852781,-0.00779903801207693,0.884888947264031,0.922655235667511
"G3I6K0","RNA helicase",5.79824350777833,5.4872354148127,-0.079532484214822,0.000118897752587742,0.0292870881507975
"G3I6L2","Elongator complex protein 3",1.69451898146687,1.73194958878536,0.031546370922105,0.182849002712649,0.308621085264365
"G3I6L8","Integrator complex subunit 2",0.410165473650839,0.550446761999758,0.424457633964003,0.00557912326641673,0.0662513158860103
"G3I6S5","Leucine-rich repeat protein SHOC-2",0.881377817221097,0.834380192266213,-0.0796305958005648,0.10564978629068,0.220616405019667
"G3I6T1","Phospholipase B-like",4.02685811705106,4.96982878696132,0.303579226834442,0.000102412839352156,0.0291925759063368
"G3I6U3","RNA helicase",1.16834365172112,1.33674484428373,0.192747876078484,0.0574093793655755,0.159459910984715
"G3I6U8","LEM domain-containing protein 2",1.44048442925899,1.68925008494866,0.22951938814058,0.00647401711068895,0.0680018579695837
"G3I6V1","Mitochondrial nucleoid factor 1",3.027597859643,3.20563229656409,0.0831466572190365,0.118142691847903,0.235910296175499
"G3I6V2","Inositol 1,4,5-trisphosphate receptor type 3",0.400045497979017,0.42747461504269,0.0957145852850942,0.00343886108947231,0.0586765528944956
"G3I6W1","Kinesin-like protein",0.322407828716456,0.38712008704865,0.264821810920611,0.0203352644955648,0.0957332606563147
"G3I6W3","Tapasin",0.968253694707385,0.945591730057118,-0.0338423724365041,0.28739370723717,0.420911254467448
"G3I6W5","Prefoldin subunit 6",3.94742315264532,4.10824631292287,0.0644712085300141,0.634670671737125,0.727729612300156
"G3I6W6","WD repeat-containing protein 46",0.252877375424939,0.27283401779933,0.108469882927574,0.118528976465221,0.23614076442208
"G3I6W8","Small ribosomal subunit protein uS13",162.777562746991,153.5169668218,-0.0840961779124392,0.108012949061447,0.222494849100003
"G3I6W9","Vacuolar protein sorting-associated protein 52-like",0.0558644686960908,0.0670157529684291,0.261834348776314,0.0167722348280855,0.088964611679243
"G3I6X8","Histone deacetylase complex subunit SAP130",0.359003833602409,0.403502192557076,0.168610810835535,0.00185882533977439,0.047888687356885
"G3I6Y6","Sulfhydryl oxidase",0.0888533209076595,0.0896881273943467,0.0138295560787514,0.794176591386903,0.851596089672091
"G3I6Z3","Mitochondrial-processing peptidase subunit alpha",1.75419610638656,1.79497235228584,0.0325930809638943,0.415814031080212,0.542796241039574
"G3I700","Large ribosomal subunit protein uL30m",0.776426529880306,0.823314768474534,0.0842707638112259,0.0587831274863565,0.160053559320368
"G3I710","AP-2 complex subunit alpha",3.53458450087832,3.71737450851046,0.0727923686232619,0.00692229338544975,0.0684249127428805
"G3I722","Nuclear pore glycoprotein p62",5.30596061502868,5.15419745664579,-0.0412390741635948,0.3838117828153,0.514464572319908
"G3I732","DNA polymerase",0.92575450227532,0.914667257446047,-0.017720495912278,0.536908335815103,0.650155333048534
"G3I737","40S ribosomal protein S12",51.515758921895,46.8790431413887,-0.138693751194836,0.160510061188091,0.283796711461459
"G3I757","ADP-ribosylation factor-like protein 3",2.50991484747765,2.34435056245897,-0.101960682458362,0.292664718150168,0.42515139394471
"G3I782","Heterogeneous nuclear ribonucleoprotein D0",100.577069064359,103.096337727925,0.03509828715928,0.36170479812081,0.494738847286616
"G3I783","Heterogeneous nuclear ribonucleoprotein D-like",1.85840985780418,2.16376858837782,0.219400778644144,0.0119706274120701,0.0784064382547919
"G3I784","Enolase-phosphatase E1",0.983731999436621,1.08530374399319,0.139549596706944,0.141621303722231,0.262687474508399
"G3I798","AMP deaminase",0.519281425548121,0.489811891954025,-0.0853426587279232,0.159205192312156,0.282276725934175
"G3I7A8","Proteasome subunit alpha type-5 (Fragment)",4.78157844751563,4.58631132321586,-0.060961975755629,0.224056474306018,0.355074346355228
"G3I7B3","Ras-related protein Rab",2.12342299275414,1.46794874187015,-0.41929899345582,0.409932309459017,0.53696746139586
"G3I7C7","Syntaxin-4",1.55282066757125,1.57999740009438,0.025048822265808,0.156698929883416,0.280237742157116
"G3I7D2","Protein-serine/threonine kinase",0.286275757576215,0.30163796608727,0.0734908486867294,0.319730404352917,0.453256104773067
"G3I7D7","RNA-binding protein FUS",30.0954914309431,27.959091081499,-0.107348796947563,0.144712042495501,0.266298730098242
"G3I7E2","Focal adhesion kinase 1",0.225304727991743,0.230481386976085,0.0322796285571454,0.520387931934298,0.636600295388923
"G3I7E3","Protein argonaute-2",0.424910107154819,0.372756516687965,-0.188827100665147,0.0473048382089481,0.145123092103895
"G3I7E4","Chromatin accessibility complex protein 1",0.99838813781266,1.08602686449349,0.120892674931282,0.0457748060094259,0.143051611310503
"G3I7E7","Extended synaptotagmin-2",0.686249476981571,0.706057030939668,0.0404561666756001,0.412763264591858,0.539445000620441
"G3I7G1","Calpain-5",0.227630764686061,0.20327442358205,-0.16290076925613,0.0162934587819281,0.0883860721930527
"G3I7H3","GDH/6PGL endoplasmic bifunctional protein",4.72665813770794e-08,5.88153066989153e-08,0.31323371873831,0.0450023763107608,0.141963198409158
"G3I7H7","Acyl-CoA dehydrogenase family member 9",4.80886794357217,4.81357201418197,0.000613126373579131,0.970433140969853,0.980688322109329
"G3I7H8","Methylcrotonoyl-CoA carboxylase subunit alpha, mitochondrial",0.894499364397294,0.988984327792752,0.145121856925383,0.00883166743541479,0.0708998710557229
"G3I7I8","Serine/threonine-protein kinase Chk1",0.126467011087788,0.144842786947863,0.194847674615596,0.0311833267269215,0.117774989970344
"G3I7I9","Dolichyl-diphosphooligosaccharide--protein glycosyltransferase subunit STT3A",2.6246686001736,2.69466900080027,0.0368434613756254,0.567990642639535,0.67547533237563
"G3I7J6","Non-POU domain-containing octamer-binding protein",24.927896711528,25.5349905044257,0.0352185424540474,0.329359641728668,0.463959057603473
"G3I7K2","Mediator of RNA polymerase II transcription subunit 12",0.0518949015041995,0.0496796060173571,-0.0626074255500768,0.208029519936642,0.33636463924055
"G3I7K5","Sorting nexin-12",9.21844667860902,9.11589412378069,-0.0157266631339126,0.766676027976775,0.831787573950815
"G3I7L1","Plasminogen receptor (KT)",0.898188256580468,1.00192574433994,0.156308746261255,0.0983470386604868,0.212915613451908
"G3I7L3","Endoplasmic reticulum metallopeptidase 1",0.779545714946291,0.78834482496441,0.0147084798212317,0.789419660372308,0.847942106311333
"G3I7L9","Eukaryotic translation initiation factor 3 subunit C",9.98235748073118,8.9345827857386,-0.155917740274298,0.197321052099508,0.325336729742391
"G3I7M1","Ataxin-2-like protein",4.51247380631979,3.7670329272558,-0.26054695294445,7.04065619631281e-05,0.0291925759063368
"G3I7M2","Elongation factor Tu",18.1745253570069,17.8202505315463,-0.0289086109254164,0.482004674556021,0.60354270323195
"G3I7M5","Calcium-transporting ATPase",1.88831023860008,1.91162234548057,0.0164789102851254,0.76275656423447,0.828878643017133
"G3I7M8","Protein spinster homolog 1",0.155115729315754,0.167701342752042,0.112534632892004,0.0320958765143636,0.11987198905099
"G3I7N4","PRUNE2",0.0803016102553263,0.0765941130930827,-0.0690988262397276,0.233176278791064,0.364521721211439
"G3I7P9","Conserved oligomeric Golgi complex subunit 6",0.173688567911444,0.178198743395155,0.0366581026318631,0.256704373518437,0.391121918891024
"G3I7Q5","Zinc finger protein ZPR1",2.20173125955019,2.18656683197225,-0.0107687204578497,0.805461457354691,0.859107551869392
"G3I7R7","Nucleolar MIF4G domain-containing protein 1",1.03438826776008,0.919516684004011,-0.170695674723308,0.0304373524248156,0.115596547815296
"G3I7S8","B-cell receptor-associated protein",0.0943144761812202,0.104305986987588,0.143566888452469,0.158075377014991,0.281125550940051
"G3I7T2","Sec1 family domain-containing protein 2",0.333464649846363,0.454354462274451,0.446699587146749,0.0179945315251738,0.0925156636171378
"G3I7T3","Pre-mRNA 3'-end-processing factor FIP1",1.85556732208886,1.73167048720677,-0.100677241815397,0.127756645820552,0.247483823750199
"G3I7T9","Guanine nucleotide-binding protein subunit gamma",0.181985492271102,0.104418356567927,-0.813792725766644,0.00743635349400945,0.0689292288771211
"G3I7U7","Docking protein 1",0.148350657624829,0.12173446024854,-0.288650085962916,0.0441454725414569,0.140668108280186
"G3I7U9","HtrA serine peptidase 2",0.978508850708766,0.883268724336175,-0.143344131105013,0.226850392609499,0.357302712500703
"G3I7V5","Large ribosomal subunit protein mL53",4.04059819012983,3.46204230479905,-0.214271162703633,0.3001126308139,0.433150916487332
"G3I7W3","Dynactin subunit 1",1.0857465106771,0.949360656775077,-0.193519217545388,0.0352280028539621,0.126459517892943
"G3I7W4","Dynactin subunit 1",2.02220326021348,1.89997810533609,-0.0891902843991209,0.126825719236788,0.246507364858031
"G3I7W5","Myosin-XVIIIa",0.404492551912076,0.399898587176454,-0.0168050995511198,0.549410417434873,0.660753383814057
"G3I7X1","Flotillin",1.04868623267531,1.06975557360736,0.029170507862539,0.386258708586486,0.516297083721633
"G3I7X3","GTP-binding protein era-like",2.61615186016533,2.27328457414633,-0.202296261587794,0.0111602457551891,0.0765903403880625
"G3I7X7","Carboxylic ester hydrolase",0.805580392912044,0.875001437290788,0.119698220990777,0.0577274183567658,0.159613480789393
"G3I7Y4","HECT-type E3 ubiquitin transferase (Fragment)",0.37808278462279,0.3575828673215,-0.0804938654038267,0.0451586727971457,0.142188219992518
"G3I7Z8","Importin-7",4.29607213119111,4.75265622564946,0.145284922003419,0.0365411735294446,0.127573568734454
"G3I801","Switch-associated protein 70",0.52972487988071,0.522698000164275,-0.0194837559440423,0.436627967050326,0.562723837396011
"G3I804","Protein SCAF11 isoform X1",0.832267820823434,0.764659134870811,-0.122558424970482,0.0573130103150009,0.159324456415538
"G3I831","Secretory carrier-associated membrane protein",2.41587329368164,1.92301142580278,-0.329446735052039,0.0144677752884347,0.0851030648337273
"G3I834","Cytochrome c oxidase subunit 5A, mitochondrial",59.0210571654985,60.0512049246173,0.0239799992673069,0.616411793925064,0.713030008855282
"G3I837","Mannose-6-phosphate isomerase",1.22021687851881,1.34954098124998,0.147278425885412,0.106849083741063,0.221301907971124
"G3I846","Anaphase-promoting complex subunit 4",0.398264869609439,0.386481082399191,-0.0436907493889689,0.287115957242176,0.420743042420999
"G3I847","Anaphase-promoting complex subunit 4",0.277449610195626,0.299077888370766,0.108937649983189,0.0997308173105333,0.214206786445068
"G3I854","Ubiquitin-associated protein 2",1.33888749960426,1.2398940180457,-0.11075162537133,0.00420351190954123,0.0631502537190615
"G3I858","Leukocyte receptor cluster member 8-like",4.49379413242988e-08,3.78741656031811e-08,-0.247291058750818,0.00468247638852223,0.064391287179296
"G3I863","receptor protein-tyrosine kinase",1.04098671127701,1.00385856526163,-0.0526916555986023,0.123409903909475,0.242829481707827
"G3I873","ubiquitinyl hydrolase 1",2.76100702680262,2.66996336090309,-0.0480876978750875,0.304498895458299,0.438536059853239
"G3I877","Stress-induced-phosphoprotein 1",23.226945798449,25.3693888247716,0.125979271346877,0.123882166835337,0.243514634511108
"G3I881","peptidylprolyl isomerase",13.8963574210662,17.5016806274168,0.332476238010114,0.00442306882649338,0.063315611396716
"G3I883","Phosphoinositide phospholipase C (Fragment)",0.127100116697335,0.124361520461443,-0.036917901885392,0.793217169797608,0.851201624659376
"G3I885","Steroid hormone receptor ERR1 (Fragment)",0.0883741341464082,0.106346689729549,0.266968072132736,0.0023847347236586,0.0524342233987471
"G3I886","Multifunctional methyltransferase subunit TRM112-like protein",7.35186313158192,7.20996988643075,-0.0284705912164753,0.52849694869248,0.643228831735902
"G3I887","Peroxiredoxin-5",13.2914577573074,14.3720156070617,0.112782263030392,0.0283553290939436,0.111041357426221
"G3I8B9","AP-2 complex subunit beta",7.02416595323661,7.41999751872527,0.0792191781428651,0.0245458313759168,0.104097284275015
"G3I8D0","Suppressor of G2 allele of SKP1-like",4.41979220552588,3.96790721207857,-0.155444341978998,0.00566343748574179,0.0662513158860103
"G3I8H1","Hydroxyacid-oxoacid transhydrogenase, mitochondrial",0.411622296385438,0.365003721190191,-0.172112531903638,0.0613064917691669,0.163523519585025
"G3I8H3","Putative myosin light chain kinase 3",1.14604219491987,1.21524190147035,0.0838382385690283,0.143843032073608,0.265313469713219
"G3I8H6","alanine transaminase",0.11613745521779,0.130363906724605,0.167235309648738,0.0327001558619345,0.120936377535795
"G3I8H9","Cysteine and histidine-rich domain-containing protein 1",1.81699639826723,1.56088856715988,-0.220303054336998,0.0197647260428624,0.0947744098359033
"G3I8K9","Signal recognition particle 54 kDa protein",2.27193437423202,2.51104833316955,0.143287428918935,0.0851826775106903,0.193818097639892
"G3I8L1","Bromodomain adjacent to zinc finger domain protein 1A",0.1651426991785,0.160225469131856,-0.0439623529702535,0.204095415660107,0.332274449025195
"G3I8L4","Sorting nexin-6 (Fragment)",1.08954634825305,1.17447488672559,0.107574093065379,0.0897572600984555,0.200536745349719
"G3I8P7","N-acetylglucosamine-6-sulfatase",1.17496078807528,1.32772227521503,0.176562878995412,0.00589557892044324,0.0662513158860103
"G3I8R5","GTPase-activating protein and VPS9 domain-containing protein 1",1.79013318108355,1.73208630825234,-0.0478438126211482,0.566931837225389,0.674554162528751
"G3I8R8","GTPase-activating protein and VPS9 domain-containing protein 1",1.19495257843275,1.17900602666704,-0.0197957473295887,0.510737782686981,0.627777950295015
"G3I8R9","Endoplasmic reticulum chaperone BiP",242.900494003238,258.465748005563,0.0895161833203764,0.0163574087147815,0.0885893963889542
"G3I8S7","Polyadenylate-binding protein",22.0308549604523,18.1800378521942,-0.277628250220155,0.00397216510422008,0.0618945007217298
"G3I8S9","RNA binding protein fox-1 homolog",1.20024357345328,1.177153107314,-0.0291686221218353,0.80869089817536,0.861308293613951
"G3I8T3","Wiskott-Aldrich syndrome protein family member",2.04894487467573,1.90902505330614,-0.103274406107595,0.129562001622074,0.248876742250324
"G3I8U4","EMILIN-2 (Fragment)",1.26163861708615,1.30904232623636,0.052787582472566,0.176346030356924,0.30245910126428
"G3I8V9","DnaJ-like subfamily A member 1",0.585044834047417,0.471557228850482,-0.310375097575296,0.009995663771921,0.0730610274700962
"G3I8W0","WD40 repeat-containing protein SMU1",1.9280729569945,2.00892233016103,0.0584972569549079,0.225405735039357,0.355808288578165
"G3I8X0","60S ribosomal protein L19",4.04081829520697,4.41509525682785,0.107117884864636,0.59899113489208,0.698280727139669
"G3I8X2","Long-chain-fatty-acid--CoA ligase",1.91590575639223,1.8302975715212,-0.0667167836305881,0.187684417171686,0.313619442972358
"G3I8X6","E3 ubiquitin-protein ligase",0.990395806426162,1.06015733368679,0.0979160412697804,0.0388295254218174,0.131142705940285
"G3I8Y5","DNA-directed RNA polymerase subunit beta",1.58304945154371,1.61900256597768,0.032131552492216,0.307433139218611,0.441440850613512
"G3I8Z3","TBC1 domain family member 20",0.610805463316323,0.551821027528375,-0.147166101240562,0.033251559403541,0.122597652625657
"G3I8Z5","sulfiredoxin",0.594509442340365,0.598835861090625,0.0101704024745134,0.698530152427828,0.778289087941392
"G3I903","Acyl-CoA thioesterase 9",2.17063085512592,2.0572112025461,-0.0778233631594754,0.082416357683877,0.190247011420613
"G3I904","ER membrane protein complex subunit 1",3.75713708862527,3.98461101473545,0.0844124728462183,0.0705294225352521,0.173971053693706
"G3I905","E3 ubiquitin-protein ligase UBR4",0.124569201150084,0.134488278419704,0.113283038770499,0.215965758216928,0.345830199185828
"G3I909","Multifunctional fusion protein",0.792876307311098,0.823288703479704,0.0540666069853227,0.100965356003194,0.215792494599419
"G3I923","AP complex subunit sigma",0.985108305102647,1.01566790237721,0.04576354515522,0.670766276065615,0.757112420245597
"G3I935","YLP motif-containing protein 1",0.502685524300853,0.580287343544318,0.206816659604842,0.0437086483434781,0.139725736395054
"G3I936","NPC intracellular cholesterol transporter 2",2.4896116557167,2.58272969446076,0.0563573803231303,0.640076474814889,0.732172235545261
"G3I948","Eukaryotic translation initiation factor 5A",32.3667262005007,35.7827796094969,0.143159498385438,0.101772672825992,0.216895171001897
"G3I952","EF-hand domain-containing protein D2",21.448578928222,19.6528524465378,-0.127222770921457,0.0756242931790496,0.180780109286487
"G3I956","DnaJ homolog subfamily C member 16",0.0544632374688346,0.0602822426030975,0.146030696731571,0.0256197474134151,0.105472687075892
"G3I958","Protein DDI1-like 2",0.811909979076022,0.704698999191813,-0.204338348080573,0.00232313147303322,0.0524342233987471
"G3I962","RING-type E3 ubiquitin transferase",0.0571019610681363,0.0598026646939591,0.0666382422442693,0.0167151710352081,0.0888026626267328
"G3I968","Histone H2A",7.46877469480621,7.80949855496888,0.0700300103117248,0.809068800454814,0.861308293613951
"G3I970","hydroxymethylbilane synthase",0.285170390986039,0.293736422885388,0.0422473950352285,0.498642010328177,0.616532991713486
"G3I971","Vacuolar protein sorting-associated protein 11 homolog",0.653956428798769,0.689475625222876,0.075767444711006,0.380466025186065,0.511619038287569
"G3I973","Hypoxia up-regulated protein 1",30.9276025120141,37.4999925886587,0.279091117109966,0.0124610271139071,0.0803571640175935
"G3I979","40S ribosomal protein S25 (Fragment)",170.738698509819,182.765685987352,0.0966406007890779,0.246575003387043,0.379966176950476
"G3I994","Cytochrome b-c1 complex subunit 7 (Fragment)",7.3177020103245,8.31585392569449,0.184162220087496,0.01271299234327,0.0811024173353538
"G3I9A3","Neudesin",6.7372545049423,7.16807680290036,0.089413435459861,0.0128599222799051,0.0811024173353538
"G3I9B3","cAMP-dependent protein kinase type II-beta regulatory subunit",0.640863547199132,0.612206106404229,-0.0655353043104191,0.28825243413768,0.420960145238847
"G3I9D3","Proteasome subunit beta",5.20688252580208,5.34192993371236,0.0369281790754767,0.472834298277115,0.595177283314593
"G3I9E3","Ribosomal RNA processing protein 1-like B",2.76179586611945,2.69143282359574,-0.0372318459627714,0.0929960569693045,0.205044665794639
"G3I9F0","General vesicular transport factor p115",2.24712256585924,2.25380384303899,0.00420465836609929,0.895984566932051,0.931033947693752
"G3I9F1","G3BP stress granule assembly factor 2",10.0558050139313,9.34116304222086,-0.10625536545439,0.0207028136652443,0.0962732821398119
"G3I9F9","Signal transducer and activator of transcription",0.644597271368748,0.663903098308734,0.0418976695409429,0.397835405505239,0.526722746133716
"G3I9G7","Proteasome subunit alpha type",9.88435104089843,9.45332084206438,-0.0645376913964575,0.138861406664163,0.259647557600533
"G3I9G8","Actin-related protein 10",0.442072331525967,0.399886598204681,-0.144974070622222,0.0103594047403607,0.0740687025749455
"G3I9L4","GRB10-interacting GYF protein 2 isoform X1",0.942762104047264,0.961662124588688,0.0283713484205309,0.313703816233488,0.4477157283106
"G3I9M1","Signal peptidase complex catalytic subunit SEC11",0.198301467546891,0.188650086151757,-0.074558908694172,0.350238756955042,0.48320244003649
"G3I9M7","DNA polymerase delta subunit 3",0.0734321564812288,0.0714841565832684,-0.0388727459711173,0.126012432248539,0.245627839386202
"G3I9P1","LRP chaperone MESD",2.18159488395166,2.00518223496373,-0.12007258715218,0.248947402879255,0.382740908331128
"G3I9R6","RNA exonuclease 4",0.611723153456839,0.618177354556194,0.0150479974239346,0.680381607959864,0.764173571087807
"G3I9S0","Surfeit locus protein 4",5.68176822875497,5.74975149244188,0.0170596731784247,0.327339534424354,0.46189098723369
"G3I9S1","Surfeit locus protein 2",0.429112236195089,0.472396396392727,0.134422105727746,0.234820269406563,0.366578097809593
"G3I9S3","60S ribosomal protein L7a",78.7043140696301,80.0961691082874,0.0253239085619388,0.470951883317826,0.593254028402245
"G3I9S5","Surfeit locus protein 6",0.613134546339646,0.590268401705641,-0.0561316948998799,0.366132977526524,0.497967728615304
"G3I9T8","E3 ubiquitin protein ligase",0.622087295061295,0.602984496083839,-0.0445037548654584,0.255046247593254,0.389611953762949
"G3I9W5","39S ribosomal protein L48, mitochondrial",1.74100210605199,1.87850020871007,0.110173899296663,0.0631160710494921,0.165574700324458
"G3I9W6","60S ribosomal protein L29",53.7068019158651,65.73242914507,0.290380104586888,0.0189659442645713,0.0935811002857384
"G3I9W7","Ras-related protein Rab-6A (Fragment)",67.0302721880182,71.7305144382936,0.0975746909761019,0.0254129319537937,0.105455085205942
"G3I9X3","Protein SET",6.01637714026658,3.83629233340933,-0.651753767889189,0.00437473427902595,0.063315611396716
"G3I9X6","Spectrin alpha chain, brain",8.67191341108675,10.036393424622,0.210313571680335,0.0149720959427526,0.0859098494373822
"G3I9X8","Spectrin alpha chain, brain",5.76108401641092,6.17550279515488,0.0986323184587277,0.194344291431775,0.321696510099976
"G3I9Y6","long-chain-fatty-acid--CoA ligase",0.921145076535432,0.966496899247692,0.0692892490772175,0.0187068396774518,0.0931186129012676
"G3I9Z3","Ribose-phosphate pyrophosphokinase 2",11.9284984839239,11.585082099221,-0.041081672359677,0.487565834464151,0.608004041710698
"G3I9Z9","Replication factor C subunit 3",1.17773389428584,1.25735122076319,0.0947755411435682,0.049347450105057,0.149036812987691
"G3IA04","Protein FAM103A1",0.32603473389312,0.255219477474033,-0.354611428814301,0.00825950858661361,0.0708998710557229
"G3IA10","receptor protein-tyrosine kinase",0.280050179655152,0.285031312262201,0.025648794651425,0.385721369993851,0.515953210275107
"G3IA13","2-oxoisovalerate dehydrogenase subunit alpha",1.15464825079198,1.1623985787892,0.00911039032103741,0.853447719559148,0.897984758681065
"G3IA25","Dol-P-Glc:Glc(2)Man(9)GlcNAc(2)-PP-Dol alpha-1,2-glucosyltransferase",0.349214395814711,0.360009036090247,0.0443599531932954,0.311521592528761,0.445963545848487
"G3IA26","Heparanase",0.350724740167322,0.343031558394936,-0.0320812568761784,0.0991203155975419,0.213534038388721
"G3IA29","Zinc finger Ran-binding domain-containing protein 2",0.682097010877187,0.542719456475185,-0.332921038356926,0.0261374509182106,0.106296534900669
"G3IA32","COP9 signalosome complex subunit 4",3.09099280508986,3.04595148225428,-0.0213054469369256,0.36076500968999,0.4938570500746
"G3IA34","Protein lin-54 homolog",0.106541408212307,0.124685746667009,0.220927752464072,0.162995384556787,0.28652602526868
"G3IA72","Profilin",3.58029246515445,3.95548714542867,0.142902009765709,0.134202781206328,0.254411984816192
"G3IA75","COMM domain containing 2",0.618430589836321,0.62860915025295,0.0217967058662316,0.706434606776472,0.784788984490733
"G3IA77","Nicotinamide-nucleotide adenylyltransferase",0.267619063535126,0.277492435328971,0.0518806705513399,0.177340147457352,0.302990032434792
"G3IA85","Ubiquitin conjugation factor E4",0.34727183843,0.319410860138646,-0.120664103851764,0.0285472192997783,0.111430469848482
"G3IA94","Myosin regulatory light chain 12B",17.1095415932583,16.1761086471085,-0.0784046142568826,0.32871346140885,0.463243770667545
"G3IAE3","RNA transcription, translation and transport factor protein",8.89741655041408,8.79442649441184,-0.016884980436918,0.629673580067504,0.724232808414411
"G3IAF9","Short coiled-coil protein",5.17766217207105,5.30436265083817,0.033566152346296,0.526754665556547,0.642103445852386
"G3IAG0","Xaa-Pro aminopeptidase 1",1.01379328750332,0.993366988494275,-0.0296077788611565,0.255255211443191,0.389753281341405
"G3IAG1","Guanine nucleotide-binding protein G(Q) subunit alpha",1.9364405150555,1.81444150339825,-0.0906361672977666,0.337067158813946,0.470068241895949
"G3IAH6","DNA-directed RNA polymerase",0.659789382721951,0.686562920265647,0.0566922312453263,0.24789841400314,0.381829724651868
"G3IAI5","DNA replication licensing factor MCM5",10.9950466567783,10.1060019224164,-0.121790845245178,0.00912017207737082,0.0723518394270431
"G3IAI6","Heme oxygenase",2.48269687692842,2.45124316028364,-0.0189888567561376,0.714138761699932,0.789903974215474
"G3IAI7","Target of Myb protein 1",0.557263712906014,0.567632629972949,0.0264044261910712,0.272656587438541,0.406857600604902
"G3IAJ4","Charged multivesicular body protein 5",1.38509316302383,1.32852419837737,-0.0605778705104623,0.136284999407475,0.256612476397757
"G3IAJ8","Nucleolar protein 6",0.974150959432433,1.04587032299593,0.102270371305938,0.101740579722047,0.216895171001897
"G3IAK3","RING finger protein 214",0.186370024963803,0.184859543083683,-0.0117493595628115,0.529048518772683,0.643664186677889
"G3IAL3","Mortality factor 4-like protein 2 (Fragment)",0.991878737668924,0.952064041240632,-0.0591639233802359,0.0236021426215195,0.102573005406838
"G3IAP8","Dehydrogenase/reductase SDR family member 7",0.505066118741105,0.466777738915711,-0.113852975815417,0.00913043751914759,0.0723518394270431
"G3IAQ0","phosphopyruvate hydratase",178.547327563126,135.101724281628,-0.402699382127054,0.00666439142280082,0.0684249127428805
"G3IAQ6","Fanconi anemia group I protein-like",0.202343404637961,0.26065916050899,0.363500216149595,0.0222173926193287,0.0997718625514562
"G3IAR7","Glycerol-3-phosphate acyltransferase 1, mitochondrial",0.0679199859368005,0.0590073822023374,-0.205085456088689,0.0847424795955331,0.193342248947682
"G3IAS8","Heterogeneous nuclear ribonucleoprotein K",15.7147090106107,15.4639940693168,-0.0232161408547946,0.215522583431703,0.345310716489186
"G3IAU0","SMC hinge domain-containing protein (Fragment)",1.44784630832795,1.40180910449716,-0.0466530138493724,0.022817711874639,0.100753142011104
"G3IAV4","Putative cation-transporting ATPase 13A3",0.0371351528268843,0.0348994460987467,-0.0901513970874159,0.10657059368142,0.221182564475252
"G3IAW2","N-alpha-acetyltransferase 35, NatC auxiliary subunit",0.207068346598064,0.200137936055543,-0.0490723312676171,0.0180781070710276,0.0925963368541216
"G3IAX4","Glutathione peroxidase",6.45410293546921,6.59302309960578,0.0308873779215957,0.26737746331096,0.400754605405258
"G3IAY2","Mini-chromosome maintenance complex-binding protein",2.32965222227772,2.15210142454674,-0.114425739739549,0.0397934850685846,0.133107603405732
"G3IAY3","SEC23-interacting protein",0.586470942851009,0.686134778080556,0.226195919912209,0.00442672634663392,0.063315611396716
"G3IB32","Twinfilin-1",4.67886247005242,4.34045458388104,-0.108336763592794,0.00398172439402683,0.0618945007217298
"G3IB33","Transcription initiation factor TFIID subunit 5 (Fragment)",0.063779827580309,0.0590589743126128,-0.112689352318912,0.150084747963022,0.273467519562239
"G3IB34","Protein RRP5-like",1.51418659864971,1.58092198248383,0.061972986138051,0.136704326627,0.256905885019972
"G3IB40","SH3 and PX domain-containing protein 2A",0.217303985960045,0.205309730166048,-0.0820580102511337,0.023778494103148,0.102700871240023
"G3IB53","Golgi-associated plant pathogenesis-related protein 1",4.97513083459525,4.86765933731648,-0.0320441742793465,0.373717908831289,0.504368484217066
"G3IB70","ubiquitinyl hydrolase 1",0.400622644808407,0.412314272608773,0.0420571121445172,0.314083217828888,0.4477157283106
"G3IB71","glutamine--tRNA ligase",4.51810584813278,4.61977597308895,0.0321758380024462,0.132372138096787,0.252306119709537
"G3IB78","Transmembrane prolyl 4-hydroxylase",15.9577865059563,16.9620809198363,0.0881675891218046,0.180914802150115,0.306844011761778
"G3IB81","Mitochondrial carnitine/acylcarnitine carrier protein",1.33825817301066,1.707350976111,0.350971069701003,0.00383816775744175,0.0611730832578931
"G3IB99","ATP-citrate synthase",2.61962620945615,2.51652462252779,-0.0770814383218279,0.787757328078565,0.846794077595925
"G3IBA9","Glutamate-rich WD repeat-containing protein 1",2.1441692268515,2.02932864632869,-0.0779894444861755,0.274407632917151,0.408741587616246
"G3IBB9","Nodal modulator 1 (Fragment)",2.2634921631247,2.39230707987678,0.0796161556242105,0.0514180535657737,0.151709147880981
"G3IBF1","Nucleophosmin",231.666799529728,180.460853368101,-0.362046289909562,0.00888694351771704,0.0711593300330118
"G3IBF6","Sister chromatid cohesion protein PDS5-like A",1.66989799750721,1.67219020065032,0.00208890905217385,0.891462117960407,0.928063361994862
"G3IBF7","E2 ubiquitin-conjugating enzyme",3.13572574008597,3.08509441085786,-0.0249811083866067,0.746879422085737,0.816129750480235
"G3IBG3","Ubiquitin-like modifier-activating enzyme 1",11.5094609736182,10.8495476386342,-0.0868116777852843,0.266330910015228,0.399735226825546
"G3IBG4","Cyclin dependent kinase 16",0.0305719501848064,0.030641295476048,0.00112118510941084,0.960242777157473,0.974805148664259
"G3IBI0","small monomeric GTPase",2.02065481641841,1.92469232239617,-0.0741032515513995,0.445335587367576,0.569777603562414
"G3IBI3","Putative ATP-dependent RNA helicase DDX20",0.216002254855739,0.2107426530589,-0.0351484470544325,0.310105667271521,0.444316638851789
"G3IBI4","Putative ATP-dependent RNA helicase DDX20",0.28797145508863,0.280902939139133,-0.0350020989428999,0.431278976432743,0.557117226599919
"G3IBJ1","Dynamin-1",0.0745672830886874,0.0687391939744246,-0.118089889987098,0.0549840776238458,0.156950408283659
"G3IBJ2","Golgin subfamily A member 2",0.923100533305088,0.97272359736858,0.0767495533752006,0.206267975862868,0.334162108041152
"G3IBK2","Filamin-A",16.9902296458672,15.5787353473531,-0.125626285770328,0.0320683116054826,0.11987198905099
"G3IBK3","Emerin",3.21898031582132,3.42598222573339,0.0914542545579087,0.291061716899537,0.423373996724359
"G3IBK4","Large ribosomal subunit protein uL16",0.486311711948647,0.465673557347957,-0.062262324508481,0.162627428851786,0.286029429514938
"G3IBK8","V-type proton ATPase subunit S1",0.94807338427287,1.00436925822375,0.0833972562596959,0.0361097796852898,0.127220455375437
"G3IBK9","Rab GDP dissociation inhibitor",0.0898021078605332,0.0903578207272672,0.0093028207945145,0.817896854798211,0.867945711163479
"G3IBL0","Protein FAM50A",4.61213231142592,4.51493788853886,-0.0306613930013233,0.138055874567594,0.259009535974069
"G3IBL4","Glucose-6-phosphate 1-dehydrogenase",2.75087063743053,2.84780662281977,0.0495069955941416,0.202470411229336,0.330569983602237
"G3IBL5","NF-kappa-B essential modulator",0.186072625979364,0.189751022258399,0.0259396968580465,0.717779340927083,0.793397441903219
"G3IBN5","ATP-dependent RNA helicase",0.589626516169971,0.597806213335456,0.0196701104708555,0.597457640970123,0.697118815548066
"G3IBQ9","phenylalanine--tRNA ligase",4.83168385287931,5.57250528588014,0.2054097012264,0.00996348749614316,0.0730610274700962
"G3IBR7","Sterol regulatory element-binding protein 2",0.0551552447491108,0.064011809668047,0.209968856002201,0.136194890471821,0.256612476397757
"G3IBT1","Pre-mRNA-processing factor 6",7.04936395574952,7.99879271767253,0.180650903752459,0.071336659225827,0.175046773041674
"G3IBT3","Ribosome-recycling factor, mitochondrial",0.2777186280878,0.303714868951616,0.129935724455827,0.0568200118535286,0.158756232760104
"G3IBU1","Putative bifunctional methylenetetrahydrofolate dehydrogenase/cyclohydrolase 2",1.56998413622627,1.81824149865678,0.211874421460001,0.00546141470218352,0.0662513158860103
"G3IBV7","Cytochrome b5",10.0305798205135,10.2374892572306,0.0291901341340632,0.425091159409189,0.551251495754574
"G3IBV8","Mitochondrial import inner membrane translocase subunit Tim21",0.693258323471543,0.69321708129472,-0.000264707812264176,0.99766861080829,0.998727184978698
"G3IBW2","Cytochrome c oxidase assembly protein COX15 homolog",0.157471638876474,0.155069141246808,-0.0227658737473582,0.794856941779388,0.851596089672091
"G3IBX8","N-acetyl-D-glucosamine kinase",0.238224045456414,0.225700666998916,-0.0798394270781762,0.432581918842294,0.558154079554803
"G3IBY2","Syntaxin-7",1.36295211599389,1.31334043287016,-0.0533363343165186,0.102603507746691,0.217690937530956
"G3IBY4","Plastin-3",5.33207669726701,5.1036529041548,-0.0631143824145917,0.0192448201788864,0.0940130756933143
"G3IC05","Density-regulated protein",1.57835315742226,1.54194531124203,-0.0279297084827282,0.772431279314128,0.836675563710158
"G3IC16","protein disulfide-isomerase",0.403268718660327,0.37258754997193,-0.115174511674993,0.10441725498986,0.219663452200541
"G3IC31","26S proteasome non-ATPase regulatory subunit 10",0.443661977549148,0.446372948218615,0.00698610800627719,0.880422115400352,0.918570081123746
"G3IC53","Nucleoporin 50 kDa",1.37436877502004,1.30050672154735,-0.0806682409151093,0.161784509658267,0.284996186224326
"G3IC63","High mobility group protein HMG-I/HMG-Y",4.99908299808335,4.52176104152452,-0.140848056927012,0.257934129640335,0.39158282724778
"G3IC73","Chloride channel CLIC-like protein 1",1.90685436289586,2.11348709164548,0.147818156661674,0.0689581268439417,0.172954151288216
"G3IC91","von Willebrand factor A domain-containing protein 5A",1.3652384837093,1.4513960936533,0.0835430688482904,0.4397596489782,0.565236384458539
"G3IC99","Septin",10.0847421647483,9.82084623132803,-0.0380913431808096,0.362626299176469,0.495594211246893
"G3ICB9","Nucleolysin TIAR",5.46666479653309,4.67169206908376,-0.226821159548837,0.000442646379547908,0.030127760075788
"G3ICC2","BAG family molecular chaperone regulator 3",0.85610806113865,0.758365830567931,-0.174733136875007,0.00722311002047006,0.0689292288771211
"G3ICD3","Lactadherin",3.3183475272361,3.41049585796852,0.0396641348101281,0.10906530993726,0.223677446299024
"G3ICD7","Apoptosis-enhancing nuclease",0.425672069333027,0.342650583854776,-0.312530644107346,0.00561098991826778,0.0662513158860103
"G3ICE3","COP9 signalosome complex subunit 5",2.32710881193931,2.25916375153289,-0.0429840773261629,0.140699226852848,0.261442590485553
"G3ICG1","Recombining binding protein suppressor of hairless",0.735159549489518,0.694965269288906,-0.0810826653503031,0.0657663053732621,0.168787851424798
"G3ICG9","Atlastin-3",2.47688480464249,3.25916004257023,0.397263286798525,0.030037374101278,0.114766085749974
"G3ICH6","Calcium-binding mitochondrial carrier protein SCaMC-1",2.37047804287263,2.38520982571015,0.00856549269404883,0.782413514315984,0.843122354287057
"G3ICH9","Ataxin-10",3.01493110819236,3.14244856197874,0.0595667688025447,0.0714904245401951,0.175256133260538
"G3ICI5","Survival of motor neuron-related-splicing factor 30",0.828846341256708,0.757016331511118,-0.12292103802229,0.390820802325759,0.519490558135154
"G3ICJ7","Putative TRAF4-associated factor 1",0.472127038278569,0.46407213180208,-0.0258931049918716,0.739332597750863,0.811326624482668
"G3ICJ8","Isovaleryl-CoA dehydrogenase, mitochondrial",3.16711122359644,3.62404472858766,0.193984965181325,0.0142817898438823,0.084799914199897
"G3ICK2","Vacuolar protein sorting-associated protein 18 homolog",0.279008196137232,0.296717494557689,0.0888093497577669,0.00436075116917326,0.063315611396716
"G3ICK8","DnaJ-like subfamily A member 1",1.3021301597772,1.12388957109917,-0.212396961179423,0.0334450931269344,0.122876758173271
"G3ICL7","Voltage-gated potassium channel subunit beta-1",0.7439198761941,0.705630906725741,-0.0763998692612696,0.0366126797300658,0.127648582350552
"G3ICM4","Protein-S-isoprenylcysteine O-methyltransferase",1.94374298261656,2.01647521892734,0.0607367678635249,0.668624154613992,0.756195124747766
"G3ICS0","Bromodomain and WD repeat-containing protein 2",0.32441704907341,0.338401654619982,0.0611450547781736,0.153122312893292,0.277224001205603
"G3ICS3","Cullin-3",0.56475455095893,0.524789421655154,-0.109605999827454,0.330674862865204,0.464497357930026
"G3ICU8","Caseinolytic peptidase B protein-like",1.35253603950506,1.43078415365574,0.0818348168668644,0.125635133995155,0.245047082448592
"G3ICV6","Protein C16orf88-like",1.06288042963514,0.897767670432636,-0.243731326339464,0.00191417345741265,0.0481709666312793
"G3ICV7","VPS35 endosomal protein-sorting factor-like",0.101784877336261,0.094868442251735,-0.100857768129152,0.0987171134951125,0.213468787109385
"G3ICW1","Osteoclast-stimulating factor 1",3.91453593491189,3.94616533256048,0.0111748563842777,0.810914298246228,0.862176034380599
"G3ICY6","Small ribosomal subunit protein eS17",49.9530672840173,53.0532571775026,0.0872305607561792,0.083480051222677,0.191769204833425
"G3ID08","RNA helicase",11.6764691023219,11.3399913983643,-0.0423491191423011,0.156372384425973,0.280031230965079
"G3ID18","Protein SDA1",0.78237301590365,0.787169978905969,0.00859045900529409,0.78298263492684,0.843464074380475
"G3ID20","Nucleoporin p54",3.9384745242422,3.84407687191669,-0.0350966378727706,0.100311770037985,0.214807098091577
"G3ID21","Lysosome membrane protein 2",0.095112203958922,0.116817829297196,0.296488537581599,0.000924824489228083,0.0359757428941437
"G3ID32","Glutamyl-tRNA(Gln) amidotransferase subunit B, mitochondrial",0.348038392067866,0.363947826383878,0.0676512925395385,0.450624424714814,0.573693400350127
"G3ID44","La-related protein 7",0.793079213461235,0.774818142270449,-0.0335063830429603,0.351351753782447,0.484538244709456
"G3ID61","Zinc transporter",1.10165199553222,1.20207660647105,0.12457142507051,0.12303145115367,0.242512524741657
"G3ID62","Exostosin-like 2",0.409369183605754,0.400688639358814,-0.0300649533540502,0.638582868759034,0.731213432000167
"G3ID92","Bromodomain containing 3",0.170331208206016,0.174051610981486,0.0311767278279325,0.365223083667283,0.497720546023777
"G3ID93","WD repeat domain 5",2.90406163347661,2.81132881045396,-0.0470643988587813,0.127879576325128,0.247483823750199
"G3IDB0","Sidoreflexin",16.2420964309876,17.4077289219388,0.102141800364834,0.225280010741067,0.355808288578165
"G3IDC2","Heat shock cognate 71 kDa protein",35.4488907644573,31.3542139964953,-0.177099251314321,0.00156379940642748,0.0432565009364693
"G3IDD4","Serpin H1",46.3564816477094,50.3277601890978,0.118144625629665,0.0412253939165175,0.135541643849297
"G3IDD9","40S ribosomal protein S3",100.777619474407,78.951496784832,-0.347074468799904,0.0671431619671158,0.170704673764724
"G3IDE2","Large ribosomal subunit protein bL17m",3.06944459211609,3.11873088223755,0.0215941089139697,0.714146825806999,0.789903974215474
"G3IDE4","Tripeptidyl-peptidase 1",3.49609891486264,3.80391465328405,0.121468944531647,0.0236780675670325,0.102656077910438
"G3IDE7","Ribosomal RNA-processing protein 8",0.127290606544831,0.131040866311172,0.0424903443381957,0.382381807515884,0.513164358362335
"G3IDF3","Mitochondrial import inner membrane translocase subunit",1.05234694857922,1.03157358410537,-0.0276672621532809,0.56121580849314,0.670525429514238
"G3IDF9","Holocytochrome c-type synthase",1.57327645047008,1.43802660993294,-0.130861517235807,0.0961480608513377,0.209373818913095
"G3IDI9","NHL repeat-containing protein 2",0.226136753522353,0.220611715215086,-0.0354402746739977,0.272295881358355,0.40668197898546
"G3IDJ2","Nuclear pore complex protein Nup214",1.38415919582961,1.36090686915577,-0.0246431457041383,0.293303904083219,0.425895083282661
"G3IDJ8","ATP-dependent 6-phosphofructokinase",1.57665924302409,1.51718833710049,-0.0555536816944324,0.0585662627481526,0.160017372586177
"G3IDL7","Heat shock cognate 71 kDa protein",253.258904039446,230.828144499942,-0.137150199566708,0.185733958184456,0.312074075322978
"G3IDM2","Cofilin-1",169.185995842688,144.321163513721,-0.233104347539944,0.0870250076796673,0.19654028387574
"G3IDM9","Transcription factor p65",0.683550825966048,0.635605563901001,-0.104912457590708,0.00432322716372216,0.0631870799868037
"G3IDN0","Signal-induced proliferation-associated protein 1",0.130711132916208,0.147403291491656,0.173981910406375,0.0160453222485971,0.0879807147986492
"G3IDN7","Protein FAM3C",2.54861763039672,2.44620492745836,-0.057940391849415,0.364654385458665,0.49735054121033
"G3IDQ5","Tudor and KH domain-containing protein",0.413780548252328,0.450036635010651,0.120723685226005,0.040451231094133,0.133985875276402
"G3IDR5","Telomere-associated protein RIF1",0.53117503742453,0.547433261740385,0.0430611003538152,0.249965949248553,0.38377799639216
"G3IDS0","Pre-mRNA-processing factor 40-like A",3.08021429966048,3.01694499692768,-0.029710394635964,0.344841326451576,0.478119078277362
"G3IDS2","F-actin-capping protein subunit alpha",13.3795835727798,13.4237359393724,0.00321726836035907,0.928592579647594,0.956013338689787
"G3IDS3","RNA helicase",0.654793337342211,0.665602562950984,0.0236726953933815,0.384118531201903,0.514669625273326
"G3IDS7","Monocarboxylate transporter 1",6.97085925471027,5.49902205060332,-0.344712492604995,0.0138570767707245,0.0844211792603474
"G3IDT6","Protein disulfide-isomerase A4",35.5261748609948,22.6326312979341,-0.650498476240201,1.77704642896937e-07,0.000594777439776048
"G3IDU1","Zinc transporter ZIP10",4.41888707977099,4.43601245866475,0.00544158526005667,0.867261146279021,0.90671895714982
"G3IDU3","MICOS complex subunit",0.406074656622023,0.463721684862501,0.191566222815913,0.00427960848981869,0.0631502537190615
"G3IDU7","Beta-glucuronidase",1.49566493342555,1.60175797139917,0.0991397142360195,0.0270155668260661,0.107644169246242
"G3IDW3","KDEL motif-containing protein 1",0.584845178138388,0.680736419531818,0.218702753586228,0.0077528958176131,0.0699432407049893
"G3IDW9","Transcription factor MafF",1.16561295650865,1.23911117705468,0.0886351384220663,0.0705466111834093,0.173971053693706
"G3IE01","Coiled-coil domain-containing protein 86",0.792955458886655,0.767476740882004,-0.0474882311191297,0.173946420987632,0.299177117700722
"G3IE04","Pre-mRNA-processing factor 19",15.0462499924769,13.1732279725665,-0.19165992197555,0.00298458370942142,0.0559749170833014
"G3IE05","Transmembrane protein 109",8.93437282989719,8.51864874700024,-0.0691100826474838,0.10775970338342,0.222494849100003
"G3IE21","Aldose reductase-related protein 2",3.57428516450321,2.99892584746052,-0.252938326735395,0.00419317217521975,0.0631502537190615
"G3IE25","Clathrin light chain",5.14977971639881,5.17311749296452,0.0044511131456475,0.915255498580044,0.945481528934385
"G3IE48","Elongation factor 1-gamma",11.276255808477,9.54010494980008,-0.24191045840479,0.0187592020731215,0.0931186129012676
"G3IE78","Mediator of RNA polymerase II transcription subunit 23",0.0417430304180973,0.0496172019647692,0.245758291487816,0.106552814161222,0.221182564475252
"G3IE98","Arf-GAP domain and FG repeats-containing protein 1",1.03903761454825,1.00643851087672,-0.0459273116279195,0.0482784291403106,0.146764670601834
"G3IEA7","Exosome complex exonuclease RRP4",1.51529134182492,1.5943674765595,0.0735673612464068,0.0355935381841141,0.126485654457168
"G3IEA9","Far upstream element-binding protein 3",3.38479961637356,3.44026385967954,0.0238724863338042,0.536096711819272,0.64964362579982
"G3IEB3","OCIA domain containing 2",2.45349367399953,2.03500259559183,-0.269272950271346,0.00874940453067771,0.0708998710557229
"G3IEB4","OCIA domain-containing protein 1",1.8150056105863,1.92955929049323,0.0875478599733632,0.222806685735852,0.353574076682894
"G3IEE4","Protein kinase C delta-binding protein",10.3000402966877,11.6262039846275,0.174775130113818,0.00278878893392947,0.054906332716835
"G3IEE6","Spermidine synthase",15.4174589620191,15.6073904055419,0.01461625156267,0.857614490822563,0.900952825104557
"G3IEE7","Exosome component 10",0.605627000482978,0.574350701924942,-0.0768430988878398,0.0666998345774294,0.169796346540054
"G3IEE8","Serine/threonine-protein kinase mTOR",0.0904285922698065,0.0878756856555022,-0.041259754773979,0.267045237307913,0.4006277047376
"G3IEF0","UbiA prenyltransferase domain-containing protein 1",1.07300713559118,0.921242653624558,-0.21996157579172,0.000588282056336941,0.0315914636921773
"G3IEG2","Serpin B6",2.36272334167493,2.26208584940002,-0.0631581752613652,0.231387608912239,0.362481741932365
"G3IEG5","Biphenyl hydrolase like",0.891043812690916,0.892101159789558,0.00129971360085013,0.973982840075286,0.982495649708252
"G3IEG6","Tubulin beta chain",0.7537666838997,0.705557910466071,-0.0946759905009091,0.102528760591599,0.217690937530956
"G3IEH3","Elongation factor Tu GTP-binding domain-containing protein 1",0.45839281695756,0.486232412196994,0.0846758588395973,0.0697058558641298,0.173897228133006
"G3IEK1","Arp2/3 complex 34 kDa subunit",15.281477499699,15.544753928494,0.0247252405144986,0.424041607495762,0.550139942364124
"G3IEK8","PNKD, MBL domain containing",0.182929312411444,0.178885730685277,-0.034652315549951,0.662576562883086,0.751488904090033
"G3IEL3","Mitotic arrest deficient 2 like 1",0.707404006714786,0.569151688109988,-0.314028773189587,0.006075007864644,0.0664103838758321
"G3IEN3","Large ribosomal subunit protein uL1m",1.7431735212128,1.56586963403385,-0.134264476858713,0.500129822032915,0.618144207660327
"G3IER1","Succinate dehydrogenase assembly factor 2, mitochondrial",0.906243979124831,1.21069042606165,0.417644720706843,0.000935132844873172,0.0359757428941437
"G3IER2","Cleavage and polyadenylation specificity factor subunit 7",2.0003268346014,2.52387009143077,0.335333256716946,0.00085940918920506,0.0359757428941437
"G3IET4","Probable tRNA pseudouridine synthase 1",1.17781735795628,1.14712439846349,-0.0375557595521911,0.340617566023997,0.474032013921962
"G3IET7","UDP-glucuronosyltransferase",0.291319267452036,0.23091903841332,-0.335168936853149,0.000135325606153828,0.0292870881507975
"G3IEU2","protein deglycase",30.5675999268572,32.720205624574,0.0968480552244468,0.166900500652363,0.291249205257278
"G3IEX0","procollagen-proline 3-dioxygenase",5.25619726577738,5.99313830533733,0.189309083409304,0.000213971048257565,0.0292870881507975
"G3IEX2","Nuclease-sensitive element-binding protein 1",9.88804729055937,8.31813155705911,-0.253355853874557,0.0659608573283864,0.169043636660114
"G3IEX3","Peptidyl-prolyl cis-trans isomerase",7.948740752413,8.20217021291595,0.044404312511932,0.41272361112093,0.539445000620441
"G3IEY0","Succinate dehydrogenase [ubiquinone] iron-sulfur subunit, mitochondrial",5.29752078914664,4.38138335681446,-0.273865061271239,0.000871942250422653,0.0359757428941437
"G3IEY5","dynamin GTPase",1.86193278209362,1.9441504449232,0.0620671712159434,0.120792182958681,0.239367339468741
"G3IEY6","tyrosine--tRNA ligase",0.293673764196857,0.271546438618781,-0.112913221902637,0.00990548062062927,0.0730610274700962
"G3IEY9","14-3-3 protein theta",4.92339684786962,4.18135361410205,-0.23365775210714,0.0532500391372956,0.154846117282822
"G3IEZ1","Calcium/calmodulin-dependent protein kinase type II subunit delta",1.19616648580977,1.43054556338366,0.25411873660894,0.0893080655032483,0.199942538621654
"G3IEZ3","Pre-mRNA-splicing factor SYF2",0.428634616423082,0.419130692333859,-0.0324349567620392,0.104880431041356,0.220222586383576
"G3IEZ6","Large ribosomal subunit protein bL21m",3.47753111113869,3.93875589792051,0.179129759727488,0.056613053927421,0.158696726545291
"G3IEZ7","DNA-binding protein SMUBP-2",0.0952301612089901,0.106912558799235,0.170471019603075,0.132910073289938,0.253043239648135
"G3IF31","UDP-N-acetylglucosamine--peptide N-acetylglucosaminyltransferase 110 kDa subunit",0.123514737674948,0.123488946212414,-0.000275803555939813,0.967540926703234,0.978947848148647
"G3IF40","Carbonyl reductase (NADPH)",2.97804587313956,3.24801248336661,0.122441356962445,0.199645382332063,0.327865359413522
"G3IF52","Nucleobindin-2",3.3615462660654,3.31793524954363,-0.0187469012378365,0.507354539837345,0.624307222366028
"G3IF62","Ras GTPase-activating-like protein IQGAP1",9.57383228703984,9.46896383460426,-0.0156167419860189,0.555241548003469,0.665847471339433
"G3IF70","G2 and S phase-expressed protein 1",0.223012199080553,0.204883211326432,-0.122426290573263,0.00382065644622122,0.0611730832578931
"G3IF79","Thyroid receptor-interacting protein 11",0.449209767803895,0.425292172381737,-0.0789022367088628,0.00607094220865578,0.0664103838758321
"G3IF80","Nucleolin",161.679301576146,154.86885693181,-0.0628285863589229,0.347628552633636,0.481188075130182
"G3IFA9","Transcription elongation factor B polypeptide 2",1.47211592818116,1.16850058354926,-0.333148746606152,0.00369687205446063,0.0609528609176341
"G3IFB0","Serine/arginine repetitive matrix protein 2",3.00494755872271,2.96659961977338,-0.0200830110504395,0.744386320308724,0.814735452607358
"G3IFB3","FLYWCH-type zinc finger-containing protein 1",0.19516054836117,0.176635721703801,-0.143535576450031,0.0277862226146554,0.109373781254879
"G3IFE7","Phosphoglucomutase-2",0.816748980713099,0.785268025128789,-0.0602167582063453,0.531913587677119,0.645977785905413
"G3IFH7","NHP2-like protein 1",4.40730386570227,5.2646463655227,0.256247133775014,0.00308174424812927,0.0563639234890091
"G3IFH9","Periphilin-1 (Fragment)",1.05177112476775,1.02076590716459,-0.0429883410102682,0.152545990242152,0.276432825847582
"G3IFJ2","Serine/threonine-protein phosphatase",1.05771932363371,1.11135626097412,0.0711788664203763,0.0802197146402573,0.187489898491512
"G3IFK1","Flap endonuclease 1",2.5289601235882,2.18159783029546,-0.21326247070224,0.00529332355425508,0.0662513158860103
"G3IFK9","Structural maintenance of chromosomes protein 5",0.121242132381707,0.122261655049738,0.0119408441589566,0.731996566288282,0.804595240514575
"G3IFL1","Amidophosphoribosyltransferase",0.549043824221833,0.438889245570072,-0.323868869896492,0.00298680794095846,0.0559749170833014
"G3IFL2","Multifunctional protein ADE2",10.9913431345963,13.2382582660999,0.267920519346461,0.00803166127993273,0.0708998710557229
"G3IFL3","Signal recognition particle subunit SRP72",5.04468562044634,5.39618674644423,0.097333701041987,0.0173781303395122,0.0905990689195439
"G3IFL6","CWF19-like protein 2",0.432645949787175,0.420317032482656,-0.0415758004146483,0.0978144327726052,0.212174275106876
"G3IFM4","Methyltransferase like 7A",0.953275912456496,0.997653566243106,0.0646181220001196,0.31378245126385,0.4477157283106
"G3IFQ2","General transcription factor 3C polypeptide 4",0.824427545737289,0.836870117079985,0.0213092068107995,0.447131223709146,0.571201605249814
"G3IFQ3","ATP-dependent RNA helicase",0.258461513835649,0.22523950331068,-0.201847348749615,0.101878915776567,0.216895171001897
"G3IFQ8","Selenoprotein F",3.5826198194974,4.04725986857327,0.175432182930332,0.0195359019955183,0.0944998584976187
"G3IFT0","Bax inhibitor 1",0.845377641826964,1.04571313890922,0.29991068949626,0.107063946035178,0.221472822855216
"G3IFT9","Actin-related protein 2",2.11944068256333,2.25526188110977,0.0887192875137002,0.164967503478689,0.288841889458562
"G3IFV2","Exocyst complex component 1",0.0443792719537962,0.0441868355098924,-0.00610159872880001,0.774407022019621,0.837348599200871
"G3IFV3","Exportin-1",2.08065693145835,2.06468596764841,-0.0109801994221326,0.597560167854019,0.697118815548066
"G3IFV9","N-terminal Xaa-Pro-Lys N-methyltransferase 1",2.08872759775508,2.22775856795287,0.0924468275469104,0.123183901840118,0.242527364387574
"G3IFX0","Programmed cell death protein 6",2.63294656838506,2.65191586347958,0.0103645634386393,0.734322192055864,0.806886532111286
"G3IFX1","Succinate dehydrogenase [ubiquinone] flavoprotein subunit, mitochondrial",18.417675541811,17.7623627508374,-0.0554390021690763,0.549219098960402,0.660753383814057
"G3IFY1","Thymidylate synthase",4.4327971016649,4.08092406437967,-0.112588325766197,0.387737979612602,0.517654175414192
"G3IFY3","Tyrosine-protein kinase",0.0247383123713456,0.0268157841514354,0.116029869304063,0.0338337340403305,0.123616345746246
"G3IFZ0","Antigen KI-67",0.285995599894571,0.261801315708211,-0.127379361256436,0.0114295640763897,0.0769713299067934
"G3IG05","Annexin",68.3983698250294,83.106842633854,0.278110033662045,0.0549127728236508,0.156950408283659
"G3IG19","Guanosine-3',5'-bis(diphosphate) 3'-pyrophosphohydrolase MESH1",1.5510426269175,1.7218836895089,0.144296386260406,0.276143956655137,0.410057693264931
"G3IG20","Protein unc-45-like A",1.29683815515764,1.30782707158337,0.0125681704143432,0.661713311829377,0.751018804575423
"G3IG23","Alanine--tRNA ligase",5.06997966761128,5.57037866797289,0.134902770258403,0.0705864030224239,0.173971053693706
"G3IG24","RNA helicase",0.284369647484189,0.257860419542205,-0.140923697146589,0.0166212789476073,0.0888026626267328
"G3IG47","Negative elongation factor B",0.419485485008981,0.412735285803311,-0.0234577801550204,0.140355515368625,0.261128354607442
"G3IG95","Deoxynucleotidyltransferase terminal-interacting protein 2",0.540078098956026,0.537110717572524,-0.00881393365916527,0.876391269022614,0.914649696731739
"G3IG96","GCS light chain",1.55969632552148,1.43551221312717,-0.119824208058088,0.00875739771296736,0.0708998710557229
"G3IGA2","Cytochrome b-c1 complex subunit 2, mitochondrial",19.119335825361,19.0815689392865,-0.00332158174354813,0.929628365204759,0.956237725019176
"G3IGA9","Signal recognition particle 54 kDa protein",0.951201995075269,0.96368338224018,0.0175728293859572,0.758262377870182,0.825603181109791
"G3IGB1","Protein FAM177A1",0.713873532377744,0.705875539602412,-0.0158872145760328,0.655390759884642,0.745612805348027
"G3IGD1","Transmembrane protein 33",2.0754328967533,2.42439986800039,0.223202117821026,0.0267860173482399,0.107386842655248
"G3IGG2","Conserved oligomeric Golgi complex subunit 7",0.207696281243753,0.21889127382907,0.0757109431793883,0.0131776206372058,0.0822863736431489
"G3IGH6","Transcription elongation factor spt6",1.64156236383842,1.65238041680851,0.00939188054375117,0.525725462393091,0.64192384358775
"G3IGH9","RAB34, member RAS oncogene family",6.14064593360078,6.94732279630284,0.178040869025828,0.00174599054389421,0.0472016715728346
"G3IGI0","60S ribosomal protein L23a",45.6967774499544,40.1251453094696,-0.187580343220223,0.0397992463900291,0.133107603405732
"G3IGI5","Pumilio domain-containing protein KIAA0020-like",2.43976711014903,2.67761941477313,0.133944409140909,0.0179501117365838,0.0925156636171378
"G3IGI6","Cytosolic purine 5'-nucleotidase",0.237635110963445,0.269592594979351,0.181182527269985,0.0369873168726978,0.128322386383298
"G3IGI9","non-specific serine/threonine protein kinase",0.886330231275412,0.822913504768402,-0.107212920667341,0.0125828263707799,0.0808343951305186
"G3IGL0","Putative heterogeneous nuclear ribonucleoprotein A1-like protein 3",46.0767256650631,42.2117001421728,-0.127129483430329,0.151113165670695,0.274579677252887
"G3IGL3","Hexokinase-1",1.89603780050289,0.743209236064251,-1.35095329250128,0.00039995856589404,0.030127760075788
"G3IGN7","BRCA2 and CDKN1A-interacting protein",0.753878565711653,0.70498542488492,-0.0965980572184043,0.0160610148616596,0.0879807147986492
"G3IGQ2","Heat shock cognate 71 kDa protein",3.83304077072663,4.47060165991377,0.221352739697396,0.0156277728452502,0.0867432101377319
"G3IGQ3","Heat shock cognate 71 kDa protein",140.015441971088,148.35313805857,0.0799814162644861,0.365720921638801,0.497967728615304
"G3IGS4","FK506-binding protein 3",18.9089806952959,17.7331046087683,-0.0928914207217986,0.0360267362134819,0.12719566044992
"G3IGS8","Arsenite-resistance protein 2",5.22881635502806,4.65591615840115,-0.167849250865903,0.0179849767709292,0.0925156636171378
"G3IGT2","N-terminal kinase-like protein",0.0274364465341006,0.0305808119927481,0.15629863955512,0.0115318640574426,0.0770500047750151
"G3IGT5","Protein ZNRD2",0.897192112892565,0.937458771597425,0.0632699688177024,0.0255897960787178,0.105472687075892
"G3IGU3","LAS1-like protein",3.5491006112872,3.4242644957875,-0.0517059718884627,0.042996556630508,0.138108901192236
"G3IGW0","Protein CTLA-2-beta",1.57105166480069,1.38586074789517,-0.180946964681326,0.0061624816131763,0.0664103838758321
"G3IGX9","Sterol-4-alpha-carboxylate 3-dehydrogenase, decarboxylating",1.57547642947619,1.75438781974427,0.154969248582242,0.00853487897690196,0.0708998710557229
"G3IGY6","ADP-ribose pyrophosphatase, mitochondrial",0.402848147677893,0.375126840686244,-0.103358728899975,0.077899548500211,0.184001262406638
"G3IGZ0","Nucleoporin NUP188-like",0.619078412027491,0.623006661653016,0.00535365855208647,0.914579253891307,0.94508393161009
"G3IGZ7","Torsin",0.515795193634117,0.572396971776615,0.149333686577279,0.0547676125461539,0.156950408283659
"G3IGZ8","Torsin-1B",7.95133081875769,8.9522881189222,0.17104746982288,0.00244303077685539,0.0524342233987471
"G3IH34","Apoptosis inhibitor 5",4.22220803884769,3.99760402958704,-0.0779932939063945,0.163113077481602,0.286582399123843
"G3IH35","Plasminogen activator inhibitor 1 RNA-binding protein",7.00635928998607,4.02500746417273,-0.800643806589894,0.000446449957283856,0.030127760075788
"G3IH46","Prothymosin alpha",16.6913127194595,12.8090153904797,-0.380129508281295,0.0203365247465312,0.0957332606563147
"G3IH47","Retinal rod rhodopsin-sensitive cGMP 3',5'-cyclic phosphodiesterase subunit delta",2.4734757586105,2.00762263207977,-0.300744654802554,0.00551809868251145,0.0662513158860103
"G3IH48","COP9 signalosome complex subunit 7b",1.33788682234626,1.234359535325,-0.116376298193532,0.0110878212656416,0.0765903403880625
"G3IH63","Myosin-9",14.138486257409,14.5002476492918,0.0360848639517459,0.420479923152514,0.546465158009494
"G3IH72","Ribosome maturation protein SBDS",1.20107917673762,1.14687377004041,-0.0665959845412353,0.0770731570285879,0.182653964720627
"G3IH79","Large ribosomal subunit protein eL34",36.7520472015549,36.4274701769955,-0.0122464576506029,0.766150375050121,0.831486804569635
"G3IH96","Eukaryotic translation initiation factor 4B",10.8276522120185,10.9467239028434,0.0139396851172613,0.801200760879262,0.856747267304438
"G3IHA0","3-hydroxyisobutyryl-CoA hydrolase",0.629966290221139,0.631607588129103,0.00135019065583508,0.960212526124242,0.974805148664259
"G3IHB4","Endothelial differentiation-related factor 1",9.6977895949636,9.11126767678501,-0.0937581433095001,0.35174602629492,0.484882186988919
"G3IHC0","Isocitrate dehydrogenase [NADP]",7.57332093763856,9.03392624049299,0.254830730303081,0.00541764423305705,0.0662513158860103
"G3IHC7","type I protein arginine methyltransferase",7.56669745588228,6.63094743610836,-0.18773162037526,0.106218484402964,0.221090340358656
"G3IHD1","Ras-related protein R-Ras",2.42893078444303,2.6027421448724,0.0997338933028358,0.0479933249225687,0.146039938395089
"G3IHE1","Active regulator of SIRT1",1.72284548820868,1.91570260913075,0.153223302833434,0.00674154269063824,0.0684249127428805
"G3IHE8","Leucine-rich repeat-containing protein 47",1.37842000025148,1.41875293251518,0.0411873702531639,0.239506807335541,0.372894721332252
"G3IHH8","Disintegrin and metalloproteinase domain-containing protein 17 (Fragment)",0.180928949721639,0.187092222285111,0.0500460812776224,0.593752828274886,0.693886423266775
"G3IHH9","Isoamyl acetate-hydrolyzing esterase 1 homolog",0.718495338654625,0.807058882031979,0.167348424081268,0.0150891830942944,0.0861834399600738
"G3IHI0","Cleavage and polyadenylation specificity factor subunit 3",0.690748132761917,0.6880090166808,-0.00570848215108632,0.832257948157047,0.879872087396878
"G3IHJ0","Glucoside xylosyltransferase 1",0.0525807222389398,0.0538351331207836,0.0343635901885744,0.486976925274995,0.607857511627401
"G3IHK4","Eukaryotic elongation factor 2 kinase",0.0947398499848893,0.100328718763213,0.0823793210044537,0.0589005885550189,0.160101320517742
"G3IHN4","WD repeat domain 74",0.354836168118994,0.33950525627633,-0.0639670198767814,0.073056790847884,0.176932763363146
"G3IHN6","4F2 cell-surface antigen heavy chain",25.3552208402511,27.7162032851011,0.128325398462478,0.0155702497873576,0.0867432101377319
"G3IHQ3","Aurora kinase",0.368241937966552,0.352963508190957,-0.062352367511171,0.273507167597103,0.407944959869653
"G3IHQ6","Sulfurtransferase",2.83450065368054,2.95366121842326,0.059092490112808,0.301568023089919,0.434876421060732
"G3IHQ7","Sulfurtransferase",11.5559592861816,13.1883894655157,0.190934319290733,0.00471089551401662,0.064391287179296
"G3IHR8","Adenosylhomocysteinase",1.15494252935886,1.07839312496676,-0.0989644446564773,0.00125335222369985,0.0399320230428393
"G3IHS1","HECT-type E3 ubiquitin transferase",0.197388668968937,0.206571333828989,0.0651400347795441,0.438586686160898,0.564378946013274
"G3IHS6","Zinc finger protein 638",0.320757315558858,0.311879656488131,-0.0406339276391054,0.448981869635358,0.572691432038698
"G3IHT0","Vacuolar protein sorting-associated protein 33B",0.0448790785415582,0.0505858026090518,0.171576282051086,0.0537963278063732,0.155623430568653
"G3IHT6","Calcium and integrin-binding protein 1",0.139586557316136,0.153054798258479,0.133684531079576,0.0467589202172006,0.144251715713881
"G3IHW0","Peptidyl-cysteine S-nitrosylase GAPDH",35.6271520397179,27.2466967284247,-0.386555876337014,0.0264799646361386,0.106809676519171
"G3IHW5","Breast cancer anti-estrogen resistance protein 3",0.240636757080256,0.263731467921868,0.132312277268793,0.00475284072231761,0.064391287179296
"G3IHY5","6-phosphogluconate dehydrogenase, decarboxylating",16.509144442851,14.6424085848262,-0.174440635945647,0.045913768900283,0.14317767348771
"G3IHZ2","COP9 signalosome complex subunit 8",1.31012872002659,1.3621409514711,0.055580829424116,0.245659558506177,0.379604128495003
"G3IHZ9","28S ribosomal protein S11, mitochondrial",1.25899220230897,1.39120842294629,0.147023263112281,0.249770694126771,0.383654205251172
"G3II01","39S ribosomal protein L46, mitochondrial",2.68000157672,3.14597559000075,0.223807768121657,0.200450987543619,0.328716048656782
"G3II02","Serine/threonine-protein phosphatase 2A activator (Fragment)",1.79122453070338,1.81332878831994,0.0178730004982975,0.591804039146643,0.693164767670143
"G3II19","Ragulator complex protein LAMTOR1",1.44320847453073,2.53794218510477,0.814151791255858,0.0006490304936571,0.0323463228231142
"G3II25","Endophilin-B1",0.302877300764799,0.305444874187249,0.0121552940713403,0.774201933683097,0.837348599200871
"G3II27","Nuclear RNA export factor 1",3.23449441995217,3.23592355892364,0.000250514151502568,0.984062008077042,0.989085748058216
"G3II28","Transmembrane protein",0.796753348052725,0.881645122202467,0.145274280517453,0.0811383233541655,0.188703266415201
"G3II33","Heterogeneous nuclear ribonucleoprotein U-like protein 2",5.85732223214667,6.06635025957985,0.0502058332593718,0.175685206804697,0.301690669079247
"G3II46","PHD finger-like domain-containing protein 5A",0.255430156096499,0.225374119151768,-0.180062564418621,0.0247013472043964,0.10421454113789
"G3II47","Aconitate hydratase, mitochondrial",18.4264747436578,20.1860816729643,0.131036303046798,0.0421323429749731,0.136516240633273
"G3II52","Oxysterol-binding protein (Fragment)",0.82015146696971,0.875038130310035,0.0925689762036678,0.127799450964685,0.247483823750199
"G3II56","Actin-related protein 2",3.62750444766717,3.38992775352785,-0.098876354940441,0.133085702894373,0.25323356883881
"G3II57","Leucine carboxyl methyltransferase 1",0.401123247882463,0.345224378186693,-0.216466985283741,0.00839129930169759,0.0708998710557229
"G3II69","DNA damage-binding protein 1",4.05403459535379,4.08130143238526,0.0102757552901296,0.807621466860971,0.860588681815878
"G3II80","Centrin-2",3.14412140986335,3.40224346779749,0.111275641593064,0.210539783736768,0.339112924045699
"G3II81","Sterol-4-alpha-carboxylate 3-dehydrogenase, decarboxylating (Fragment)",0.554391995578036,0.55704526892427,0.00716064203018962,0.872037768012513,0.910674074738809
"G3IIA0","ATP synthase subunit b",10.8984762949686,10.3557334926481,-0.0738134041470913,0.058194341854395,0.159613480789393
"G3IIA1","Methylosome protein WDR77 (Fragment)",1.68036293264108,1.76942358875627,0.0747941745022446,0.0700350834579656,0.173971053693706
"G3IIB5","Secretory carrier-associated membrane protein (Fragment)",2.45119398771166,2.94207848025925,0.263400223493715,0.00108163602241459,0.0371949437155595
"G3IIC0","Tyrosine-protein kinase",0.075309327048912,0.0828651678906904,0.137535897852757,0.0285740514055881,0.111430469848482
"G3IIE6","Mitofusin-2",0.198682226119758,0.200515226110721,0.0126289993176716,0.761815229335982,0.828718503227275
"G3IIE7","Procollagen-lysine,2-oxoglutarate 5-dioxygenase 1",6.42363906052813,7.14818936114505,0.154172668246313,0.000175098330336418,0.0292870881507975
"G3IIG7","Centromere-associated protein E",0.161612308528496,0.151548814276727,-0.0926373372015319,0.0141397744308049,0.0846067627660458
"G3IIH3","Eukaryotic translation initiation factor 4E",4.15046125568767,3.69666573670265,-0.168457832977678,0.083802279924515,0.192245531807643
"G3IIK9","Cornifin-A",1.014996801763,0.532152137688036,-0.935111715534201,0.00127744081664085,0.0399320230428393
"G3IIM7","General transcription factor 3C polypeptide 5",0.385168710400902,0.405558269099428,0.0742086443948784,0.0802860619968377,0.187489898491512
"G3IIN9","E3 ubiquitin-protein ligase RBBP6 isoform X4",0.0783355833270679,0.0817919620977147,0.0628766087972954,0.232706278580126,0.363956969349384
"G3IIQ7","Replication factor C subunit 1 (Fragment)",0.285951662550965,0.336764820378964,0.236003760627401,0.00785988096831424,0.0705282080454364
"G3IIS0","Gastric intrinsic factor",0.770126226091262,0.731291936292512,-0.0748760068766363,0.0488327249770302,0.148046313856993
"G3IIT5","Nucleosome assembly protein 1-like 4",6.72083969547346,6.0042108175045,-0.162928438193781,0.00620028608301367,0.0664103838758321
"G3IIT6","Cysteine--tRNA ligase, cytoplasmic",0.350832469538756,0.359693493261822,0.0361148048854616,0.260598572969465,0.394492728959204
"G3IIU8","Acyl carrier protein",1.88662872440685,1.5496084474928,-0.282018958047197,0.245121239769881,0.37923494930023
"G3IIV2","ADP-ribosylation factor-binding protein GGA2",1.36660094190581,1.53575041767993,0.168437347011042,0.0189846331323622,0.0935811002857384
"G3IIV5","Large ribosomal subunit protein mL44",1.09986735940033,1.05303278546721,-0.0628310167391841,0.0225472682442144,0.10034328580973
"G3IIV7","FERM domain-containing protein 8",0.175569019626137,0.197294826400809,0.168202259145146,0.00381681752714482,0.0611730832578931
"G3IIW0","Double PHD fingers 2",1.10889614280052,1.09906638153641,-0.0135246135011357,0.810557811732122,0.862070859824409
"G3IIW2","DNA polymerase alpha subunit B",0.152889918979747,0.133936399494887,-0.189535888987415,0.0580070473815252,0.159613480789393
"G3IIY2","DENN domain-containing protein 4C",0.177506628502535,0.184532500694434,0.0557283296540634,0.149375093174605,0.272605472658344
"G3IIZ6","Structural maintenance of chromosomes protein 3",1.53754334120646,1.46350971980629,-0.0713315632379322,0.0304275091088411,0.115596547815296
"G3IJ02","Leucine-rich repeat flightless-interacting protein 1",2.96266131429229,2.59339088864182,-0.192482813909582,0.00861389544747657,0.0708998710557229
"G3IJ15","Large ribosomal subunit protein mL49",0.69661803658152,0.841951188278938,0.265061203669924,0.161232903365494,0.284623695972737
"G3IJ16","FAU ubiquitin like and ribosomal protein S30 fusion",101.10762284762,79.4995595137323,-0.345742918580273,0.0154864353427466,0.0867432101377319
"G3IJ21","Zinc finger protein-like 1",0.436974889974993,0.432328746524278,-0.0142908648894355,0.808890698344473,0.861308293613951
"G3IJ22","Cell division cycle associated 5",0.219002910486093,0.22290906126124,0.0265771008276512,0.717249458559746,0.793073649752055
"G3IJ29","Eukaryotic translation initiation factor 3 subunit D",3.64339733624703,3.24954869558935,-0.164507547510961,0.0306942719088306,0.116214624523593
"G3IJ36","NOC2 like nucleolar associated transcriptional repressor",2.45127683357163,2.9002293258921,0.240583000450665,0.0526663555273505,0.153951346681259
"G3IJ65","39S ribosomal protein L43, mitochondrial",3.15596532569214,3.51173165970651,0.152954077433906,0.0696248164204647,0.173897228133006
"G3IJ66","Twinkle protein, mitochondrial",0.271182386613305,0.246435955029106,-0.136891747603105,0.0832178152120536,0.191665711950123
"G3IJ85","Ubiquitin-conjugating enzyme E2 D3",19.6282069105878,18.078386299068,-0.120367523966452,0.216656407202101,0.346463924942872
"G3IJ86","Nucleotide-binding protein-like",1.64410057226347,1.98799753122114,0.273213125593145,0.0143594612512019,0.0849136339359942
"G3IJ99","ATP-binding cassette sub-family D member 3 (Fragment)",0.756164234163577,0.836838661801009,0.145669133932688,0.0372666498450117,0.128456721968336
"G3IJA8","Uncharacterized protein C9orf114-like",0.479042411987252,0.49608661412211,0.0513051309709986,0.488199205236314,0.608336765814392
"G3IJA9","TBC1 domain family member 13",0.256469184914363,0.258406447036649,0.0108719914153477,0.613271548741341,0.710003415301718
"G3IJB6","Protein RCC2",3.16639741639264,3.32409696336972,0.0691163478990178,0.248428671106061,0.382294603306661
"G3IJB9","UDP-N-acetylhexosamine pyrophosphorylase-like protein 1",0.274775473594826,0.297800471691988,0.117273122064226,0.12734026892142,0.24707703193043
"G3IJD1","RNA helicase",10.2902250964168,10.2736721629074,-0.00259682243974746,0.918417995051313,0.948163179961982
"G3IJD9","Beta-parvin",0.817124756585153,0.869326539313245,0.0888463298680992,0.246406724152325,0.379881762200751
"G3IJF2","Nuclear fragile X mental retardation-interacting protein 2",6.18856547845026,5.2879103406254,-0.227693120611927,0.00975971477085207,0.0727637638667937
"G3IJF5","Pinin",0.887487825443268,1.31504560564991,0.551012225448683,0.10193489811353,0.216895171001897
"G3IJG2","Fatty acyl-CoA reductase",5.3857749399982,4.66916369026895,-0.2059686414416,0.000227506510881606,0.0292870881507975
"G3IJJ0","NHP2-like protein 1",12.1282045107334,12.8347632725721,0.0809213919592193,0.148123023099744,0.270911343341444
"G3IJJ1","ATP-dependent DNA helicase 2 subunit 1",0.339004892818082,0.342217346413918,0.0135261666066058,0.50812154135897,0.624791623412371
"G3IJJ7","Phosphomannomutase",4.97006041159594e-08,4.50464191946896e-08,-0.143141225578631,0.076782126613463,0.18226225374132
"G3IJM5","ubiquitinyl hydrolase 1",0.094039437129328,0.0898660632950444,-0.0668956508998413,0.298631525359587,0.4313852893304
"G3IJN4","Heparan sulfate 2-O-sulfotransferase 1",0.758061354874759,0.70275368099415,-0.109350283355466,0.00926920386349451,0.0723518394270431
"G3IJQ5","Pre-mRNA-processing-splicing factor 8",3.88503728381615,3.98335502561696,0.0360547114246437,0.0848470331955534,0.1934489237776
"G3IJQ6","Pre-mRNA-processing-splicing factor 8",6.60502977305271,6.25158083031348,-0.0792530877670945,0.0201247247297656,0.0954061902179031
"G3IJS1","UPF0420 protein C16orf58-like",0.326274385234499,0.351191390394595,0.105702641247567,0.0552304293156345,0.15708915202408
"G3IJS6","Transforming growth factor beta-1-induced transcript 1 protein",0.249606989988804,0.334051626751981,0.419306851993106,0.00881141662452939,0.0708998710557229
"G3IJU2","Rho GTPase-activating protein 18",0.321365949605145,0.297177552276399,-0.113033579748462,0.0187057353033043,0.0931186129012676
"G3IJU9","Pre-mRNA-splicing factor 38B",1.35679638045938,1.51718310972333,0.160121093573544,0.0593056365344534,0.160587652141004
"G3IJV7","Cytosolic acyl coenzyme A thioester hydrolase",3.92605183433075,3.56133167237214,-0.141659267407105,0.0537472572741849,0.155615977592298
"G3IJZ9","PITSLRE serine/threonine-protein kinase CDC2L1",3.0670183453873,3.17273369047356,0.0486141181145396,0.137942840749981,0.258942618053947
"G3IK01","PITSLRE serine/threonine-protein kinase CDC2L1",4.28459535164592,4.36231599013787,0.0267601330887159,0.66857293144441,0.756195124747766
"G3IK13","Eukaryotic translation initiation factor 3 subunit C",9.10939197126352,8.57660416499604,-0.0870885217874138,0.0242383437780878,0.103476704879158
"G3IK27","Syntaxin-binding protein 3",0.811264934535868,0.871587535279898,0.103575561087004,0.0075022467811202,0.0689292288771211
"G3IK38","Lipoamide acyltransferase component of branched-chain alpha-keto acid dehydrogenase complex, mitochondrial",4.30092326853994,3.88184108328733,-0.146246775841196,0.106458430726468,0.221182564475252
"G3IK39","RNA 3'-terminal phosphate cyclase",0.977677944780516,0.717520629404363,-0.446626553140225,0.00196124005628384,0.0486242256917185
"G3IK43","Sperm-associated antigen 5",0.184749640186915,0.21381069284546,0.212991202301403,0.0506769689961541,0.150324249178474
"G3IK45","GPI transamidase component PIG-S",1.37922436783371,1.46595980834395,0.0892619217743408,0.169756536012751,0.294391257012787
"G3IK55","Importin subunit alpha",0.0668669032248874,0.0706713618253544,0.0789755443235474,0.253354857282183,0.387558824188056
"G3IK64","UPF0518 protein FAM160B1",0.0461396204121333,0.0591261017713964,0.356333793632919,0.0191343556579172,0.0940130756933143
"G3IK69","Arf-GAP with GTPase, ANK repeat and PH domain-containing protein 1",0.10687857520045,0.115205151813666,0.108169292581917,0.0114720175681757,0.0770500047750151
"G3IK71","Inner centromere protein",0.60582784557397,0.595804384523914,-0.024651362157589,0.495322320507551,0.613561734544327
"G3IK75","Mitochondrial fission factor",0.086553590078784,0.0874430215853283,0.014711152310519,0.357105245329509,0.490250720310857
"G3IK83","Protein transport protein Sec24D",0.381432711541507,0.359678462728951,-0.08424908648398,0.0890532303293348,0.199505463127365
"G3IKA0","Frataxin, mitochondrial",0.400689504648009,0.358100559691477,-0.172025539282239,0.290522873769815,0.422916619930553
"G3IKA3","Perilipin",0.545173403886724,0.675468949759865,0.308171525259362,0.0155785574918631,0.0867432101377319
"G3IKC3","glutathione transferase",3.50197556197993,4.37129926139631,0.318306230834444,0.0252273372482349,0.105019773345575
"G3IKE2","Small ribosomal subunit protein uS8",141.242976337232,133.962057438606,-0.0773132637894021,0.182826053384771,0.308621085264365
"G3IKF0","Peroxisomal N(1)-acetyl-spermine/spermidine oxidase",2.60560313182724,2.6505552350909,0.0242008853964357,0.526466313550734,0.642103445852386
"G3IKF1","Enoyl-CoA hydratase, mitochondrial",1.04458451259925,0.956242643200095,-0.127094523231491,0.103977950223177,0.219152518511948
"G3IKF2","Adenylyl-sulfate kinase",3.40502974003307,3.53074104691639,0.052076566248092,0.254672778327768,0.389396888562375
"G3IKH9","phosphoserine transaminase",9.00599232647991,10.0636254445034,0.158850923657796,0.0715267039240798,0.175256133260538
"G3IKI1","Microspherule protein 1",0.26321065578811,0.29319668544296,0.15706590498291,0.0667111430236543,0.169796346540054
"G3IKJ7","non-specific serine/threonine protein kinase",0.0178098269749,0.0177428662126834,-0.00481192410176856,0.874888900730094,0.913366547331136
"G3IKM7","Integrator complex subunit 12",0.347681394024903,0.356207777409241,0.0347659532350453,0.278237462475902,0.411880047282991
"G3IKN5","Glutathione-dependent dehydroascorbate reductase",0.899252747074239,0.648751383297125,-0.470595535795892,0.00215388088378076,0.0509292449037493
"G3IKP7","Putative RNA-binding protein 15",0.664072169668702,0.707019293963242,0.090541007054344,0.0400473287431305,0.133504391736313
"G3IKQ5","Pyridoxal kinase",0.983129728576028,1.05188334957868,0.0922295317314933,0.432998249116834,0.558475969092117
"G3IKQ7","Ribosomal RNA processing protein 1-like A",0.2018687821435,0.205735814490996,0.0267614553325144,0.64816642931,0.739404580402376
"G3IKS9","Glutaredoxin-3",3.70922922281644,3.77404474360058,0.0216276275281737,0.753358603532516,0.821868072367448
"G3IKT2","THO complex subunit 2",0.316829483769225,0.337480569490025,0.0909605606962827,0.0310608659192321,0.117469738114881
"G3IKT6","28S ribosomal protein S2, mitochondrial",1.16188956331594,1.48661813448926,0.353209800550466,0.0285983787271724,0.111430469848482
"G3IKU2","CTTNBP2 N-terminal like",0.261107548279098,0.24371444433326,-0.0988760869641241,0.0794554660599431,0.186622768352723
"G3IKV0","PTB domain-containing engulfment adapter protein 1 (Fragment)",0.250445878837349,0.255692370616973,0.0297429103168565,0.37679051611996,0.507696399941024
"G3IKV4","COBW domain-containing protein 1",0.250498476836246,0.250622892859099,0.00487843954723965,0.995006293751479,0.997091636283294
"G3IKV5","General transcription factor 3C polypeptide 3",0.317077127024067,0.340934107834454,0.103031924362913,0.1792604715277,0.305180467041309
"G3IKW0","Protein Noxp20 (Fragment)",0.501227075327677,0.480398659113428,-0.0611349240597387,0.051642822752046,0.151887985721527
"G3IKX0","WD repeat domain 81",0.1813620802598,0.180234560595858,-0.00912619192421493,0.587658596089381,0.690428860720642
"G3IL21","Exocyst complex component 3",0.227824985194933,0.202151829534701,-0.172851827581273,0.00876516861213833,0.0708998710557229
"G3IL47","Carnitine O-acetyltransferase",0.361407668305564,0.367555930292063,0.0241082895862097,0.349523979999029,0.483071467087016
"G3IL48","Protein transport protein Sec31A",2.67759044403179,2.73252299805849,0.0288485964135563,0.39113665112807,0.519703998144363
"G3IL62","proton-translocating NAD(P)(+) transhydrogenase",1.3548541350207,1.35763830012672,0.00371612517201886,0.937449928859517,0.959231095045186
"G3IL63","Caspase-7",0.391409309251429,0.369529561590478,-0.0852923461886723,0.298317100418195,0.431117156778799
"G3IL79","Arf-GAP with SH3 domain, ANK repeat and PH domain-containing protein 1",0.0426594318839646,0.0427943504651887,0.00473468386633069,0.826092503999433,0.875255337412504
"G3IL93","Nucleoporin NUP188-like",0.164089800202977,0.172685135061271,0.073408322252698,0.0590278397842085,0.160232100371246
"G3ILA7","KAT8 regulatory NSL complex subunit 2",0.172999876448135,0.183085096595623,0.079848670723623,0.275262169614516,0.409467769644349
"G3ILB1","Thioredoxin-related transmembrane protein 1",7.72052281918994,7.31202966177865,-0.0795528906196417,0.186948716099621,0.313028301371831
"G3ILC2","Carnosine N-methyltransferase",0.62184383744374,0.638415288583703,0.0371058210323089,0.408381450373326,0.535600593416741
"G3ILE4","Kynurenine--oxoglutarate transaminase 3",0.814789453568388,0.854986484330752,0.0675208781303163,0.327125580605403,0.461783769838162
"G3ILF1","Glutathione S-transferase",11.9500101156439,12.1254040569177,0.0177203471571916,0.806919558637871,0.860388583230632
"G3ILF3","Glutathione S-transferase",0.774569540281239,0.906905530664189,0.229213274121473,0.054081657608858,0.155886030129296
"G3ILF4","NADH dehydrogenase [ubiquinone] iron-sulfur protein 6, mitochondrial",0.291350309563636,0.316715526794969,0.122770262513684,0.201417388307961,0.329493645487168
"G3ILG2","THUMP domain containing 1",1.52916430349128,1.36853350176945,-0.16006761217645,0.000899567620944527,0.0359757428941437
"G3ILH7","26S proteasome non-ATPase regulatory subunit 1",4.73413885655943,4.3694616200561,-0.114900422125278,0.0756716262654221,0.180780109286487
"G3ILI6","26S proteasome non-ATPase regulatory subunit 3",3.35713230128455,2.99944532630206,-0.163062963470276,0.0172938417755101,0.0905793812792752
"G3ILM5","Centromere/kinetochore protein zw10 homolog",1.0420889666591,1.07240304173264,0.0405419982023851,0.364004430314872,0.497015959915445
"G3ILN4","Nitric oxide synthase-interacting protein",0.617816858808453,0.616460950143678,-0.0031162141369272,0.911654105415325,0.94321678232615
"G3ILN5","Reticulocalbin-3",37.3846619334594,32.9196739038731,-0.183406547666872,0.00734392933938519,0.0689292288771211
"G3ILP2","Lipoyl synthase, mitochondrial",0.0498151365305183,0.055060205205446,0.146725516891785,0.132906538361915,0.253043239648135
"G3ILP4","Large ribosomal subunit protein uL6",55.5303429421346,53.4067141195994,-0.055624914558325,0.208342366685556,0.336707822934117
"G3ILQ1","Pachytene checkpoint protein 2 homolog",3.73752027233143,3.69945851530439,-0.0144980033106188,0.708177424636909,0.786123616213469
"G3ILQ3","Bromodomain-containing protein 9",0.0606583601795898,0.0728242501094434,0.263540502627337,0.00215131742621541,0.0509292449037493
"G3ILQ9","Breast cancer anti-estrogen resistance protein 3",0.149876216880213,0.149879781403496,-0.00294985455890462,0.999651810422279,0.999943616695295
"G3ILR6","AP-3 complex subunit sigma-2 (Fragment)",0.525497075844799,0.502839933995764,-0.0635090679137947,0.0210612055298627,0.0967722480028275
"G3ILS7","26S proteasome non-ATPase regulatory subunit 5",2.31940312975988,2.35116409548976,0.0195323121147926,0.403488408170114,0.532312062335582
"G3ILU5","Protein PAT1 homolog 1",0.381346154353399,0.384289634215549,0.0121106166462976,0.819996942929411,0.869347408294184
"G3ILU8","RNA polymerase II-associated protein 3",0.595402552887603,0.605616013552689,0.0250051181252865,0.601565615086018,0.700570672822861
"G3ILW0","Serine/threonine-protein kinase PAK 1",0.301553769466245,0.281173167655099,-0.10113987338077,0.073202145166617,0.177048144165113
"G3ILW1","Calpain-1 catalytic subunit",0.720498715434171,0.831760034650098,0.207106846214555,0.00235629172257022,0.0524342233987471
"G3ILX2","26S proteasome non-ATPase regulatory subunit 13",19.3495445622577,20.4190291149754,0.0776872670310969,0.010287778337494,0.0740687025749455
"G3ILY8","sn-1-specific diacylglycerol lipase ABHD11",0.437055458835766,0.472016485689549,0.109515894724143,0.15060219151589,0.27394866032809
"G3IM40","26S proteasome non-ATPase regulatory subunit 1",3.56604249841938,3.24152704359956,-0.137963478571139,0.0181046135823199,0.0925963368541216
"G3IM70","Ubiquitin-associated and SH3 domain-containing protein B",0.711108228415203,0.878359371122364,0.299355684558607,0.0941177387094553,0.206294742279337
"G3IM75","60S ribosomal protein L32",41.9943134039554,38.6480313741707,-0.116223530359338,0.406602653703062,0.533685914487901
"G3IM98","Signal peptidase complex subunit 2",5.44825101801662,5.5003079187804,0.0125765335688341,0.857479821040144,0.900952825104557
"G3IMD1","S-(hydroxymethyl)glutathione dehydrogenase",3.22948661599433,3.00057836715806,-0.105792875226295,0.0442319549080644,0.140726571366247
"G3IMD7","Synembryn",0.0802185846258924,0.0820749892920708,0.0334187551072431,0.391707706899625,0.520256228171843
"G3IMF7","PDZ and LIM domain protein 5",0.783865737418438,0.682497936755568,-0.200306943166121,0.0124328471473469,0.0803334737493633
"G3IMF9","Solute carrier family 12 member 7",0.168165687086542,0.165197428618519,-0.0261268261249956,0.442774678568689,0.567855470602062
"G3IMH4","Sphingomyelin phosphodiesterase",0.380301909319211,0.356475221236688,-0.093537539930757,0.138347719568718,0.259388194175336
"G3IMJ8","Nucleolar protein 9",0.421940216563624,0.38985116344349,-0.117488117539827,0.239646413380841,0.372894721332252
"G3IMK2","Tight junction protein ZO-2",4.17700059879237,3.72359401113728,-0.16693527938595,0.0489329643340604,0.148215956222715
"G3IMN3","Gamma-adducin",1.02251771081796,1.00963807080104,-0.0183824885085174,0.274324414130186,0.408741587616246
"G3IMN8","Diphthine synthase",0.26459714896341,0.290498234187741,0.131571063620646,0.20035519465942,0.328716048656782
"G3IMU0","ADP-ribosylation factor 6",5.66166976387626,5.4531763178477,-0.0548917222956384,0.28809299874437,0.420960145238847
"G3IMU1","B-cell lymphoma/leukemia 10",0.12612416192441,0.122280584173428,-0.0437096182122367,0.494222700700233,0.61268560477218
"G3IMV1","Small ribosomal subunit protein eS6",97.3728813889306,93.9200711609101,-0.0546381764257573,0.527446177250917,0.642417159846732
"G3IMX4","Mitochondrial import inner membrane translocase subunit",3.33507635160376,3.17375085615027,-0.0725100700717178,0.199736321435367,0.327865359413522
"G3IMX7","sulfate adenylyltransferase",1.44394800911243,1.31065468445664,-0.139825313951057,0.00503417251909451,0.0652496388278504
"G3IMY2","Solute carrier family 12 member 7",0.199402734222387,0.195193677167723,-0.0244332081881322,0.803251388707353,0.85737380595413
"G3IMZ7","Protein FAM162A",0.768222135657647,0.810987365946676,0.0786547116387423,0.139751269574132,0.260644948714412
"G3IN12","Rho GTPase-activating protein 18",0.839082334429497,0.746298245533318,-0.16968223995949,0.0200405272993373,0.0954061902179031
"G3IN18","Large ribosomal subunit protein uL2",64.9767892977034,68.3106818174866,0.0715729690331486,0.145349479720951,0.267152503364098
"G3IN30","Serine/threonine-protein kinase PLK",0.931301222833301,0.971702702113014,0.0604106080250272,0.232621709373106,0.363956969349384
"G3IN68","CD2 antigen cytoplasmic tail-binding protein 2",4.10899015624895,4.30972679677374,0.0686961209750447,0.168556621025898,0.293069615882432
"G3IN79","Mitotic checkpoint serine/threonine-protein kinase BUB1 beta",0.0252819291698921,0.024902838898444,-0.0206862083812069,0.671235426986907,0.757112420245597
"G3IN81","Swi5-dependent recombination DNA repair protein 1 homolog",0.552294615600889,0.529502516075214,-0.0626932178272397,0.570647798854543,0.677770824260523
"G3IN86","Dipeptidyl peptidase 2",6.72859275411327,7.43558549875411,0.143819543613855,0.0178864381519375,0.0925156636171378
"G3INC5","Cathepsin L1",3.46528113238126,3.67826558277667,0.0860010518427903,0.0588027875539334,0.160053559320368
"G3IND2","26S proteasome non-ATPase regulatory subunit 13",5.55105318533289,5.21150266348457,-0.0906249152881018,0.106624632075925,0.221182564475252
"G3INF7","Glutathione S-transferase",2.0318467391694,1.97395091796989,-0.0413587110722695,0.209068963652866,0.337556112564468
"G3ING0","Tight junction protein ZO-2",2.28369381104229,2.37449493167321,0.056232413559818,0.129147728615725,0.248852877188733
"G3INM4","H-2 class I histocompatibility antigen, L-D alpha chain",1.70537908741858,1.72051889367187,0.0126048845353147,0.545604483240628,0.657604977870033
"G3INN8","Microtubule-associated protein 6",7.16527761686503,6.59250110756638,-0.122335488266781,0.155209120826709,0.279112373626203
"G3INU6","UDP-glucose 6-dehydrogenase",23.6500357996712,24.086098243388,0.0255983725347733,0.529239271508082,0.643664186677889
"G3INX6","RNA helicase",1.31816260203504,1.33822028390964,0.0215006323327658,0.442149812664946,0.567436895318088
"G3INY5","Mediator of RNA polymerase II transcription subunit 24",0.106667279204665,0.127789581661882,0.263721650990619,0.040464772779269,0.133985875276402
"G3INZ0","Protein LSM14-like B",2.15028968298814,2.73417954655648,0.34585464169383,0.00751990796550978,0.0689292288771211
"G3IP00","succinate--CoA ligase (ADP-forming)",8.70713902229779,6.83408589291886,-0.351205483013678,0.0117617476397506,0.0775996025393618
"G3IP18","Tight junction protein ZO-2",1.90851754061381,1.89100381790821,-0.012138503159714,0.79726027145448,0.853499088796865
"G3IP58","ATPase family AAA domain-containing protein 2",1.51424061430208,1.36603707426083,-0.147852569729165,0.0794007253768566,0.186622768352723
"G3IP80","palmitoyl-protein hydrolase",1.66496939775591,1.38265628009999,-0.2690793344397,0.00980016242013228,0.0728914302670728
"G3IP86","Replication factor A protein 1",3.76407196285987,3.6248322767746,-0.0544295914956523,0.0842906676344176,0.192969127614498
"G3IPA5","Squalene monooxygenase",1.01341082386287,0.864428555906953,-0.231121577893145,0.0474146052065452,0.145269452465414
"G3IPB5","Pre-mRNA-processing-splicing factor 8",5.37580342459672,5.31661493610148,-0.0159731716992155,0.662218268785827,0.751337134110563
"G3IPB7","Golgi SNAP receptor complex member 2",15.4583208598214,15.3729325017989,-0.00783768044187561,0.667906654851967,0.755997150419186
"G3IPB8","SWI/SNF-related matrix-associated actin-dependent regulator chromatin subfamily E member 1 (Fragment)",2.52116064869111,2.35443706286573,-0.0997599393298012,0.120285937696191,0.238788276078975
"G3IPD2","Zinc fingers and homeoboxes 2",0.0588198671126339,0.0605943110526666,0.0405682775703582,0.711246606614853,0.787841633112531
"G3IPE1","Hydroxyacyl-coenzyme A dehydrogenase, mitochondrial",2.07244398336534,3.10076088547124,0.581742868436958,0.00176283506023434,0.0472016715728346
"G3IPE9","SWI/SNF-related matrix-associated actin-dependent regulator chromatin subfamily E member 1",4.10725184150718,4.50894586808168,0.133953049741285,0.0505910296543522,0.150324249178474
"G3IPH0","Pre-mRNA-processing-splicing factor 8",2.89011402892918,2.51630799404225,-0.200273324363138,0.0304272662880608,0.115596547815296
"G3IPK9","Adenylate kinase 2, mitochondrial",18.0925514309575,22.6553900814917,0.322433652715006,0.0338482213765757,0.123616345746246
"G3IPL4","Uncharacterized protein KIAA1267",0.253843189202867,0.263689717573072,0.054587008193612,0.198038832898536,0.326038354014461
"G3IPN3","ATP-dependent RNA helicase DHX8",11.8201710496442,10.2204932495511,-0.215399037706659,0.126950098190425,0.246605907512103
"G3IPP2","Squalene monooxygenase",0.618224410857071,0.65331178626116,0.080086627577304,0.0811869446184312,0.188703266415201
"G3IPP8","ATP citrate synthase",1.49349941101054,1.25448991252163,-0.23604469844692,0.336561264242694,0.469558379083075
"G3IPQ9","ATP-dependent RNA helicase DHX8",1.91201288515178,2.04597383572148,0.0978168492212673,0.0187795230679282,0.0931186129012676
"G3IPR4","Pre-mRNA-processing-splicing factor 8",2.13740390309841,2.01959736970275,-0.0795568257176336,0.311765122470363,0.446100630234271
"G3IPS2","Vesicle-fusing ATPase",73.6401225197514,72.6028231964796,-0.0207238214702521,0.678768122772021,0.762617290002671
"G3IPU3","14-3-3 protein epsilon",117.091610710286,110.195262951797,-0.0892612884179176,0.261224848048474,0.394984435934629
"G3IPV6","26S proteasome non-ATPase regulatory subunit 3",20.4650259971984,18.7460959865114,-0.125939367733578,0.0997754347379329,0.214206786445068
"G3IPX1","Pre-mRNA-processing-splicing factor 8",3.87765098191724,4.14833700944473,0.0974940099376673,0.0516112212411282,0.151887985721527
"G3IPY4","60S ribosomal protein L18a",2.16070244658295,1.95884340469925,-0.140829472615087,0.055072103253582,0.156950408283659
"G3IPZ7","ATP-dependent RNA helicase DHX8",11.1342610344228,9.52999627501797,-0.224439811022604,0.0437954170702024,0.139869523791953
"G3IQ27","Vesicle-fusing ATPase",39.1494214019406,39.4504915846421,0.0110991675917029,0.672886115452431,0.758299605528379
"G3IQ49","SWI/SNF-related matrix-associated actin-dependent regulator chromatin subfamily E member 1",7.8245503706225,7.45657729914145,-0.0690194081054596,0.138412702359471,0.259388194175336
"G3IQ51","mRNA turnover protein 4-like",1.8804840816045,1.67912385700106,-0.163650059364962,0.0086718983882464,0.0708998710557229
"G3IQ56","ATP-dependent RNA helicase DHX8",5.45789471963482,5.61114525052177,0.0401037684559165,0.21969507705898,0.350049280030228
"G3IQ91","Vesicle-fusing ATPase",21.9362426085273,21.05854145227,-0.0564876301991468,0.439638496695121,0.565236384458539
"O70473","Aldo-keto reductase family 1 member A1",9.97329289298167,9.86615725069412,-0.0169693321543947,0.797398162733133,0.853499088796865
"P05044","Sorcin",3.03110626822875,2.94891023843768,-0.0399009578698555,0.492789360613865,0.611782637230936
"P12269","Inosine-5'-monophosphate dehydrogenase 2",21.0762281353767,18.0418190786449,-0.225067057717838,0.0114953772702099,0.0770500047750151
"P21448","ATP-dependent translocase ABCB1",0.738015523475463,0.722591840208167,-0.0304775311872564,0.00544428641898896,0.0662513158860103
"P26636","Serine--tRNA ligase, cytoplasmic",4.27464211684302,4.25439080059028,-0.00703772909474676,0.784120850050153,0.843875397144007
"P27465","Phosphatidylserine decarboxylase proenzyme, mitochondrial",0.0699012177452861,0.0705107395187577,0.0118472168502737,0.756590268774264,0.824318889839669
"P35950","Low-density lipoprotein receptor",0.856535209622739,0.811139347591793,-0.0784709444455365,0.017017524154587,0.089697091882524
"P55262","Adenosine kinase",1.15320206643944,1.05621374028906,-0.126245466264575,0.076922367880389,0.182465744362624
"P83337","GDP-fucose protein O-fucosyltransferase 1",2.43636830790719,2.67543684018296,0.134338375684338,0.0529828022520208,0.154741220887883
"Q27PQ1","ATP synthase protein 8",0.889647563139863,0.839212736754787,-0.0852665544361725,0.159932769325115,0.283224856577333
"Q2MH30","Dihydrofolate reductase",2.53975503159413,2.66585884793302,0.0669285231472376,0.41253691918689,0.539445000620441
"Q3HR12","Guanine nucleotide-binding protein G(i) subunit alpha-3",1.84271221581451,1.78625996863647,-0.0453516520377988,0.404876243471855,0.53303802811471
"Q63980","Dual specificity mitogen-activated protein kinase kinase 1",2.98360257537582,2.7425672773929,-0.121779835060379,0.0199946311619722,0.0953305277765257
"Q6E6J6","Chromobox protein homolog 5",2.49737605205949,2.79588978365372,0.162191189333359,0.0421661413767507,0.136516240633273
"Q6V9Y0","AP-3 complex subunit mu-1",0.856433231483455,0.908082896196989,0.0850228312590517,0.0862079232568481,0.195221866806949
"Q6WRU0","Bone marrow stromal antigen 2",5.1223272867997,4.52287699968362,-0.179804453854187,0.00383098761904081,0.0611730832578931
"Q80Z93","Gap junction protein",1.26678211502231,1.40152706284549,0.144100011286205,0.10695454721814,0.221383345416893
"Q8WBA9","Cytochrome c oxidase subunit 2",16.9215679645146,19.254726755718,0.186317228335225,0.000352398213801656,0.030127760075788
"Q9EPP7","cathepsin X",41.1426263857189,41.6767283168929,0.0187815175196278,0.405717274851742,0.533443865834775
"Q9ERF7","Intercellular adhesion molecule 1",19.1589852614252,16.8490464204655,-0.185028588837679,0.00997456512735769,0.0730610274700962
"Q9JI68","Origin recognition complex subunit 2",0.089370629103909,0.0903223992036309,0.0139176411664157,0.809771630849546,0.861782400144175
"Q9JJN7","Carbonyl reductase (NADPH)",10.4871755511676,9.16182457876935,-0.194980705880191,0.00133258437945465,0.0399320230428393
"Q9WVM7","Aminoacyl tRNA synthase complex-interacting multifunctional protein 2",3.46160789276051,3.32279319039317,-0.0598441789889144,0.256355828080806,0.391077008471494
"Q9Z2J2","DNA repair nuclease/redox regulator APEX1",7.23668601049183,4.14208129347425,-0.792547868768764,0.0521582126137822,0.15273275382181
