rxn,rxnName,subsystem,associated_genes,mean_sample_WT_model,mean_sample_KO_model,std_sample_WT_model,std_sample_KO_model,ks_stats,ks_pVal,cohen_effect,log2FC,raw_diff,mets_in,mets_out
PIt2m,"Phosphate transporter  mitochondrial","TRANSPORT, MITOCHONDRIAL",100758020,217.522156716729,259.154259772732,0.687633594977968,0.641713349643103,1,0,62.5980849654705,-0.25264874703237+0i,-41.6321030560024,h_c;pi_c,h_m;pi_m
DADK3,"Deoxyadenylate kinase (GTP)","NUCLEOTIDES",100758717,206.475448196549,245.666052359732,16.6961785497956,3.37507464551021,1,0,3.25374148347202,-0.250728268715136+0i,-39.1906041631829,damp_c;gtp_c,dadp_c;gdp_c
ATPM,"ATP maintenance requirement","Biomass and maintenance functions",,203.593606654405,242.269174836067,1.16558151845971e-12,1.19401033598312e-12,1,0,32779195573162.4,-0.250918596979105+0i,-38.6755681816622,atp_c;h2o_c,adp_c;h_c;pi_c
ITCOALm,"Itaconate  CoA ligase  ADP forming   mitochondrial","C5-BRANCHED DIBASIC ACID METABOLISM",100751457 and 100761589,191.6810216024,227.858764185578,1.41781809936684,1.27816459674915,1,0,26.8023249586899,-0.249432359957149+0i,-36.1777425831779,atp_m;coa_m;itacon_m,adp_m;itaccoa_m;pi_m
ATPS4m_cho,"ATP synthase (four protons for one ATP)","OXIDATIVE PHOSPHORYLATION",100770431 and 100763024 and (100760824 or 100766108 or 103162776) and 3979188 and 100774535 and (100772366 or 100771114 or 100752739 or 100754380) and 100771541 and 100766302 and 103160361 and (100757815 or 100769978) and 100756936 and 3979187,193.889873214246,229.987070246337,1.85300812568995e-10,1.97782095295727e-06,1,0,25810802.1891771,-0.246315301820441+0i,-36.097197032091,adp_m;h_im[intermembrane space of mitochondria];pi_m,atp_m;h2o_m;h_m
CYOR_u10m_cho,"Ubiquinol-10 cytochrome c reductase, Complex III","OXIDATIVE PHOSPHORYLATION",100750822 and 100759002 and 100762374 and 100763175 and 100766032 and 100766805 and 100768142 and (100771461 or 100765588) and 100774773 and 3979182,84.7722956929139,100.24252299598,7.74177412557977e-11,9.61342927993181e-07,1,0,22757961.34447,-0.24182986938476+0i,-15.4702273030663,ficytC_m;h_m;q10h2_m,focytC_m;h_im[intermembrane space of mitochondria];q10_m
GCC2cm,"Glycine cleavage complex  lipoamide   mitochondrial","GLYCINE, SERINE, ALANINE AND THREONINE METABOLISM",100689437 and (100765652 or 100756550),11.3777863886033,26.3021744999053,8.00428560175218,5.6912598339968,0.805,0,2.14901820719439,-1.20896217685534+0i,-14.924388111302,dhlam_m;nad_m,h_m;lpam_m;nadh_m
NADH2_u10m_cho,"NADH dehydrogenase, mitochondrial","OXIDATIVE PHOSPHORYLATION",100689328 and 100754444 and (100775032 or 100764988) and 100766611 and 100760870 and 100750797 and 100755602 and (100770579 or 100770644) and 100773563 and 100767451 and 100772543 and 100757306 and 100762893 and 100754039 and 100774095 and 100757431 and 100762129 and 100757916 and 100765445 and 100754222 and 100752642 and 100759795 and 100754681 and 100689361 and 100757245 and 100757242 and 100761076 and 100754223 and 100768067 and 100761333 and 100773999 and 100770445 and 100751523 and 100766693 and 100755890 and 100766880 and 100766442 and 100765100 and 3979183 and 3979184 and 3979190 and 3979179 and 3979178 and 3979180 and 3979181,66.7314296748752,79.6232857523657,7.36885709570513e-11,5.35806563127682e-07,1,0,34026902.2277461,-0.254823994306097+0i,-12.8918560774905,h_m;nadh_m;q10_m,h_im[intermembrane space of mitochondria];nad_m;q10h2_m
CYOOm3_cho,"Cytochrome c oxidase, mitochondrial Complex IV","OXIDATIVE PHOSPHORYLATION",3979185 and 3979186 and 3979189 and 100770670 and 100757022 and 100765757 and 100768321 and 100764001 and 100757101 and (100766809 or 100768457) and 103163474 and 103161269 and (100756540 or 100767351) and (100764866 or 100772782) and 103158861 and (100756118 or 100759281) and 100755207 and 100767292 and 100764018 and 100762701 and 100761465 and 100759549 and 100766959 and 100761903 and 100756398 and 100763079 and 100772471 and 100751499 and 100758725 and 100758878 and 100768660 and 100769017 and 100767657,38.4018499488887,49.5198063601984,12.3725886737287,5.45883150387673,0.988,0,1.16267171016962,-0.366829860928617+0i,-11.1179564113097,focytC_m;h_m;o2_m,ficytC_m;h2o_m;h_im[intermembrane space of mitochondria];o2s_m
ADKd,"Adenylate kinase (d form)","NUCLEOTIDE INTERCONVERSION",100758717,-1.81223974879318,7.84200257992814,15.6130696793725,7.65034281506334,0.467,1.22480904826962e-191,0.785266762897464,-2.11344828829979+4.53236014182719i,-9.65424232872132,damp_c;datp_c,dadp_c
HCO3Em,"HCO3 equilibration reaction","UREA CYCLE/AMINO GROUP METABOLISM",100755419 or 100768750,29.7510337599383,37.8218066718652,2.65899257315339,2.58069479950214,0.931,0,3.0802875776415,-0.346278480929563+0i,-8.07077291192696,co2_m;h2o_m,h_m;hco3_m
EX_co2_e,"CO2 exchange","Extracellular exchange",,40.5345084312901,48.2780095284015,0.00086028091436074,0.00251066337635679,1,0,4126.27031834732,-0.252215548546781+0i,-7.74350109711137,co2_e,
r0163,"2-oxoglutarate dehydrogenase E1 component Citrate cycle (TCA cycle) EC:1.2.4.2","UNASSIGNED",,7.08156457610858,14.8078070356192,7.09751649773609,5.39152876035431,0.883,0,1.22589882903012,-1.06421795567623+0i,-7.72624245951067,akg_m;h_m;thmpp_m,HC01435_m;co2_m
r0620,"2-oxoglutarate dehydrogenase E1 component Citrate cycle (TCA cycle) EC:1.2.4.2","UNASSIGNED",,7.08156457610858,14.8078070356192,7.09751649773609,5.39152876035431,0.883,0,1.22589882903012,-1.06421795567623+0i,-7.72624245951067,HC01435_m;lpam_m,HC00695_m;thmpp_m
O2tm,"O2 transport  diffusion ","TRANSPORT, MITOCHONDRIAL",,42.3861677364567,50.1115449185831,9.8811296936479e-06,0.0652335215047261,1,0,167.480350716358,-0.241549482353599+0i,-7.72537718212634,o2_c,o2_m
O2t,"O2 transport  diffusion ","TRANSPORT, EXTRACELLULAR",,42.4299205419029,50.1093280964411,0.269122929800396,0.314962889543798,1,0,26.2148674125219,-0.239997216246719+0i,-7.67940755453821,o2_e,o2_c
EX_h2o_e,"H2O exchange","Extracellular exchange",,42.1003200539477,49.366413229953,0.512445974625724,0.377868078581502,1,0,16.1392012240941,-0.229698627369364+0i,-7.26609317600524,h2o_e,
r0280,"DATP:pyruvate O2-phosphotransferase Purine metabolism EC:2.7.1.40","GLYCOLYSIS/GLUCONEOGENESIS",,1.65841909349862,8.20091544118407,4.6878525852648,7.34774181339432,0.446,7.44445844083919e-175,1.06157562774484,-2.30597633050857+0i,-6.54249634768545,dadp_c;h_c;pep_c,datp_c;pyr_c
r0383,"Pyruvate:[dihydrolipoyllysine-residue acetyltransferase]-lipoyllysine 2-oxidoreductase (decarboxylating, acceptor-acetylating) EC:1.2.4.1","UNASSIGNED",,2.2875996929768,8.46990997148777,3.74688375434778,4.34851669426079,0.7975,0,1.52316313789363,-1.88851201789317+0i,-6.18231027851097,h_m;lpam_m;pyr_m,HC00682_m;co2_m
r0555,"Acetyl-CoA:enzyme N6-(dihydrolipoyl)lysine S-acetyltransferase Glycolysis / Gluconeogenesis / Alanine and aspartate metabolism / Pyruvate metabolism EC:2.3.1.12","UNASSIGNED",,2.2875996929768,8.46990997148777,3.74688375434778,4.34851669426079,0.7975,0,1.52316313789363,-1.88851201789317+0i,-6.18231027851097,HC00682_m;coa_m,accoa_m;dhlam_m
ACONTm,"Aconitate hydratase","CITRIC ACID CYCLE",100759203,25.2963236840331,31.2746036947332,1.0157397128981,0.861608812765772,1,0,6.34749811670144,-0.306063869763515+0i,-5.97828001070014,cit_m,icit_m
ICDHym,"Isocitrate dehydrogenase  NADP ","CITRIC ACID CYCLE",103158535,25.2963236840331,31.2746036947332,1.0157397128981,0.861608812765772,1,0,6.34749811670144,-0.306063869763515+0i,-5.97828001070014,icit_m;nadp_m,akg_m;co2_m;nadph_m
r0756,"3-Methoxy-4-hydroxyphenylglycolaldehyde:NAD+ oxidoreductase Tyrosine metabolism EC:1.2.1.5","UNASSIGNED",100772225 or 100757371 or 100765516,23.3173263734913,29.0814078963669,0.937455480611097,0.795501680586729,1,0,6.63010040866649,-0.318694740279692+0i,-5.76408152287556,3m4hpga_m;h2o_m;nad_m,3mox4hoxm_m;h_m;nadh_m
r2420,"Mitochondrial Carrier (MC) TCDB:2.A.29.2.7","TRANSPORT, MITOCHONDRIAL",,11.9769552725551,15.4890433245487,1.32782559467787,1.0737651361168,0.915,0,2.90857156903062,-0.370986839992002+0i,-3.51208805199362,oxa_c;pi_m,oxa_m;pi_c
LEUt5m,"Leucine mitochondrial transport","TRANSPORT, MITOCHONDRIAL",,8.70227678793131,11.8021182626866,1.02034818551763,1.1283786452694,0.9235,0,2.88164234446356,-0.439581010365588+0i,-3.09984147475529,leu__L_c,leu__L_m
LEUTAm,"Leucine transaminase  mitochondrial","VALINE, LEUCINE, AND ISOLEUCINE METABOLISM",100752344,8.70227678793131,11.8021182626866,1.02034818551763,1.1283786452694,0.9235,0,2.88164234446356,-0.439581010365588+0i,-3.09984147475529,akg_m;leu__L_m,4mop_m;glu__L_m
ACOAHim,"Acetyl CoA hydrolase  mitochondrial  irreversible ","PYRUVATE METABOLISM",,11.6128916637922,14.6190740941598,3.47240309900396,3.83178270266684,0.936,0,0.822145105764384,-0.332124685742353+0i,-3.00618243036755,accoa_m;h2o_m,ac_m;coa_m;h_m
ADK1,"Adenylate kinase","NUCLEOTIDE INTERCONVERSION",100758717 or 100759346 or 100761703 or 100760489 or 100767050 or 100752880 or 100774576,3.68506797924694,6.44351825960554,3.63073385912417,3.3385943252811,0.3835,1.79926924486836e-129,0.790902637051801,-0.806157403778623+0i,-2.7584502803586,amp_c;atp_c,adp_c
GK_adp,"ADP-dependent glucokinase","GLYCOLYSIS/GLUCONEOGENESIS",100754978,2.76418513077204,5.5106337567645,3.62806980601191,3.33442171224254,0.3795,8.44836111398759e-127,0.78822622424219,-0.995364003950937+0i,-2.74644862599246,adp_c;glc__D_c,amp_c;g6p_c;h_c
PYRtm,"Pyruvate transport by free diffusion, mitochondrial","TRANSPORT, MITOCHONDRIAL",100756279 and 100766986,7.7385461955163,10.4360857521218,0.970651194987336,0.971301368101171,1,0,2.77817229595648,-0.43144623920919+0i,-2.69753955660552,pyr_c,pyr_m
LDH_L,"L-lactate dehydrogenase","GLYCOLYSIS/GLUCONEOGENESIS",(100770347 and 100689064) or 100689064 or 100770347 or 100770821,-2.58712121212122,-0.00874402999999729,2.8487538040019e-13,9.14882235288759e-06,1,0,398562.332857876,8.20883358281572+0i,-2.57837718212123,lac__L_c;nad_c,h_c;nadh_c;pyr_c
L_LACt2r,"L lactate reversible transport via proton symport","TRANSPORT, EXTRACELLULAR",100768407 or 100775004 or 100756769 or 100772122 or 100757367,-2.58712121212122,-0.00874999999999741,2.8487538040019e-13,8.27532875204373e-14,1,0,12291756569064.1,8.20784891664919+0i,-2.57837121212123,h_e;lac__L_e,h_c;lac__L_c
SUCD1m,"Succinate dehydrogenase","CITRIC ACID CYCLE",100750732 and 100774657 and 100689402 and 100771246,15.1189285858132,17.6751402503513,0.39358402333929,0.406353476464257,1,0,6.39021433859098,-0.225365757193414+0i,-2.55621166453807,fad_m;succ_m,fadh2_m;fum_m
MDHm,"Malate dehydrogenase  mitochondrial","CITRIC ACID CYCLE",100763194,13.3193986414803,15.7855791651875,0.577079556232955,0.387837961190109,1,0,5.01613222386548,-0.245078245864287+0i,-2.46618052370719,mal__L_m;nad_m,h_m;nadh_m;oaa_m
UMPK3,"UMP kinase (UTP)","NUCLEOTIDE INTERCONVERSION",100758717,-4.60078014678135,-2.161422691829,9.45402759398831,5.38163996286383,0.183,4.83300844726614e-30,0.317119830568514,1.08989728145135+0i,-2.43935745495235,utp_c;ump_c,udp_c
CYTK2,"Cytidylate kinase (dCMP)","NUCLEOTIDE INTERCONVERSION",100758717 or 100752880 or 100760489 or 100767050,-4.39743566631024,-2.15103981311477,10.2192836189595,6.36238014859925,0.259,1.89788725694354e-59,0.263904414881808,1.03162824395577+0i,-2.24639585319547,atp_c;dcmp_c,adp_c;dcdp_c
PNTOte,"Transport of (R)-Pantothenate","TRANSPORT, EXTRACELLULAR",,5.86505114975989,8.0018764902028,2.3742813964503,1.51437795083744,0.8955,0,1.07308047953826,-0.448194670495428+0i,-2.13682534044291,pnto__R_e,pnto__R_c
FUMm,"Fumarase  mitochondrial","CITRIC ACID CYCLE",100773218,13.9273402203219,15.9521531764486,0.950527415375014,0.645723528451505,1,0,2.49193712121389,-0.195831403073336+0i,-2.0248129561267,fum_m;h2o_m,mal__L_m
FADH2ETC,"Complex II reaction for respiratory chain","OXIDATIVE PHOSPHORYLATION",,15.9512878510458,17.959292909741,5.70903773790441,6.85160903045576,0.873,0,0.318414913446448,-0.171057642819768+0i,-2.00800505869518,fadh2_m;q10_m,fad_m;q10h2_m
CYTK10,"Cytidylate kinase (CMP,dGTP)","NUCLEOTIDE INTERCONVERSION",100758717,-2.52563555412974,-1.03130976179288,5.7070697341414,3.9290033689747,0.146,2.18919432581489e-19,0.305003472750977,1.29216875284726+0i,-1.49432579233686,cmp_c;dgtp_c,cdp_c;dgdp_c
TALA,"Transaldolase","PENTOSE PHOSPHATE PATHWAY",100689344,-2.42630153481645,-1.07926723331476,3.44183412734269,2.56670339173661,0.208,1.34067972005704e-38,0.443692043884943,1.16870672683886+0i,-1.34703430150169,g3p_c;s7p_c,e4p_c;f6p_c
FBA,"Fructose-bisphosphate aldolase","GLYCOLYSIS/GLUCONEOGENESIS",100771717 or 100760749 or 100755179,4.22095218135517,5.42484115134623,3.62977391719181,3.22473225097554,0.1785,1.28307130326395e-28,0.350657675505591,-0.362012408315621+0i,-1.20388896999106,fdp_c,dhap_c;g3p_c
ITPtn,"ITP nuclear transport","TRANSPORT, NUCLEAR",,-2.20895855673139,-1.13952068475024,5.32137327248162,3.96345882362666,0.247,3.92293128484349e-54,0.227937535059308,0.954939239036715+0i,-1.06943787198115,itp_c,itp_n
DTDPtn,"DTDP nuclear transport","TRANSPORT, NUCLEAR",,-2.20896849672953,-1.13953063474991,5.3213732425337,3.96345883809332,0.186,5.18998246408517e-31,0.227937533455829,0.954933133759147+0i,-1.06943786197962,dtdp_c,dtdp_n
NDPK4n,"Nucleoside-diphosphate kinase (ATP:dTDP), nuclear","NUCLEOTIDE INTERCONVERSION",100765914 and 100765627,-2.20066487093019,-1.13953063474991,5.31174927279578,3.96345883809332,0.1865,3.56554034807915e-31,0.226431025766575,0.949499750562428+0i,-1.06113423618028,atp_n;dtdp_n,adp_n;dttp_n
ABUTt4_2_r,"ABUTt4 LPAREN 2 RPAREN r","TRANSPORT, EXTRACELLULAR",100752749 or 100760370 or 100752493 or 100752445,2.83360986444064,3.77677032653431,1.02485686953437,0.757188678870011,0.895,0,1.04677223858718,-0.414511913519612+0i,-0.943160462093667,4abut_e;na1_e,4abut_c;na1_c
RE1342C,"Aldehyde Reductase","FRUCTOSE AND MANNOSE METABOLISM",,-2.21810547757344,-1.35969838888912,3.42190882076397,2.87878685084263,0.139,1.22089477074287e-17,0.271473374427872,0.706041306246231+0i,-0.858407088684324,nad_c;sbt__D_c,glc__D_c;h_c;nadh_c
PGI,"Glucose-6-phosphate isomerase","GLYCOLYSIS/GLUCONEOGENESIS",100689468,5.1890912600819,6.04749834876604,3.42190882076295,2.87878685084207,0.1315,7.28813504741151e-16,0.271473374427883,-0.220856561637958+0i,-0.858407088684142,g6p_c,f6p_c
PItx,"Phosphate transporter, peroxisome","TRANSPORT, PEROXISOMAL",,-0.975205180977556,-0.184248570716796,1.28802125101301,0.589856846026195,0.29,2.39930737073605e-74,0.78958985994052,2.40405236273843+0i,-0.79095661026076,pi_c,pi_x
PFK,"Phosphofructokinase","GLYCOLYSIS/GLUCONEOGENESIS",100751501 or 100762127 or 100754270 or (100751501 and 100762127) or (100751501 and 100754270) or (100754270 and 100762127),4.19892982214572,4.91832688958251,3.63304759244085,3.45259438170927,0.1165,1.31537682703094e-12,0.202991877463367,-0.228145948568572+0i,-0.71939706743679,atp_c;f6p_c,adp_c;fdp_c;h_c
r0408,"ATP:Sedoheptulose 7-phosphate 1-phosphotransferase EC:2.7.1.11","UNASSIGNED",,0.0183519660054028,0.601944484993996,0.366671913289139,2.01455651357352,0.082,1.29989541750746e-06,0.403058583498768,-5.03562390977095+0i,-0.583592518988593,atp_c;s7p_c,HC00361_c;adp_c;h_c
ETF,"Electron transfer flavoprotein","FATTY ACID OXIDATION",100758144 and 100753078,2.04226866451647,2.61263482141631,5.70903773790488,6.85160902913199,0.127,7.60166112470779e-15,0.0904445383323699,-0.355332819291411+0i,-0.570366156899838,etfox_m;fadh2_m,etfrd_m;fad_m
ETFQO,"Electron transfer flavoprotein-ubiquinone oxidoreductase","FATTY ACID OXIDATION",100763190,2.04226866451647,2.61263482141631,5.70903773790488,6.85160902913199,0.127,7.60166112470779e-15,0.0904445383323699,-0.355332819291411+0i,-0.570366156899838,etfrd_m;q10_m,etfox_m;q10h2_m
r0384,"2-oxoglutarate:[dihydrolipoyllysine-residue succinyltransferase]-lipoyllysine 2-oxidoreductase (decarboxylating, acceptor-succinylating) EC:1.2.4.2","UNASSIGNED",,0.674096828387118,1.21581654567957,3.01937164270322,4.34975309601919,0.0725,2.5046979943568e-05,0.144685231105053,-0.850897814716572+0i,-0.541719717292448,akg_m;h_m;lpam_m,HC00695_m;co2_m
FUM,"Fumarase","CITRIC ACID CYCLE",100773218,1.50946480681106,2.04086512522216,0.95859245908448,0.728623293749445,0.302,1.44993268498741e-80,0.624142918650385,-0.435143721253387+0i,-0.531400318411103,fum_c;h2o_c,mal__L_c
r0191,"UTP:D-fructose-6-phosphate 1-phosphotransferase EC:2.7.1.11","FRUCTOSE AND MANNOSE METABOLISM",,0.0220223592069599,0.506514261763249,0.401568274703123,1.86101800152162,0.0665,0.000134532375613277,0.359889169314997,-4.52356195606604+0i,-0.484491902556289,f6p_c;utp_c,fdp_c;h_c;udp_c
r0604,"(S)-2-methylbutanoyl-CoA:enzyme N6-(dihydrolipoyl)lysine S-(2-methylbutanoyl)transferase Valine, leucine and isoleucine degradation EC:2.3.1.168","UNASSIGNED",,0.429916055384545,0.838796462804621,0.438273138081737,0.177845733126349,0.467,1.22480904826976e-191,1.22254885460163,-0.964265788276104+0i,-0.408880407420076,HC01376_m;coa_m,2mbcoa_m;dhlam_m
r0670,"(S)-3-Methyl-2-oxopentanoate:[dihydrolipoyllysine-residue (2-methylpropanoyl)transferase] lipoyllysine 2-oxidoreductase (decarboxylating, acceptor-2-methylpropanoylating) EC:1.2.4.4","UNASSIGNED",,0.429916055384545,0.838796462804621,0.438273138081737,0.177845733126349,0.4665,3.13801151165337e-191,1.22254885460163,-0.964265788276104+0i,-0.408880407420076,3mop_m;h_m;lpam_m,HC01376_m;co2_m
ACALDtm,"Acetaldehyde mitochondrial diffusion","TRANSPORT, MITOCHONDRIAL",,-0.489195556831509,-0.0976680196130827,0.424132640826428,0.272348769731571,0.457,1.50186085793246e-183,1.0985179443213,2.32445315149968+0i,-0.391527537218426,acald_m,acald_c
PPA,"Inorganic diphosphatase","OXIDATIVE PHOSPHORYLATION",100769185 or 100771604,0.000682347271759342,0.367966736685941,0.0305154976783082,0.599130311209251,0.284,2.48263735964047e-71,0.865831911991671,-9.07485347364282+0i,-0.367284389414182,h2o_c;ppi_c,h_c;pi_c
ME2,"Malic enzyme (NADP)","PYRUVATE METABOLISM",100767908,0.32377394862573,0.657452259574582,0.725731079037025,0.937054811814846,0.2915,4.13552787594096e-75,0.398145970274033,-1.02189922920045+0i,-0.333678310948852,mal__L_c;nadp_c,co2_c;nadph_c;pyr_c
MMSAD3m,"Methylmalonate-semialdehyde dehydrogenase (acylating)","PROPANOATE METABOLISM",100754996,0.423874292571705,0.746102538907913,0.703414011963338,0.922491893457758,0.302,1.44993268498732e-80,0.392817797871508,-0.815737446167129+0i,-0.322228246336208,coa_m;msa_m;nad_m,accoa_m;co2_m;nadh_m
APAT2rm,"3-Aminopropanoate:2-oxoglutarate aminotransferase (m)","BETA-ALANINE METABOLISM",100765485,0.203663754553295,0.503732449887477,0.572368995870476,0.806328819855619,0.303,4.28291700673545e-81,0.429157585714356,-1.30646841990634+0i,-0.300068695334182,akg_m;ala_B_m,glu__L_m;msa_m
BALAtmr,"Beta-alanine transport, mitochondria","TRANSPORT, MITOCHONDRIAL",,0.203663754553295,0.503732449887477,0.572368995870476,0.806328819855619,0.303,4.28291700673545e-81,0.429157585714356,-1.30646841990634+0i,-0.300068695334182,ala_B_c,ala_B_m
ASP1DC,"Aspartate 1-decarboxylase","BETA-ALANINE METABOLISM",100765882 or 100757642,0.203662624551109,0.503728524887279,0.572367789147807,0.806326896240968,0.23,4.92165423618916e-47,0.429154572244828,-1.30646518325101+0i,-0.30006590033617,asp__L_c;h_c,ala_B_c;co2_c
O2tp,"O2 transport glycosome","TRANSPORT, PEROXISOMAL",,-0.643354869665863,-0.343585457363532,0.382927121873872,0.24343864432048,0.466,8.03161692288894e-191,0.934283824142156,0.904945762650696+0i,-0.299769412302332,o2_c,o2_x
2AOBUTtm,"2AOBUTtm","EXCHANGE",,0.194479000457196,0.487054529914559,0.358969981686924,0.424435159757748,0.3435,5.14403921098515e-104,0.744338509034745,-1.32446891974829+0i,-0.292575529457363,2aobut_c,2aobut_m
THRD,"L-threonine dehydrogenase","EXCHANGE",,0.194479000457196,0.487054529914559,0.358969981686924,0.424435159757748,0.3435,5.14403921098515e-104,0.744338509034745,-1.32446891974829+0i,-0.292575529457363,nad_c;thr__L_c,2aobut_c;h_c;nadh_c
r0386,"4-methyl-2-oxopentanoate:[dihydrolipoyllysine-residue (2-methylpropanoyl)transferase] lipoyllysine 2-oxidoreductase (decarboxylating, acceptor-2-methylpropanoylating) EC:1.2.4.4","UNASSIGNED",,0.445150968483378,0.729500178080168,0.374640514405587,0.149912906768755,0.3745,1.68645794348258e-123,0.996553500670142,-0.712613635714895+0i,-0.28434920959679,4mop_m;h_m;lpam_m,HC01377_m;co2_m
r0656,"3-methylbutanoyl-CoA:enzyme N6-(dihydrolipoyl)lysine S-(3-methylbutanoyl)transferase Valine, leucine and isoleucine degradation EC:2.3.1.168","UNASSIGNED",,0.445150968483378,0.729500178080168,0.374640514405587,0.149912906768755,0.3745,1.68645794348258e-123,0.996553500670142,-0.712613635714895+0i,-0.28434920959679,HC01377_m;coa_m,dhlam_m;ivcoa_m
NAt,"Sodium transport (uniport)","TRANSPORT, EXTRACELLULAR",100767281 or 100753604,-0.250506906274547,0,1.22639955985728,0,0.06,0.000705687582620802,0.288870182212735,Inf+4.53236014182719i,-0.250506906274547,na1_e,na1_c
D3AIBTm,"D-3-Amino-isobutanoate:pyruvate aminotransferase, mitochondrial","PYRIMIDINE CATABOLISM",,-0.694748902089098,-0.484887714423844,0.508913362049182,0.529265625956884,0.238,2.59817305389623e-50,0.404209439600681,0.518840948834238+0i,-0.209861187665254,3aib__D_m;pyr_m,2mop_m;ala__L_m
MDH,"Malate dehydrogenase","CITRIC ACID CYCLE",100756246 or 100764352,1.18566251818653,1.3833991456454,0.925478984873437,0.93010807594134,-0.473,1.41545021203512e-196,0.213125017239933,-0.222524044677206+0i,-0.19773662745887,mal__L_c;nad_c,h_c;nadh_c;oaa_c
GULNDer,"Gulonate dehydrogenase, endoplasmic reticulum","PENTOSE PHOSPHATE PATHWAY",,-0.299745176464772,-0.105152215601007,0.013647852575213,0.146721832258204,0.6605,0,1.86756879211131,1.51125728922942+0i,-0.194592960863765,glcur_r;h_r;nadph_r,guln__L_r;nadp_r
GLACter,"D-glucurono-6,3-lactone transport, endoplasmic reticulum","TRANSPORT, ENDOPLASMIC RETICULAR",,-0.299745176464772,-0.105152215601007,0.013647852575213,0.146721832258204,0.6605,0,1.86756879211131,1.51125728922942+0i,-0.194592960863765,glac_c,glac_r
GLNLASEer,"Gluconolactonase, endoplasmic reticulum","VITAMIN C METABOLISM",100752401,-0.299745176464772,-0.105152215601007,0.013647852575213,0.146721832258204,0.6605,0,1.86756879211131,1.51125728922942+0i,-0.194592960863765,guln__L_r;h_r,gullac_r;h2o_r
GLRASE,"Glucuronolactone reductase","VITAMIN C METABOLISM",,-0.299745176464772,-0.105152215601007,0.013647852575213,0.146721832258204,0.6605,0,1.86756879211131,1.51125728922942+0i,-0.194592960863765,gullac_c;nadp_c,glac_c;h_c;nadph_c
O2St,"Superoxide anion transport via diffusion (extracellular)","TRANSPORT, EXTRACELLULAR",,0.0237362427940747,0.209300890778451,0.13988614217369,0.391101890722067,0.1965,1.58270211800131e-34,0.631799694826627,-3.14041495746821+0i,-0.185564647984376,o2s_c,o2s_e
Htr,"H transporter, endoplasmic reticulum","TRANSPORT, ENDOPLASMIC RETICULAR",,-0.123875759946556,0.0605435229258139,0.0780991115595592,0.211520552192021,0.5905,5.77614187849515e-306,1.15668947085969,1.03284937728971+4.53236014182719i,-0.18441928287237,h_c,h_r
NH4tm,"NH3 mitochondrial transport","TRANSPORT, MITOCHONDRIAL",,0.378444868792518,0.560294730713835,0.494732262758223,0.530990447119418,0.1945,7.65509499996866e-34,0.354357667377599,-0.566102778672751+0i,-0.181849861921317,nh4_c,nh4_m
GLYK,"Glycerol kinase","GLYCEROPHOSPHOLIPID METABOLISM",100753140 or 100770084,0.316497761356963,0.496023469412087,1.48278718225261,1.83055081301451,0.2885,1.37943610646507e-73,0.107773458184617,-0.648213088262374+0i,-0.179525708055124,atp_c;glyc_c,adp_c;glyc3p_c;h_c
NADPHtru,"NADPH transporter, endoplasmic reticulum","TRANSPORT, ENDOPLASMIC RETICULAR",,0,0.174372204957217,0,0.152978204263911,0.5655,1.14888508076134e-280,1.6119913182271,-Inf+0i,-0.174372204957217,nadph_c,nadph_r
NADPtru,"NADP transporter, endoplasmic reticulum","TRANSPORT, ENDOPLASMIC RETICULAR",,0,0.174372204957216,0,0.152978204263911,0.5655,1.14888508076134e-280,1.6119913182271,-Inf+0i,-0.174372204957216,nadp_r,nadp_c
EX_o2s_e,"Superoxide anion exchange","Extracellular exchange",,0.0237362427940747,0.195775023475492,0.13988614217369,0.381183108577781,0.1825,6.98544761805797e-30,0.599200619168599,-3.04403322677987+0i,-0.172038780681417,o2s_e,
2OXOADOXm,"2-Oxoadipate:lipoamde 2-oxidoreductase(decarboxylating and acceptor-succinylating) (mitochondria)","LYSINE METABOLISM",(100764862 and 100758466 and 100689437) or (100769436 and 100758466 and 100689437) or (100753689 and 100758466 and 100689437),0.430782389006929,0.583499902604992,0.395298099561262,0.350002291974533,0.193,2.47040616270883e-33,0.409059899339625,-0.437773143450078+0i,-0.152717513598063,2oxoadp_m;coa_m;nad_m,co2_m;glutcoa_m;nadh_m
GF6PTA,"Glutamine-fructose-6-phosphate transaminase","AMINOSUGAR METABOLISM",100767191,0.0618392217019923,0.193066548477633,0.249295980279003,0.41082270369971,0.1235,4.45043718099389e-14,0.38619349220138,-1.6425041515561+0i,-0.131227326775641,f6p_c;gln__L_c,gam6p_c;glu__L_c
G6PDA,"Glucosamine-6-phosphate deaminase","AMINOSUGAR METABOLISM",100761133 or 100689210,0.061839221702551,0.193066548471036,0.249295980278951,0.410822703694131,0.123,5.70550287679838e-14,0.386193492184176,-1.64250415149377+0i,-0.131227326768485,gam6p_c;h2o_c,f6p_c;nh4_c
ALCD19y,"Alcohol dehydrogenase  glycerol  NADP ","GLYCEROLIPID METABOLISM",100757262 or 100689318,0.578041406881598,0.707385278810731,1.96412443583501,2.15360741082705,0.0915,4.68872097323941e-08,0.0627564643589721,-0.291323354739379+0i,-0.129343871929133,glyald_c;h_c;nadph_c,glyc_c;nadp_c
TPI,"Triose-phosphate isomerase","GLYCOLYSIS/GLUCONEOGENESIS",100767338,7.86951906196245,7.99886292723084,1.96412443583642,2.15360739023464,0.0955,1.03816430327346e-08,0.0627564614548104,-0.0235194597538909+0i,-0.129343865268396,dhap_c,g3p_c
COAtp,"Coenzyme A transport, peroxisomal","TRANSPORT, PEROXISOMAL",,-0.253805833848724,-0.145016213000596,0.0748015017836185,0.130066577209764,0.4225,5.47306688982511e-157,1.02539178651256,0.807511026163939+0i,-0.108789620848128,coa_c,coa_x
CSNATer,"Carnitine O-acetyltransferase, endolasmic reticulum","FATTY ACID OXIDATION",100762198,-0.244861070476891,-0.140798187030376,0.014515223086023,0.121574443421455,0.4245,1.80022939440417e-158,1.20197383900971,0.798334666159158+0i,-0.104062883446515,accoa_r;crn_r,acrn_r;coa_r
ACCOAtr,"Acetyl-coa transport","TRANSPORT, ENDOPLASMIC RETICULAR",100756415,-0.244861070476891,-0.140798187030376,0.014515223086023,0.121574443421455,0.4245,1.80022939440417e-158,1.20197383900971,0.798334666159158+0i,-0.104062883446515,accoa_c,accoa_r
r0995,"Mitochondrial Carrier (MC) TCDB:2.A.29.8.3","TRANSPORT, ENDOPLASMIC RETICULAR",,-0.244861070476891,-0.140798187030376,0.014515223086023,0.121574443421455,0.4245,1.80022939440417e-158,1.20197383900971,0.798334666159158+0i,-0.104062883446515,acrn_r;crn_c,acrn_c;crn_r
ACACtx,"Acetoacetate transport via diffusion, glyoxysome","TRANSPORT, PEROXISOMAL",,-0.244861070475426,-0.140798187030005,0.0145152230956291,0.121574443421396,0.424,4.2336028468273e-158,1.20197383898647,0.798334666154328+0i,-0.104062883445421,acac_c,acac_x
HMGL,"Hydroxymethylglutaryl-CoA lyase","CHOLESTEROL METABOLISM",100763147,0.000860023829405856,0.104922907261386,0.0145152230844329,0.121574443419297,0.4265,5.82668926477359e-160,1.20197383886471,-6.93073733857862+0i,-0.10406288343198,hmgcoa_c,acac_c;accoa_c
R01465m,"L-threonine 3-dehydrogenase, mitochondrial","GLYCINE, SERINE, AND THREONINE METABOLISM",100759874,0.173060626244349,0.27201382901743,0.34405877020126,0.398913788204736,0.1175,8.20748310752879e-13,0.265648025714404,-0.652402470695433+0i,-0.0989532027730811,nad_m;thr__L_m,2aobut_m;h_m;nadh_m
thr_mt,"Transport reaction","TRANSPORT, MITOCHONDRIAL",,0.173060626244349,0.27201382901743,0.34405877020126,0.398913788204736,0.1175,8.20748310752879e-13,0.265648025714404,-0.652402470695433+0i,-0.0989532027730811,thr__L_c,thr__L_m
RE2439C,"RE2439","TRYPTOPHAN METABOLISM",,-0.159612023102977,-0.0702482208821531,0.0698161508217726,0.0535884027290751,0.8005,0,1.43594418347946,1.18403573663613+0i,-0.0893638022208237,h_c;melatn_c;o2s_c,fna5moxam_c;h2o_c
GLUN,"Glutaminase","GLUTAMATE METABOLISM",,0.0496168878675739,0.133540429929955,0.224751779481242,0.352623105171701,0.0794999999999999,2.93322432199932e-06,0.283829816268687,-1.42837343741021+0i,-0.0839235420623811,gln__L_c;h2o_c,glu__L_c;nh4_c
NDPK9,"Nucleoside diphosphate kinase  ATPIDP ","NUCLEOTIDE INTERCONVERSION",(100765914 and 100765627) or 100752009 or 100762945 or 100763307 or 100774762 or 100759346 or 100761703 or 100760489 or 100767050 or 100752880,-0.759443451096031,-0.685301214354913,6.08971930338309,4.3090916885055,0.155,9.30818918822112e-22,0.0140551853573752,0.148204300779851+0i,-0.0741422367411185,atp_c;idp_c,adp_c;itp_c
OIVD2m,"2-oxoisovalerate dehydrogenase (acylating; 3-methyl-2-oxobutanoate), mitochondrial","VALINE, LEUCINE, AND ISOLEUCINE METABOLISM",(100759869 and 100774277 and 100774234 and 100689437) or (100774234 and 100774277 and 100759869 and 100774281),0.127409399143208,0.193805846591931,0.111141889005011,0.0769109291624377,0.297,6.06914038479984e-78,0.694730861643335,-0.60514038271756+0i,-0.0663964474487223,3mob_m;coa_m;nad_m,co2_m;ibcoa_m;nadh_m
GLYC3Ptm,"Glycerol 3 phosphate shuttle","TRANSPORT, MITOCHONDRIAL",,-0.261543645524801,-0.211361809398648,1.35083890512226,1.22347632989108,0.206,7.11449650956156e-38,0.0389389245218723,0.30733699647746+0i,-0.0501818361261534,glyc3p_c,glyc3p_m
ADPtx,"ADP transporter, peroxisomal","TRANSPORT, PEROXISOMAL",,-0.207144012191948,-0.165004421456906,0.249581135622698,0.237856151870968,0.084,6.65702905046178e-07,0.172852614601304,0.328129434226382+0i,-0.0421395907350426,adp_c,adp_x
ADNK1,"Adenosine kinase","NUCLEOTIDE INTERCONVERSION",100736551,0.0264922723288653,0.0626746235426998,0.0405491057965546,0.0407705793044267,0.4165,1.39611430682017e-152,0.889875974802719,-1.24230983179927+0i,-0.0361823512138345,adn_c;atp_c,adp_c;amp_c;h_c
PIter,"Phosphate transport, endoplasmic reticulum","TRANSPORT, ENDOPLASMIC RETICULAR",,8.99946006061796e-08,0.0290221947270919,9.44639203654719e-07,0.27871067503402,0.1315,7.28813504741177e-16,0.147261866148672,-18.2988867460091+0i,-0.0290221047324913,pi_r,pi_c
SPODM,"Superoxide dismutase","ROS DETOXIFICATION",100765091,0,0.0239534529674704,0,0.103765746895405,0.051,0.00528594346166769,0.326459347769246,-Inf+0i,-0.0239534529674704,h_c;o2s_c,h2o2_c;o2_c
CO2tp,"CO2 peroxisomal transport","TRANSPORT, PEROXISOMAL",,-0.0870025208089583,-0.0635041957598768,0.169602036496736,0.130018997417184,-0.2645,5.72554627865926e-62,0.155502507081845,0.454205287427733+0i,-0.0234983250490815,co2_c,co2_x
MMEm,"Methylmalonyl-CoA epimerase/racemase","VALINE, LEUCINE, AND ISOLEUCINE METABOLISM",100763022,-0.703104086806702,-0.680944535813132,0.393584023339547,0.406353478311391,0.1875,1.67776529619284e-31,0.0553961481860622,0.046200987345837+0i,-0.02215955099357,mmcoa__R_m,mmcoa__S_m
FACOAL140,"Fatty acid  CoA ligase  tetradecanoate ","FATTY ACID OXIDATION",100752583,0.014914584330672,0.0328388381495629,0.0421125012844192,0.0575837916329638,0.1405,5.24412330643133e-18,0.355324108558521,-1.13867931458993+0i,-0.0179242538188909,atp_c;coa_c;ttdca_c,amp_c;ppi_c;tdcoa_c
TTDCAtr,"Fatty acid transport","TRANSPORT, EXTRACELLULAR",100774950 or 100774029,-0.118848503837849,-0.100924250037688,0.0421125012847945,0.0575837916339103,0.135,1.1119894264363e-16,0.355324108182324,0.235850875295603+0i,-0.0179242538001614,ttdca_e,ttdca_c
GLY3Pt,"Glycerol phopshate free diffusion","TRANSPORT, PEROXISOMAL",,-0.0303075731787076,-0.012856087344398,0.193435170115415,0.136156454518013,-0.437,6.73784583512211e-168,0.104333809564283,1.23722669984013+0i,-0.0174514858343097,glyc3p_x,glyc3p_c
r1428,"Free diffusion","TRANSPORT, PEROXISOMAL",,-0.0303075731787076,-0.012856087344398,0.193435170115415,0.136156454518013,-0.437,6.73784583512211e-168,0.104333809564283,1.23722669984013+0i,-0.0174514858343097,dhap_c,dhap_x
H2Oter,"H2O endoplasmic reticulum transport","TRANSPORT, ENDOPLASMIC RETICULAR",100773918 or 100768567,-0.310249984152421,-0.295727281768266,8.45388174531471e-06,0.139355645022828,0.6085,0,0.147379768023205,0.0691637939274506+0i,-0.0145227023841551,h2o_c,h2o_r
PPItr,"Diphosphate transporter, endoplasmic reticulum","TRANSPORT, ENDOPLASMIC RETICULAR",,-0.0564318180250589,-0.041921835660115,1.13936382715517e-06,0.139355140507367,-0.233,2.99364808867267e-48,0.147251215670278,0.428806938110769+0i,-0.0145099823649439,ppi_c,ppi_r
AHCYStr,"S-Adenosyl-L-homocysteine intracellular diffusion","TRANSPORT, ENDOPLASMIC RETICULAR",,-0.0956497859389211,-0.0812593268397239,0.0780990804621904,0.0452303409279334,0.1905,1.70625578474653e-32,0.225495269265144,0.235228326680363+0i,-0.0143904590991973,ahcys_c,ahcys_r
MEVK1,"Mevalonate kinase  atp ","SQUALENE AND CHOLESTEROL SYNTHESIS",100751653,0.100187300014474,0.114233830253266,0.083193711874223,0.0792853839666161,0.17,5.02760630738354e-26,0.172852614514752,-0.189290326312727+0i,-0.0140465302387916,atp_c;mev__R_c,5pmev_c;adp_c;h_c
DPMVD,"Diphosphomevalonate decarboxylase","SQUALENE AND CHOLESTEROL SYNTHESIS",100766541,0.100187300014474,0.114233830253266,0.083193711874223,0.0792853839666161,0.17,5.02760630738354e-26,0.172852614514751,-0.189290326312727+0i,-0.0140465302387916,5dpmev_c;atp_c,adp_c;co2_c;ipdp_c;pi_c
PMEVK,"Phosphomevalonate kinase","SQUALENE AND CHOLESTEROL SYNTHESIS",100759992,0.100187300014474,0.114233830253266,0.083193711874223,0.0792853839666161,0.17,5.02760630738354e-26,0.172852614514751,-0.189290326312727+0i,-0.0140465302387916,5pmev_c;atp_c,5dpmev_c;adp_c
TRIOK,"Triokinase","FRUCTOSE AND MANNOSE METABOLISM",100765605,0.160670821638638,0.174472277904406,1.06636808198429,1.11385930473993,-0.0735,1.86616094462144e-05,0.0126575633512028,-0.118889868683531+0i,-0.0138014562657686,atp_c;glyald_c,adp_c;g3p_c;h_c
NDPK4m,"ATP:dTDP phosphotransferase, mitochondria","NUCLEOTIDE INTERCONVERSION",100757593,-0.0284327164368154,-0.015346643059615,0.0492582967394557,0.0389255583638671,0.1575,1.92739327639696e-22,0.294774042445965,0.889628825902512+0i,-0.0130860733772004,atp_m;dtdp_m,adp_m;dttp_m
CEPTC_cho,"Choline phosphotransferase","GLYCEROPHOSPHOLIPID METABOLISM",100773070 or 100750762,0.0269265010419434,0.0396531714476837,0.019956630909425,0.0109091650500391,0.3665,2.60771608303062e-118,0.791349278564536,-0.558409485481478+0i,-0.0127266704057403,cdpchol_c;dag_cho_c,cmp_c;h_c;pchol_cho_c
CHLPCTD,"Choline phosphate cytididyltransferase","GLYCEROPHOSPHOLIPID METABOLISM",100689303 or 100770553,0.0269265010419434,0.0396531714476837,0.019956630909425,0.0109091650500391,0.3665,2.60771608303062e-118,0.791349278564536,-0.558409485481478+0i,-0.0127266704057403,cholp_c;ctp_c;h_c,cdpchol_c;ppi_c
P5CR,"Pyrroline-5-carboxylate reductase","ARGININE AND PROLINE METABOLISM",100758600,0,0.0125051023434864,0,0.0196910723794476,0.2875,4.40477362194894e-73,0.898116922848782,-Inf+0i,-0.0125051023434864,1pyr5c_c;h_c;nadph_c,nadp_c;pro__L_c
r1117,"Facilitated diffusion","TRANSPORT, MITOCHONDRIAL",,-0.0245510680346404,-0.0131471588639672,0.0395837575826252,0.0314911457309898,-0.293,7.06377378360427e-76,0.318838255853327,0.901034723891496+0i,-0.0114039091706732,dtmp_c,dtmp_m
RE0452M,"DTMP Kinase","PYRIMIDINE SYNTHESIS",,-0.0245510680343794,-0.0131471588639708,0.0395837575828923,0.0314911457309866,-0.295,6.60060166474427e-77,0.318838255844623,0.901034723875761+0i,-0.0114039091704086,datp_m;dtmp_m,dadp_m;dtdp_m
DNDPt9m,"DADP transport via dTDP antiport","TRANSPORT, MITOCHONDRIAL",,-0.0207491759494502,-0.0103206183587914,0.0374531362075986,0.0284281850206365,0.148,6.69202700484297e-20,0.313656851520051,1.00752462889416+0i,-0.0104285575906588,dadp_c;dtdp_m,dadp_m;dtdp_c
r1148,"Active transport","TRANSPORT, PEROXISOMAL",,-0.0179545167450395,-0.00850272194096598,0.146548746617711,0.0934594236137488,-0.421,7.01151977079978e-156,0.0769033576351825,1.07835015839521+0i,-0.0094517948040735,akg_c;icit_x,akg_x;icit_c
C4STMO2Pr,"C-4 methyl sterol oxidase","CHOLESTEROL METABOLISM",100764429,0.019024868766806,0.0281494722440132,0.0132194927171883,0.00126045859756181,0.4195,8.90131839115415e-155,0.971737517107312,-0.565221372336907+0i,-0.00912460347720718,4mzym_int2_r;nadp_r;o2_r,co2_r;h_r;nadph_r;zym_int2_r
DHCR72r,"7-dehydrocholesterol reductase","CHOLESTEROL METABOLISM",100771700,0.0176709863341819,0.0267532809853621,0.0136475331285805,0.0062354901651811,0.407,9.84645706601232e-146,0.856027332911547,-0.59833326403434+0i,-0.00908229465118021,7dhchsterol_r;h_r;nadph_r,chsterol_r;nadp_r
LSTO2r,"Lathosterol oxidase","CHOLESTEROL METABOLISM",100752960,0.0176709863341819,0.026753280985362,0.0136475331285805,0.00623549016518139,0.407,9.84645706601232e-146,0.856027332911527,-0.598333264034333+0i,-0.00908229465118007,h_r;lthstrl_r;nadph_r;o2_r,7dhchsterol_r;h2o_r;nadp_r
EX_ala__L_e,"L-Alanine exchange","Extracellular exchange",,5.07405081026807,5.08243963610348,0.000860828889313769,0.00251207227875157,1,0,4.46760109452951,-0.00238320909130267+0i,-0.00838882583540901,ala__L_e,
CHOLK,"Choline kinase","GLYCEROPHOSPHOLIPID METABOLISM",100770695 or 100755018,0.0289376573745841,0.0368675080826724,0.0182373446458406,0.0131547249767252,0.2615,1.37776493520505e-60,0.498719172509876,-0.349401771959567+0i,-0.00792985070808826,atp_c;chol_c,adp_c;cholp_c;h_c
PSSA1_cho,"Phosphatidylserine synthase cho","GLYCEROPHOSPHOLIPID METABOLISM",100762075,0.0289276573763883,0.0368575080828967,0.0182373446457327,0.0131547249764733,0.26,6.66722904452793e-60,0.498719172415727,-0.349509038932947+0i,-0.0079298507065084,pchol_cho_c;ser__L_c,chol_c;ps_cho_c
CAT,"Catalase","ROS DETOXIFICATION",100773774,0,0.00693166995789171,0,0.0487344275582085,0.0585,0.00100974621663838,0.201148595674711,-Inf+0i,-0.00693166995789171,h2o2_c,h2o_c;o2_c
H2O2t,"Hydrogen peroxide transport via diffusion","TRANSPORT, EXTRACELLULAR",,-1.00199999170597e-05,0.00675167865147926,4.46877895246593e-07,0.0569185777411243,-0.1235,4.450437180994e-14,0.168002896711188,-9.39621993328458+4.53236014182719i,-0.00676169865139632,h2o2_e,h2o2_c
FADRx,"FAD reductase","VITAMIN B2 METABOLISM",,0.00889039453356064,0.015454688172685,0.0136850858688212,0.0664654896713836,-0.277,6.80067223958857e-68,0.136801504449427,-0.797725196611934+0i,-0.00656429363912439,fad_c;h_c;nadh_c,fadh2_c;nad_c
FADH2tru,"FADH2 transporter, endoplasmic reticulum","TRANSPORT, ENDOPLASMIC RETICULAR",,0.0105348976789026,0.0162608221335893,0.0136475331286126,0.0663108715970349,-0.277,6.80067223958857e-68,0.119609962535448,-0.626223898789625+0i,-0.00572592445468669,fadh2_c,fadh2_r
FADtru,"FAD transporter, endoplasmic reticulum","TRANSPORT, ENDOPLASMIC RETICULAR",,0.0105348976789026,0.0162608221335893,0.0136475331286126,0.0663108715970349,-0.277,6.80067223958857e-68,0.119609962535448,-0.626223898789625+0i,-0.00572592445468669,fad_r,fad_c
H2Otn,"H2O transport  nuclear","TRANSPORT, NUCLEAR",,-0.908886565999223,-0.903469626615702,0.643805086933568,0.64018006847554,-0.119,4.0148286864684e-13,0.00843766420855067,0.00862414892731426+0i,-0.00541693938352084,h2o_n,h2o_c
HSD3A1r,"3 alpha-hydroxysteroid dehydrogenase (type 3)","STEROID METABOLISM",100762147,0.00917529024633956,0.0145470182087796,0.0132200918933076,0.0652561499772564,0.346,1.593524139316e-105,0.114096805250928,-0.664897764166239+0i,-0.00537172796244,andrstandn_r;h_r;nadh_r,andrstrn_r;nad_r
PCHOL_CHOter,"Phosphatidylcholine scramblase","TRANSPORT, ENDOPLASMIC RETICULAR",,-0.0318832619796882,-0.0270864422799361,0.0260330268207264,0.0150767803093254,0.191,1.16162076616794e-32,0.225495269266039,0.235228326681027+0i,-0.00479681969975207,pchol_cho_c,pchol_cho_r
r0480,"S-Adenosyl-L-methionine:ethanolamine-phosphate N-methyltransferase Glycerophospholipid metabolism EC:2.1.1.103","GLYCEROPHOSPHOLIPID METABOLISM",,-0.00201115633338839,0.00278566336499554,0.0260330268205901,0.0150767803083579,0.1895,3.67020732538203e-32,0.225495269206242,-0.469995694065731+4.53236014182719i,-0.00479681969838393,amet_c;ethamp_c,HC00718_c;ahcys_c;h_c
r0788,"S-Adenosyl-L-methionine:methylethanolamine phosphate N-methyltransferase Glycerophospholipid metabolism EC:2.1.1.103","SPHINGOLIPID METABOLISM",,-0.00201115633338839,0.00278566336499554,0.0260330268205901,0.0150767803083579,0.1895,3.67020732538203e-32,0.225495269206242,-0.469995694065731+4.53236014182719i,-0.00479681969838393,HC00718_c;amet_c,HC01842_c;ahcys_c;h_c
r0789,"S-Adenosyl-L-methionine:phosphodimethylethanolamine N-methyltransferase Glycerophospholipid metabolism EC:2.1.1.103","SPHINGOLIPID METABOLISM",,-0.00201115633338839,0.00278566336499554,0.0260330268205901,0.0150767803083579,0.1895,3.67020732538203e-32,0.225495269206242,-0.469995694065731+4.53236014182719i,-0.00479681969838393,HC01842_c;amet_c,ahcys_c;cholp_c
RE2814R,"RE2814","BILE ACID SYNTHESIS",,-5.34999996068387e-06,0.00432120025401482,8.45063347420477e-06,0.036236196630884,0.5565,7.94179359633995e-272,0.168855080001932,-9.6576774939189+4.53236014182719i,-0.00432655025397551,nad_r;xol27oh_r,h_r;nadh_r;xol7aone_r
XOL7AH2tm,"Lipid, flip-flop intracellular transport","TRANSPORT, MITOCHONDRIAL",,-4.75999998223299e-06,0.00431545025401476,4.99548568734089e-06,0.0362357671841349,0.47,4.23994243943953e-194,0.168609645944567,-9.82433380786383+4.53236014182719i,-0.00432021025399699,xol7ah2_c,xol7ah2_m
ALATA_L,"L-alanine transaminase","GLUTAMATE METABOLISM",100760506 or 100768176,-5.20368707958118,-5.19948842858903,0.309987157572648,0.32655745642793,-0.8945,0,0.0131875410538977,0.0011645239069437+0i,-0.00419865099215677,akg_c;ala__L_c,glu__L_c;pyr_c
GMPS2,"GMP synthase","NUCLEOTIDE INTERCONVERSION",100756126,0.013409154146781,0.0169707654530552,0.0124666564095657,0.0116715265181682,0.1735,4.4558353752155e-27,0.294941880929078,-0.339833403472331+0i,-0.00356161130627416,atp_c;gln__L_c;h2o_c;xmp_c,amp_c;glu__L_c;gmp_c;h_c;ppi_c
THBPT4ACAMDASE,"Tetrahydrobiopterin-4a-carbinolamine dehydratase","TETRAHYDROBIOPTERIN METABOLISM",100767749 or 100762703,0.0507626608459505,0.0541745773992638,0.0154757567639985,0.00840624300489139,-0.144,7.04705821901887e-19,0.273979283815484,-0.093848300839248+0i,-0.00341191655331335,thbpt4acam_c,dhbpt_c;h2o_c
PHETHPTOX2,"L-Phenylalanine,tetrahydrobiopterin:oxygen oxidoreductase (4-hydroxylating)","PHENYLALANINE METABOLISM",100774376,0.0507626608460271,0.0541745773992678,0.0154757567640219,0.00840624300489201,-0.1435,9.41552441894998e-19,0.273979283809323,-0.0938483008371754+0i,-0.00341191655324067,o2_c;phe__L_c;thbpt_c,thbpt4acam_c;tyr__L_c
HPYRRy,"Hydroxypyruvate reductase (NADPH)","GLYOXYLATE AND DICARBOXYLATE METABOLISM",100752744,0.0055740714166147,0.00844792135094859,0.00597441162894519,0.00545949664287407,0.249,5.31163667525952e-55,0.502180027233085,-0.599864916669144+0i,-0.00287384993433389,h_c;hpyr_c;nadph_c,glyc__R_c;nadp_c
H2O2tn,"Hydrogen peroxide nuclear transport","TRANSPORT, NUCLEAR",,-0.454443282999541,-0.451734813307764,0.321902543466843,0.320090034237763,-0.119,4.0148286864684e-13,0.00843766420860151,0.00862414892736871+0i,-0.00270846969177696,h2o2_c,h2o2_n
O2tn,"O2 transport (diffusion), nucleus","TRANSPORT, NUCLEAR",,-0.454443282999541,-0.451734813307764,0.321902543466843,0.320090034237763,-0.119,4.0148286864684e-13,0.00843766420860151,0.00862414892736871+0i,-0.00270846969177696,o2_c,o2_n
PPCOAtm,"Propanoyl-CoA transport, mitochondria","TRANSPORT, MITOCHONDRIAL",,1.99999999378237e-05,0.00186896706349865,3.27125712432789e-13,0.00911985456171955,0.072,2.89735669602628e-05,0.28671885938232,-6.54609733918779+0i,-0.00184896706356083,ppcoa_c,ppcoa_m
DHCRD1_cho,"Dihydroceramide desaturase","SPHINGOLIPID METABOLISM",100753569 or 100771298,0.00258901919367014,0.00342738837831232,0.002057638683849,0.00165227881968898,0.227,7.80305225429749e-46,0.449287122967089,-0.404704021023454+0i,-0.000838369184642175,dhcrm_cho_c;nadp_c,crm_cho_c;h_c;nadph_c
URIDK2r,"Uridylate kinase (dUMP)","NUCLEOTIDES",100758717 or 100755252,-0.00792284373400889,-0.00730958351365353,0.00261226018179108,0.00199200285261044,0.494,2.3683332043555e-214,0.264003238512212,0.116229141086302+0i,-0.000613260220355356,atp_c;dump_c,adp_c;dudp_c
RE1530C,"Thymidine Kinase","PYRIMIDINE SYNTHESIS",,-0.00126423789473373,-0.000650977674855961,0.00261226018205732,0.00199200285246631,0.4925,4.67513745531551e-213,0.264003238296624,0.957587992085889+0i,-0.000613260219877767,dgtp_c;duri_c,dgdp_c;dump_c;h_c
PYNP2r,"Pyrimidine-nucleoside phosphorylase (uracil)","PYRIMIDINE CATABOLISM",100752663 or 100758277,-0.00125423789467182,-0.000640977674839785,0.00261226018190424,0.00199200285247165,0.4925,4.67513745531551e-213,0.264003238286458,0.968464999968433+0i,-0.000613260219832035,pi_c;uri_c,r1p_c;ura_c
RNDR1,"Ribonucleoside-diphosphate reductase (ADP)","NUCLEOTIDE INTERCONVERSION",100761591 and (100768429 or 100752542),0.00542302793986864,0.00602076316327301,0.00261006517896477,0.00199065222816103,0.161,2.03767275573989e-23,0.257520884690504,-0.150847764479144+0i,-0.000597735223404371,adp_c;trdrd_c,dadp_c;h2o_c;trdox_c
PUNP2,"Purine-nucleoside phosphorylase (Deoxyadenosine)","PURINE CATABOLISM",100757729,-0.00126637789754823,-0.000671022675399399,0.00261032523944946,0.00199147362617944,0.092,3.89706613428104e-08,0.256440442363179,0.916274556697563+0i,-0.000595355222148826,dad_2_c;pi_c,2dr1p_c;ade_c
CYTK12,"Cytidylate kinase (dCMP,dCTP)","NUCLEOTIDE INTERCONVERSION",100758717,-0.00609144221112372,-0.00556063291505247,0.0110396166327557,0.00872154153378639,-0.176,7.65704365841007e-28,0.0533566391101632,0.131534740517323+0i,-0.000530809296071252,dcmp_c;dctp_c,dcdp_c
r0783,"Lanosterol D24-reductase Biosynthesis of steroids EC:1.3.1.72","CHOLESTEROL METABOLISM",,0.0105348976789026,0.0107042129829952,0.0136475331286126,0.0530488768985903,-0.294,2.16364267632911e-76,0.00437138288932392,-0.023002424927999+0i,-0.000169315304092638,lthstrl_r;nadp_r,chlstol_r;h_r;nadph_r
NTD8,"5'-nucleotidase (dGMP)","NUCLEOTIDE INTERCONVERSION",100757075 or 100765193,1.13399992852475e-05,2.68649997140548e-05,1.45502655796983e-05,9.1795373064066e-06,0.5235,1.25503283243131e-240,1.27620293687033,-1.24430727334125+0i,-1.55250004288073e-05,dgmp_c;h2o_c,dgsn_c;pi_c
PUNP4,"Purine-nucleoside phosphorylase (Deoxyguanosine)","PURINE CATABOLISM",100757729,1.34000100414774e-06,1.68650001314386e-05,1.45502648285574e-05,9.17953656393401e-06,0.522,2.96127184641416e-239,1.27620290639523,-3.6537263427008+0i,-1.55249991272909e-05,dgsn_c;pi_c,2dr1p_c;gua_c
RNDR2,"Ribonucleoside-diphosphate reductase (GDP)","NUCLEOTIDE INTERCONVERSION",100761591 and (100768429 or 100752542),0.00471618556439377,0.00473171056333464,1.45502648329909e-05,9.1795365010271e-06,0.544,8.74861544454042e-260,1.27620289328266,-0.00474134322360032+0i,-1.55249989408704e-05,gdp_c;trdrd_c,dgdp_c;h2o_c;trdox_c
GK1,"Guanylate kinase (GMP:ATP)","NUCLEOTIDE INTERCONVERSION",100770439,0.0249751035550416,0.0249906285538198,1.45502645330601e-05,9.17953623341688e-06,0.5435,2.61776195136969e-259,1.2762029093264,-0.000896528021212818+0i,-1.55249987782748e-05,atp_c;gmp_c,adp_c;gdp_c
3SALATAi,"3-sulfino-alanine transaminase (irreversible)","METHIONINE AND CYSTEINE METABOLISM",100762297,3.18599987959044e-05,4.62600020201002e-05,2.99497717294637e-05,2.5217660889416e-05,0.2495,3.21394576726126e-55,0.520137239622949,-0.538019116635322+0i,-1.44000032241959e-05,3sala_c;akg_c;h_c,3snpyr_c;glu__L_c
3SPYRSP,"3-sulfinopyruvate hydrolase (spotaneous reaction)","METHIONINE AND CYSTEINE METABOLISM",,3.18599987959044e-05,4.62600020201002e-05,2.99497717294637e-05,2.5217660889416e-05,0.2495,3.21394576726126e-55,0.520137239622949,-0.538019116635322+0i,-1.44000032241959e-05,3snpyr_c;h2o_c,h_c;pyr_c;so3_c
3SALAASPm,"Cysteinesulfinate-aspartate mitochondrial shuttle","TRANSPORT, MITOCHONDRIAL",100766212 or 100768097,-2.81399987955444e-05,-1.37400021751749e-05,2.99497715794476e-05,2.52176637804002e-05,0.249,5.31163667525968e-55,0.520136977875953,1.03424003427526+0i,-1.43999966203695e-05,3sala_m;asp__L_c,3sala_c;asp__L_m
ASPTAm,"Aspartate transaminase","ALANINE AND ASPARTATE METABOLISM",100762838,-2.02299987330704e-05,-8.79500230172123e-06,3.03233700828172e-05,2.51717103958874e-05,0.2405,2.33071011800927e-51,0.410344178563451,1.20174036917102+0i,-1.14349964313491e-05,asp__L_m;akg_m,glu__L_m;oaa_m
CHSTEROLt2,"Cholesterol intracellular transport","TRANSPORT, MITOCHONDRIAL",,4.6499999871688e-06,1.56899999928748e-05,8.45063348604829e-06,8.22543183115959e-06,0.5645,1.1206296739862e-279,1.32393262379483,-1.75454273429851+0i,-1.1040000005706e-05,chsterol_r,chsterol_m
P45027A1m,"Cytochrome P450 27","BILE ACID SYNTHESIS",100751584 and 100751853 and 100773278,4.32999999266656e-06,1.53199999937568e-05,8.23923796787757e-06,8.46956118549841e-06,0.5585,8.86766139337721e-274,1.31534958599976,-1.8229773690537+0i,-1.09900000010902e-05,chsterol_m;h_m;nadph_m;o2_m,h2o_m;nadp_m;xol27oh_m
XAND,"Xanthine dehydrogenase","PURINE CATABOLISM",100766626,1.04100001067022e-05,1.79100000090519e-05,9.9940904022346e-06,6.11969160583377e-06,0.375,7.92364168141785e-124,0.905085573677279,-0.782795254628118+0i,-7.49999990234974e-06,h2o_c;nad_c;xan_c,h_c;nadh_c;urate_c
HXAND,"Hypoxanthine dehydrogenase","NUCLEOTIDE INTERCONVERSION",,7.95000038449616e-06,1.50100000598318e-05,9.79006802746451e-06,8.65663729641964e-06,0.353,8.30037607269296e-110,0.764007483462107,-0.916897147424812+0i,-7.05999967533566e-06,h2o_c;hxan_c;nad_c,h_c;nadh_c;xan_c
PYRt2p,"Pyruvate peroxisomal transport via proton symport","D-ALANINE METABOLISM",100775004 or 100768407,-9.99999999999993e-06,-4.02999999990885e-06,7.11685619344186e-20,9.14882235459692e-06,0.299,5.49120627971336e-79,0.922835162850657,1.31114825616674+0i,-5.97000000009108e-06,h_c;pyr_c,h_x;pyr_x
LACLt,"Lactate transport","TRANSPORT, PEROXISOMAL",,0,5.64500000009117e-06,0,8.99023843924014e-06,0.2835,4.39849295221281e-71,0.887989302361573,-Inf+0i,-5.64500000009117e-06,lac__L_x,lac__L_c
NTD11,"5'-nucleotidase (IMP)","PURINE CATABOLISM",100765193,2.32499995628956e-05,2.86999999626528e-05,1.36576260732068e-05,1.57236642248894e-05,0.2975,3.33364128636795e-78,0.37007060989835,-0.303820045925861+0i,-5.45000039975719e-06,h2o_c;imp_c,ins_c;pi_c
P45027A14m,"5-beta-cytochrome P450, family 27, subfamily A, polypeptide 1","BILE ACID SYNTHESIS",100751584 and 100751853 and 100773278,5.23999996943402e-06,9.93999999320144e-06,4.99548567684723e-06,7.7246252230018e-07,0.506,7.40999171733816e-225,1.31493418514181,-0.923679047453623+0i,-4.70000002376742e-06,h_m;nadph_m;o2_m;xol7ah2_m,h2o_m;nadp_m;xol7ah3_m
r0739,"Alcohol dehydrogenase Bile acid biosynthesis EC:1.1.1.1","BILE ACID SYNTHESIS",100767061,5.24000004136867e-06,9.94000000786097e-06,4.99548574542551e-06,7.72462523439503e-07,0.506,7.40999171733816e-225,1.31493415144254,-0.923679029776013+0i,-4.6999999664923e-06,nad_c;xol7ah3_c,h_c;nadh_c;xol7ah2al_c
r1020,"Postulated transport reaction","TRANSPORT, MITOCHONDRIAL",,5.24000004136867e-06,9.94000000786097e-06,4.99548574542551e-06,7.72462523439503e-07,0.506,7.40999171733816e-225,1.31493415144254,-0.923679029776013+0i,-4.6999999664923e-06,xol7ah3_m,xol7ah3_c
PUNP5,"Purine-nucleoside phosphorylase (Inosine)","PURINE CATABOLISM",100757729,1.71500018645506e-05,2.18300001470968e-05,1.06176166733683e-05,1.30666163121238e-05,0.3015,2.66376183045795e-80,0.393103537022612,-0.348103406801887+0i,-4.67999828254611e-06,ins_c;pi_c,hxan_c;r1p_c
GTHDH,"Glutathione dehydrogenase (dehydroascorbate reductase)","VITAMIN C METABOLISM",100757688 or 100766426 or 100758427,5.03999980820063e-06,9.69499993478675e-06,5.00109023605249e-06,1.72001575205419e-06,0.468,1.86030012448385e-192,1.2447824255133,-0.943817209804995+0i,-4.65500012658612e-06,dhdascb_c;gthrd_c,ascb__L_c;gthox_c
r0743,"Hydroxysteroid (17-beta) dehydrogenase 4 Bile acid biosynthesis EC:1.1.1.35","BILE ACID SYNTHESIS",103161104,5.17000000045795e-06,9.28999999809738e-06,4.99835891071499e-06,2.56889073280607e-06,0.4145,3.97934461749206e-151,1.03678082802348,-0.845514315644458+0i,-4.11999999763943e-06,HC01459_x;nad_x,cholcoaone_x;h_x;nadh_x
r0744,"(24R,25R)-3alpha,7alpha,12alpha,24-tetrahydroxy-5beta-cholestanoyl- CoA hydro-lyase Bile acid biosynthesis EC:4.2.1.107","BILE ACID SYNTHESIS",,5.17000000045795e-06,9.28999999809738e-06,4.99835891071499e-06,2.56889073280607e-06,0.4145,3.97934461749206e-151,1.03678082802348,-0.845514315644458+0i,-4.11999999763943e-06,cholcoads_x;h2o_x,HC01459_x
EX_fe2_e,"Fe2+ exchange","Extracellular exchange",,-9.99999999999993e-06,-6.13500000000001e-06,7.11685619344186e-20,4.87069161602428e-06,0.3865,1.70984140025126e-131,1.12220929787246,0.704864750999168+0i,-3.86499999999991e-06,fe2_e,
P4508B11r,"Sterol 12-alpha-hydroxylase","BILE ACID SYNTHESIS",100770995,5.06499998594146e-06,8.92499999811835e-06,5.00082783154374e-06,3.09825347304674e-06,0.4055,1.14856605368149e-144,0.927934840841237,-0.817289903815541+0i,-3.86000001217689e-06,h_r;nadph_r;o2_r;xol7aone_r,h2o_r;nadp_r;xoldiolone_r
EX_pi_e,"Phosphate exchange","Extracellular exchange",,-0.149451512384424,-0.149447852354327,9.90956628763438e-06,8.6508406631016e-06,0.2005,6.44595294855489e-36,0.393487311873379,3.53316727499424e-05+0i,-3.6600300965528e-06,pi_e,
HISDC,"Histidine decarboxylase","HISTIDINE METABOLISM",100761742 or 100753889,3.99999836507864e-08,3.61999999760615e-06,6.31347081752556e-07,4.80699007136769e-06,0.359,1.51164997367701e-113,1.04426553549611,-6.49984647580253+0i,-3.58000001395536e-06,his__L_c;h_c,co2_c;hista_c
EX_hista_e,"Histamine exchange","Extracellular exchange",,4e-08,3.62000000000001e-06,6.31347210059429e-07,4.80699007454649e-06,0.358,6.41361061598541e-113,1.04426552714778,-6.49984588708321+0i,-3.58000000000001e-06,hista_e,
HIStiDF,"L-histidine transport via diffusion (extracellular to cytosol)","TRANSPORT, EXTRACELLULAR",100769795,0.0539767850889893,0.0539803650866545,6.31347005912548e-07,4.80698691406414e-06,0.3745,1.68645794348258e-123,1.04426552676228,-9.56832386084042e-05+0i,-3.57999766519707e-06,his__L_e,his__L_c
NACASPAH,"N-Acetyl-L-aspartate amidohydrolase","ALANINE AND ASPARTATE METABOLISM",100763612 or 100767695,2.08999988986481e-06,5.05500011697501e-06,4.06696057785672e-06,5.00094799986405e-06,0.2985,1.00274187978007e-78,0.650513101638937,-1.27420825923139+0i,-2.96500022711019e-06,Nacasp_c;h2o_c,ac_c;asp__L_c
ASPNATm,"Aspartate N-acetyltransferase, mitochondrial","ALANINE AND ASPARTATE METABOLISM",100769399,2.08999988986481e-06,5.05500011697477e-06,4.06696057785672e-06,5.00094799986383e-06,0.2985,1.00274187978007e-78,0.650513101638902,-1.27420825923132+0i,-2.96500022710996e-06,accoa_m;asp__L_m,Nacasp_m;coa_m;h_m
NACASPtm,"N-acetyl-L-aspartate transport (mitochondria to cytosol)","TRANSPORT, MITOCHONDRIAL",,2.08999988986481e-06,5.05500011697477e-06,4.06696057785672e-06,5.00094799986383e-06,0.2985,1.00274187978007e-78,0.650513101638902,-1.27420825923132+0i,-2.96500022710996e-06,Nacasp_m,Nacasp_c
CAt7r,"Calcium / sodium antiporter (1:3), reversible","TRANSPORT, EXTRACELLULAR",100765404 or 100760799 or 100765653,-9.71000118977765e-06,-7.220000063191e-06,3.36473974302114e-06,9.71178406358315e-06,0.0745,1.38481593888819e-05,0.342609882779258,0.427472622680342+0i,-2.49000112658665e-06,ca2_c;na1_e,ca2_e;na1_c
NCNt,"Na+/Ca2+-NH4+ exchange","TRANSPORT, EXTRACELLULAR",100773154 or 100758236,-9.71000118977765e-06,-7.22000013717271e-06,3.36473974302114e-06,9.71178408477078e-06,0.074,1.60838280402185e-05,0.342609871932452,0.427472607897372+0i,-2.49000105260494e-06,ca2_e;na1_c;nh4_e,ca2_c;na1_e;nh4_c
PUNP6,"Purine-nucleoside phosphorylase (Deoxyinosine)","PURINE CATABOLISM",100757729,-9.20000165194191e-06,-6.82000011329785e-06,5.15491678402605e-06,1.03315517933115e-05,0.0675,0.000102689293143373,0.291510461526616,0.431862357002019+0i,-2.38000153864405e-06,din_c;pi_c,2dr1p_c;hxan_c
EX_hco3_e,"EX hco3 LPAREN e RPAREN ","Extracellular exchange",,0,2.18e-06,0,4.12990654422496e-06,0.218,2.50139994605867e-42,0.746502501439031,-Inf+0i,-2.18e-06,hco3_e,
BILGLCURt,"Bilirubin monoglucuronide transport via bicarbonate countertransport","TRANSPORT, EXTRACELLULAR",100774298,-1.9999999664276e-05,-1.78199999785222e-05,1.75506780158787e-11,4.12990653417107e-06,0.218,2.50139994605867e-42,0.746502395641511,0.166502640661623+0i,-2.17999968575377e-06,bilglcur_e;hco3_c,bilglcur_c;hco3_e
DM_13_cis_retn_n,"13-cis-retinoate demand","Intracellular demand",,3.5e-08,2.13500001638136e-06,5.90719455187798e-07,4.09880165945384e-06,0.212,4.53604682044912e-40,0.717155476282922,-5.93073734863235+0i,-2.10000001638136e-06,13_cis_retn_n,
RAtn3,"13-cis-retinoic acid transport, nuclear","TRANSPORT, NUCLEAR",,3.5e-08,2.13500001638136e-06,5.90719455187798e-07,4.09880165945384e-06,0.212,4.53604682044912e-40,0.717155476282922,-5.93073734863235+0i,-2.10000001638136e-06,13_cis_retn_c,13_cis_retn_n
r0835,"Mitochondrial Carrier (MC) TCDB:2.A.29.2.2","TRANSPORT, MITOCHONDRIAL",,8.06500000000001e-06,9.94499999999993e-06,5.45166353672517e-06,1.02347386355231e-06,0.12,2.47998984433489e-13,0.479316376447823,-0.30229683767809+0i,-1.87999999999992e-06,HC00319_c;so4_m,HC00319_m;so4_c
ATPH1e,"ATP diphosphohydrolase","NUCLEOTIDE INTERCONVERSION",100772668 or 100771642 or 100751454 or 100762593 or 100765414,5.68000019168642e-06,7.51000006445554e-06,4.95478320359001e-06,4.32541962686496e-06,0.1875,1.67776529619277e-31,0.393484073887957,-0.402921941704196+0i,-1.82999987276912e-06,atp_e;h2o_e,amp_e;h_e;pi_e
ACt2m,"Acetate mitochondrial transport via proton symport","TRANSPORT, MITOCHONDRIAL",100775004,5.67499740827431e-06,7.44499956988367e-06,4.95546881424418e-06,4.36251041867585e-06,0.178,1.83775766809747e-28,0.379144259547597,-0.391652031922785+0i,-1.77000216160937e-06,ac_c;h_c,ac_m;h_m
ADSL1r,"Adenylsuccinate lyase","NUCLEOTIDE INTERCONVERSION",100689060,0.027336936920075,0.0273385469208246,1.13125505771097e-05,1.37869114157139e-05,0.1185,5.10057382204122e-13,0.127670780768606,-8.49645923469097e-05+0i,-1.61000074960782e-06,dcamp_c,amp_c;fum_c
ADSS,"Adenylosuccinate synthase","NUCLEOTIDE INTERCONVERSION",100767083 or 100751825,0.027336936920075,0.0273385469208246,1.13125505771097e-05,1.37869114157139e-05,0.1185,5.10057382204122e-13,0.127670780768606,-8.49645923469097e-05+0i,-1.61000074960782e-06,asp__L_c;gtp_c;imp_c,dcamp_c;gdp_c;h_c;pi_c
RETNt,"Retinoic acid transport","TRANSPORT, EXTRACELLULAR",,-9.99500007682675e-06,-8.56000000864927e-06,2.2360679948193e-07,3.51177535689078e-06,0.1435,9.41552441894938e-19,0.576715456457268,0.223595779975043+0i,-1.43500006817749e-06,retn_c,retn_e
EX_retn_e,"Retinoate exchange","Extracellular exchange",,-9.99499999999993e-06,-8.55999999999999e-06,2.23606797749978e-07,3.5117753748128e-06,0.1435,9.41552441894938e-19,0.576715426143946,0.223595770343472+0i,-1.43499999999994e-06,retn_e,
EX_h2o2_e,"Hydrogen peroxide exchange","Extracellular exchange",,2e-08,1.255e-06,4.46877891515078e-07,3.31367850471593e-06,0.1235,4.45043718099413e-14,0.522345487599473,-5.97154355395077+0i,-1.235e-06,h2o2_e,
ATP1ter,"ADP/ATP transporter, endoplasmic reticulum","TRANSPORT, ENDOPLASMIC RETICULAR",,8.99989415284894e-08,1.30999984560957e-06,9.44638789462769e-07,3.37484737035703e-06,0.127,7.60166112470779e-15,0.492313464732383,-3.86351479740565+0i,-1.22000090408108e-06,adp_r;atp_c,adp_c;atp_r
VLCS2r,"Very-long-chain-fatty-acid-CoA ligase","BILE ACID SYNTHESIS",100754190,8.99999961723135e-08,1.30999999772175e-06,9.44640723864819e-07,3.37484736807207e-06,0.1265,9.81439668607317e-15,0.492313027591501,-3.86349805894372+0i,-1.22000000154944e-06,atp_r;coa_r;dhcholestanate_r,amp_r;dhcholestancoa_r;ppi_r
r1011,"Transport reaction","TRANSPORT, ENDOPLASMIC RETICULAR",,8.99999961723135e-08,1.30999999772175e-06,9.44640723864819e-07,3.37484736807207e-06,0.1265,9.81439668607317e-15,0.492313027591501,-3.86349805894372+0i,-1.22000000154944e-06,dhcholestanate_c,dhcholestanate_r
r1012,"Postulated transport reaction","TRANSPORT, PEROXISOMAL",,8.99999961723135e-08,1.30999999772175e-06,9.44640723864819e-07,3.37484736807207e-06,0.1265,9.81439668607317e-15,0.492313027591501,-3.86349805894372+0i,-1.22000000154944e-06,atp_r;dhcholestancoa_r;h2o_r,adp_r;dhcholestancoa_x;h_r;pi_r
AMPtp,"AMP transporter, peroxisome","TRANSPORT, PEROXISOMAL",,-1.9909999804338e-05,-1.86899999266366e-05,9.44640745396622e-07,3.37484734588475e-06,0.124,3.46795720100408e-14,0.492312979800601,0.0912266434604887+0i,-1.21999987770138e-06,amp_c,amp_x
G5SADs,"L-glutamate 5-semialdehyde dehydratase (spontaneous)","ARGININE AND PROLINE METABOLISM",s0001,0.0434934994746473,0.0434943694691972,1.41102639743418e-06,4.38960536778676e-06,0.207,3.09463897399013e-38,0.266841682889317,-2.8857743914886e-05+0i,-8.69994549942965e-07,glu5sa_c,1pyr5c_c;h2o_c;h_c
GLU5SAtmc,"Glutamate semi-aldehyde transport, mitochondrial","TRANSPORT, MITOCHONDRIAL",,0.0434934994746473,0.0434943694691972,1.41102639743418e-06,4.38960536778676e-06,0.207,3.09463897399013e-38,0.266841682889317,-2.8857743914886e-05+0i,-8.69994549942965e-07,glu5sa_m,glu5sa_c
r1318,"Transport reaction","TRANSPORT, ENDOPLASMIC RETICULAR",,-9.96000019097439e-06,-9.20000005568942e-06,6.31342685134369e-07,2.71361029211442e-06,0.079,3.44127652786621e-06,0.385775081538871,0.114511900053217+0i,-7.60000135284966e-07,lnlccoa_c,lnlccoa_r
HSD3B7P,"Hydroxy-delta-5-steroid dehydrogenase, 3 beta- and steroid delta-isomerase 7","BILE ACID SYNTHESIS",100754260,1.02999999080826e-06,1.75999999892413e-06,4.42141087078656e-06,5.667314989512e-06,0.0485,0.00872719415138113,0.143624933099977,-0.772931103446806+0i,-7.30000008115865e-07,nadp_r;xol7a_r,h_r;nadph_r;xol7aone_r
ATP2ter,"AMP/ATP transporter, endoplasmic reticulum","TRANSPORT, ENDOPLASMIC RETICULAR",,2.00499988897897e-05,2.05099997104162e-05,1.13936388967064e-06,4.18911375471796e-06,0.123,5.70550287679838e-14,0.149849229905995,-0.0327253146529745+0i,-4.60000820626515e-07,amp_r;atp_c,amp_c;atp_r
r0836,"Mitochondrial Carrier (MC) TCDB:2.A.29.2.2","TRANSPORT, MITOCHONDRIAL",,-2e-07,2e-08,3.51655841577327e-06,5.4749417799413e-07,0.0715,3.3481959673366e-05,0.0874216674961214,3.32192809488736+4.53236014182719i,-2.2e-07,HC00319_c;so3_m,HC00319_m;so3_c
PGK,"Phosphoglycerate kinase","GLYCOLYSIS/GLUCONEOGENESIS",100689467 or 100755186,-14.6110332644682,-14.6110332478407,4.87216837635757e-11,5.26434119367383e-07,0.0845,5.61732084523949e-07,0.0446681153236794,1.64179996921406e-09+0i,-1.6627488719223e-08,3pg_c;atp_c,13dpg_c;adp_c
PGM,"Phosphoglycerate mutase","GLYCOLYSIS/GLUCONEOGENESIS",(100766080 and (100770062 or 100761944)) or (100770062 and 100761944) or 100766080 or 100770062 or 100761944 or 100757548,-14.6110332644679,-14.6110332478406,4.81852463813262e-11,5.2643411703657e-07,0.0865,2.81933975582031e-07,0.0446675381126469,1.64177882659915e-09+0i,-1.66272737800455e-08,2pg_c,3pg_c
CTPS2,"CTP synthase (glutamine)","PYRIMIDINE SYNTHESIS",100758964 or 100689101,0.0238361155474315,0.0238361255296429,6.86393597217006e-12,3.16119429256502e-07,0.141,3.9487750726753e-18,0.0446571059675181,-6.0417914792303e-07+0i,-9.98221147754941e-09,atp_c;gln__L_c;h2o_c;utp_c,adp_c;ctp_c;glu__L_c;h_c;pi_c
DHORD9,"Dihydoorotic acid dehydrogenase (quinone10)","PYRIMIDINE SYNTHESIS",100756632,0.047309502476535,0.0473095124575573,3.70929913884135e-12,3.16090152158957e-07,0.124,3.46795720100408e-14,0.0446559218175751,-3.04369505625869e-07+0i,-9.98102231419828e-09,dhor__S_c;q10_m,orot_c;q10h2_m
OMPDC,"Orotidine-5'-phosphate decarboxylase","PYRIMIDINE SYNTHESIS",100756786,0.0472995024765352,0.0472995124575575,3.70929913534288e-12,3.16090152158957e-07,0.124,3.46795720100408e-14,0.044655921631304,-3.04433853668485e-07+0i,-9.98102227256492e-09,h_c;orot5p_c,co2_c;ump_c
ASPCT,"Aspartate carbamoyltransferase","PYRIMIDINE SYNTHESIS",100689232,0.047319502476557,0.0473195124575603,3.75294070781468e-12,3.16090152066295e-07,0.1225,7.30714102952865e-14,0.0446558363631935,-3.04304600987784e-07+0i,-9.98100321142337e-09,asp__L_c;cbp_c,cbasp_c;h_c;pi_c
CBPS,"Carbamoyl-phosphate synthase (glutamine-hydrolysing)","PYRIMIDINE SYNTHESIS",100689232,0.047319502476557,0.0473195124575603,3.75294070781468e-12,3.16090152066295e-07,0.1225,7.30714102952865e-14,0.0446558363631935,-3.04304600987784e-07+0i,-9.98100321142337e-09,atp_c;gln__L_c;h2o_c;hco3_c,adp_c;cbp_c;glu__L_c;h_c;pi_c
PRPPS,"Phosphoribosylpyrophosphate synthetase","PENTOSE PHOSPHATE PATHWAY",100767893 or 100759137 or 100759532,0.0996755029536808,0.0996755129324801,1.71646925527401e-11,3.1602500548369e-07,-0.131,9.49534498692092e-16,0.0446551794969356,-1.44432314663302e-07+0i,-9.97879934239165e-09,atp_c;r5p_c,amp_c;h_c;prpp_c
HMGLm,"Hydroxymethylglutaryl-CoA lyase","CHOLESTEROL METABOLISM",100755385,0.345335605857764,0.345335605888263,3.38556459140515e-11,1.03213640135462e-09,-0.194,1.1323852484293e-33,0.0417664447578731,-1.27413726453662e-10+0i,-3.04988256871752e-11,hmgcoa_m,acac_m;accoa_m
OCOAT1m,"3-oxoacid CoA-transferase","VALINE, LEUCINE, AND ISOLEUCINE METABOLISM",100766113 or 100771204 or 100772647,0.345355605859993,0.345355605889168,2.79793928609798e-11,1.03209300830712e-09,-0.189,5.37473788043758e-32,0.0399627806929143,-1.21878525797242e-10+0i,-2.91755508641245e-11,acac_m;succoa_m,aacoa_m;succ_m
Htg,"Proton transport, Golgi","TRANSPORT, GOLGI APPARATUS",,1.00000005046622e-05,1.00000260090647e-05,8.3854557534298e-11,8.59418005451247e-10,0.0495,0.00716286665266425,0.0417703587528819,-3.67950263228798e-06+0i,-2.55044025653027e-11,h_g,h_c
SPTc,"Serine-pyruvate aminotransferase","GLYCINE, SERINE, ALANINE AND THREONINE METABOLISM",,0.0119743746867666,0.0119743747067097,3.37429381784537e-11,7.13809768010968e-10,-0.1085,4.95158169576073e-11,0.0394676113211609,-2.40278402892387e-09+0i,-1.99431166025832e-11,pyr_c;ser__L_c,ala__L_c;hpyr_c
HMGCOAtm,"Hydroxymethylglutaryl CoA reversible mitochondrial transport","TRANSPORT, MITOCHONDRIAL",,-0.414956398383319,-0.414956398363623,3.27477532945607e-11,6.98538669054072e-10,-0.175,1.55353630539101e-27,0.0398304622859786,6.84761246012722e-11+0i,-1.9695522990304e-11,hmgcoa_c,hmgcoa_m
ECOAR,"Trans-2-enoyl-CoA reductase (18:0) (NADPH)","FATTY ACID SYNTHESIS",,1.25135751859779e-13,1.91205617562653e-11,3.86957941476934e-12,6.82803290556561e-11,0.0730000000000001,2.16307251227319e-05,0.392800592153601,-7.25548706665147+0i,-1.89954260044055e-11,h_c;nadph_c;od2coa_c,nadp_c;stcoa_c
ARTFR13_cho,"R group artificial flux","R GROUP SYNTHESIS",,0.133763088168469,0.133763088187261,1.91292793264782e-11,1.89846179038586e-10,0.179,8.94902347584108e-29,0.139281189747822,-2.02680154225306e-10+0i,-1.87919957372884e-11,tdcoa_c,R1coa_cho_c;coa_m
FA140ACPHi,"Fatty-acyl-ACP hydrolase","FATTY ACID OXIDATION",100689207,0.13376308816852,0.13376308818725,1.8970144511837e-11,1.89847401310992e-10,0.1775,2.62958977621226e-28,0.138835585531167,-2.02016083910972e-10+0i,-1.87304338705729e-11,h2o_c;myrsACP_c,ACP_c;h_c;ttdca_c
RTOT1_cho,"R total flux","R GROUP SYNTHESIS",,0.10600474636598,0.106004746382919,1.81512025383539e-11,1.54002177489574e-10,0.1795,6.23537834273728e-29,0.154480945622604,-2.30532345966907e-10+0i,-1.69387975867963e-11,R1coa_cho_c,Rtotalcoa_c
NTD4e,"5'-nucleotidase (CMP), extracellular","NUCLEOTIDE INTERCONVERSION",,0,1.53582179004454e-11,0,5.71604502124577e-11,0.0675,0.000102689293143373,0.379979513246686,-Inf+0i,-1.53582179004454e-11,cmp_e;h2o_e,cytd_e;pi_e
H2Otg,"H2O transport, Golgi apparatus","TRANSPORT, GOLGI APPARATUS",,-8.88109143750037e-13,1.24403501882374e-11,3.67293937880843e-11,4.11303239975777e-10,0.048,0.00961860265507769,0.0456465592207207,-3.80814630000607+4.53236014182719i,-1.33284593319875e-11,h2o_c,h2o_g
ACOAD8m,"Isovaleryl-coa dehydrogenase","VALINE, LEUCINE, AND ISOLEUCINE METABOLISM",100759847 or 100763159,0.760292004241462,0.760292004251943,4.50185406181651e-13,3.33608617534576e-10,-0.186,5.18998246408554e-31,0.0444329931147657,-1.98894344770232e-11+0i,-1.04816155754861e-11,fad_m;ivcoa_m,3mb2coa_m;fadh2_m
MCCCrm,"Methylcrotonoyl-CoA carboxylase, mitochondrial","VALINE, LEUCINE, AND ISOLEUCINE METABOLISM",100771229 and 100756739,0.760292004241462,0.760292004251943,4.50185406181651e-13,3.33608617534576e-10,-0.186,5.18998246408554e-31,0.0444329931147657,-1.98894344770232e-11+0i,-1.04816155754861e-11,3mb2coa_m;atp_m;hco3_m,3mgcoa_m;adp_m;h_m;pi_m
MGCHrm,"Methylglutaconyl-coa hydratase","VALINE, LEUCINE, AND ISOLEUCINE METABOLISM",100774025,0.760292004241462,0.760292004251943,4.50185406181651e-13,3.33608617534576e-10,-0.186,5.18998246408554e-31,0.0444329931147657,-1.98894344770232e-11+0i,-1.04816155754861e-11,3mgcoa_m;h2o_m,hmgcoa_m
2OXOADPTm,"2-oxoadipate shuttle (cytosol/mitochondria)","TRYPTOPHAN METABOLISM",100756680,0.793337732977776,0.793337732987757,2.60410397008129e-12,3.2230595479394e-10,-0.188,1.14915230818397e-31,0.0437952055153516,-1.81514154273555e-11+0i,-9.98146010289247e-12,2oxoadp_c;akg_m,2oxoadp_m;akg_c
GLUTCOADHm,"Glutaryl-CoA dehydrogenase (mitochondria)","TRYPTOPHAN METABOLISM",100757019,0.793337732977776,0.793337732987757,2.60410397008129e-12,3.2230595479394e-10,-0.188,1.14915230818397e-31,0.0437952055153516,-1.81514154273555e-11+0i,-9.98146010289247e-12,fad_m;glutcoa_m;h_m,b2coa_m;co2_m;fadh2_m
AASAD3,"L-aminoadipate-semialdehyde dehydrogenase (NADH)","LYSINE METABOLISM",100756509,0.782535346933003,0.782535346942411,2.41290755355909e-12,3.02651694215988e-10,-0.1825,6.98544761805797e-30,0.0439619831761815,-1.73455934903109e-11+0i,-9.40847399988343e-12,L2aadp6sa_c;h2o_c;nad_c,L2aadp_c;h_c;nadh_c
SACCD3m,"Saccharopine dehydrogenase (NADP, L-lysine forming), mitochondrial","LYSINE METABOLISM",100751161,0.78253534693306,0.782535346942415,2.82399010015126e-12,3.02651621618124e-10,-0.1825,6.98544761805797e-30,0.0437114366524358,-1.72469279539922e-11+0i,-9.35496125009649e-12,akg_m;h_m;lys__L_m;nadph_m,h2o_m;nadp_m;saccrp__L_m
r0525,"N6-(L-1,3-Dicarboxypropyl)-L-lysine:NAD+ oxidoreductase; N6-(L-1,3-Dicarboxypropyl)-L-lysine:NAD+ oxidoreductase (L-glutamate-forming) Lysine degradation EC:1.5.1.9","LYSINE METABOLISM",,0.78253534693306,0.782535346942415,2.82399010015126e-12,3.02651621618124e-10,-0.1825,6.98544761805797e-30,0.0437114366524358,-1.72469279539922e-11+0i,-9.35496125009649e-12,h2o_m;nad_m;saccrp__L_m,L2aadp6sa_m;glu__L_m;h_m;nadh_m
LYStm,"Lysine mitochondrial transport via ornithine carrier","TRANSPORT, MITOCHONDRIAL",100773024 or 100758204,0.78253534693306,0.782535346942415,2.82399010015126e-12,3.02651621618124e-10,-0.1825,6.98544761805797e-30,0.0437114366524358,-1.72469279539922e-11+0i,-9.35496125009649e-12,h_m;lys__L_c,h_c;lys__L_m
VALt5m,"Valine reversible mitochondrial transport","TRANSPORT, MITOCHONDRIAL",,0.22431232243519,0.224312322443108,3.0659535097042e-13,2.51890066125924e-10,-0.1835,3.34043615321598e-30,0.0444521969231962,-5.09226287334918e-11+0i,-7.91752774453869e-12,val__L_c,val__L_m
VALTAim,"Valine transaminase  mitochondiral","VALINE, LEUCINE, AND ISOLEUCINE METABOLISM",100752344,0.22431232243519,0.224312322443108,3.0659535097042e-13,2.51890066125924e-10,-0.1835,3.34043615321598e-30,0.0444521969231962,-5.09226287334918e-11+0i,-7.91752774453869e-12,akg_m;val__L_m,3mob_m;glu__L_m
3HBCOAHLm,"3-hydroxyisobutyryl-CoA hydrolase, mitochondrial","VALINE, LEUCINE, AND ISOLEUCINE METABOLISM",100759780,0.224312322435194,0.224312322443109,3.45899335223129e-13,2.51890023863461e-10,-0.183,4.8330084472662e-30,0.0444400405797137,-5.09086938281997e-11+0i,-7.91536280964067e-12,3hibutcoa_m;h2o_m,3hmp_m;coa_m;h_m
ACOAD9m,"2-methylacyl-coa dehydrogenase, 2-Methylprop-2-enoyl-CoA forming","VALINE, LEUCINE, AND ISOLEUCINE METABOLISM",100751213 or 100766828,0.224312322435194,0.224312322443109,3.45899335223129e-13,2.51890023863461e-10,-0.183,4.8330084472662e-30,0.0444400405797137,-5.09086938281997e-11+0i,-7.91536280964067e-12,fad_m;ibcoa_m,2mp2coa_m;fadh2_m
ECOAH12m,"Enoyl-coa hydratase, 3-Hydroxyisobutyryl-CoA forming","VALINE, LEUCINE, AND ISOLEUCINE METABOLISM",100754654 or (100757947 and 100758239) or 100754698,0.224312322435194,0.224312322443109,3.45899335223129e-13,2.51890023863461e-10,-0.183,4.8330084472662e-30,0.0444400405797137,-5.09086938281997e-11+0i,-7.91536280964067e-12,2mp2coa_m;h2o_m,3hibutcoa_m
HIBDm,"3-hydroxyisobutyrate dehydrogenase, mitochondrial","VALINE, LEUCINE, AND ISOLEUCINE METABOLISM",100760581,0.224312322435194,0.224312322443109,3.45899335223129e-13,2.51890023863461e-10,-0.183,4.8330084472662e-30,0.0444400405797137,-5.09086938281997e-11+0i,-7.91536280964067e-12,3hmp_m;nad_m,2mop_m;h_m;nadh_m
MMTSADm,"Malonate-semialdehyde dehydrogenase (acetylating), mitochondrial","VALINE, LEUCINE, AND ISOLEUCINE METABOLISM",,0.224312322435294,0.224312322443124,6.39815153867191e-12,2.51892553415017e-10,-0.183,4.8330084472662e-30,0.0439467533117507,-5.03602672107273e-11+0i,-7.83009768134946e-12,2mop_m;coa_m;nad_m,h_m;nadh_m;mmcoa__R_m
34HPPOR,"4 Hydroxyphenylpyruvateoxygen oxidoreductase","TYROSINE METABOLISM",100768220,0.0996191671248577,0.0996191671326097,8.11114735188673e-13,2.48257853079045e-10,-0.1845,1.5909676153575e-30,0.0441593918664738,-1.12265203029838e-10+0i,-7.75199349156708e-12,34hpp_c;o2_c,co2_c;hgentis_c
FUMAC,"Fumarylacetoacetase","TYROSINE METABOLISM",100757944,0.0996191671248577,0.0996191671326097,8.11114735188673e-13,2.48257853079045e-10,-0.1845,1.5909676153575e-30,0.0441593918664738,-1.12265203029838e-10+0i,-7.75199349156708e-12,4fumacac_c;h2o_c,acac_c;fum_c;h_c
HGNTOR,"Homogentisateoxygen 1 2 oxidoreductase  decyclizing ","TYROSINE METABOLISM",100762426,0.0996191671248577,0.0996191671326097,8.11114735188673e-13,2.48257853079045e-10,-0.1845,1.5909676153575e-30,0.0441593918664738,-1.12265203029838e-10+0i,-7.75199349156708e-12,hgentis_c;o2_c,4mlacac_c;h_c
MACACI,"Maleylacetoacetate isomerase","TYROSINE METABOLISM",100764455,0.0996191671248577,0.0996191671326097,8.11114735188673e-13,2.48257853079045e-10,-0.1845,1.5909676153575e-30,0.0441593918664738,-1.12265203029838e-10+0i,-7.75199349156708e-12,4mlacac_c,4fumacac_c
TYRTA,"Tyrosine transaminase","TYROSINE METABOLISM",100762297 or 100750547,0.099619167125049,0.0996191671326254,3.90156042362287e-12,2.4825785226014e-10,-0.1855,7.54690238834389e-31,0.0431540882811194,-1.09722323070914e-10+0i,-7.57641172022261e-12,akg_c;tyr__L_c,34hpp_c;glu__L_c
ORNTArm,"L-Ornithine:2-oxo-acid aminotransferase","UREA CYCLE",100771896,-0.13855433679809,-0.138554336790783,2.97409479977483e-11,1.92807970060637e-10,-0.1565,3.6294545524957e-22,0.0529696593554711,7.60849032327522e-11+0i,-7.30707161444855e-12,akg_m;orn_m,glu5sa_m;glu__L_m
ADSK,"Adenylyl-sulfate kinase","NUCLEOTIDE INTERCONVERSION",100762413 or 100764888,3.99999972584652e-05,4.00000040324142e-05,2.40919545449462e-11,1.47367139060123e-10,-0.0915,4.68872097323941e-08,0.0641547587138992,-2.44318563103125e-07+0i,-6.77394903678911e-12,atp_c;aps_c,adp_c;h_c;paps_c
CYSTA,"Cysteine transaminase","METHIONINE AND CYSTEINE METABOLISM",100762297,5.99999976866086e-05,6.0000004201629e-05,1.77226181447987e-11,1.47356998070175e-10,-0.066,0.000153752113890086,0.0620785426398155,-1.56653126330631e-07+0i,-6.51502047026731e-12,akg_c;cys__L_c,glu__L_c;mercppyr_c
r0595,"3-Mercaptopyruvate:cyanide sulfurtransferase Cysteine metabolism EC:2.8.1.2","CYSTEINE METABOLISM",100763920,4.99999976866086e-05,5.00000042016079e-05,1.77226181449662e-11,1.47356998672126e-10,-0.169,9.95673436918601e-26,0.0620783404863094,-1.87983139573047e-07+0i,-6.51499928089111e-12,h_c;mercppyr_c;so3_c,HC01501_c;pyr_c
r0795,"Spontaneous reaction","UNASSIGNED",,4.99999976866086e-05,5.00000042016079e-05,1.77226181449631e-11,1.47356998672152e-10,-0.169,9.95673436918601e-26,0.062078340486299,-1.87983139573047e-07+0i,-6.51499928089111e-12,HC01501_c;h2o_c,HC00250_c;h_c;so4_c
BPNT,"3',5'-bisphosphate nucleotidase","NUCLEOTIDE INTERCONVERSION",100774047,3.99999977142086e-05,4.00000040438562e-05,2.21740418519681e-11,1.47364918700802e-10,-0.38,3.92956841498139e-127,0.0600673888720981,-2.28293774332668e-07+0i,-6.32964758081125e-12,h2o_c;pap_c,amp_c;pi_c
SADT,"Sulfate adenylyltransferase","NUCLEOTIDE INTERCONVERSION",100762413 or 100764888,3.99999977383482e-05,4.00000040503276e-05,2.21508856278164e-11,1.47364468925499e-10,-0.0964999999999999,7.05004827001817e-09,0.0599012840374096,-2.27656531173158e-07+0i,-6.31197944931348e-12,atp_c;h_c;so4_c,aps_c;ppi_c
UDPG4E,"UDPglucose 4-epimerase","GALACTOSE METABOLISM",100759306,1.99999999996638e-05,2.0000005437909e-05,4.2773032715453e-13,1.7185181929143e-10,-0.104,3.40275953808747e-10,0.044752603285133,-3.92286415618121e-07+0i,-5.43824519785982e-12,udpg_c,udpgal_c
3MOPt2im,"3-Methyl-2-oxopentanoate mitochondrial transport via proton symport","TRANSPORT, MITOCHONDRIAL",,0.876475332078584,0.876475332083988,2.09285923690929e-13,1.71898978646939e-10,-0.1835,3.34043615321607e-30,0.04445786955528,-8.8949543731703e-12+0i,-5.40389955006049e-12,3mop_c;h_c,3mop_m;h_m
ILETA,"Isoleucine transaminase","VALINE, LEUCINE, AND ISOLEUCINE METABOLISM",100763658,0.876475332078584,0.876475332083988,2.09285403885729e-13,1.71898978646939e-10,-0.1835,3.34043615321607e-30,0.0444578695554437,-8.8949543731703e-12+0i,-5.40389955006049e-12,akg_c;ile__L_c,3mop_c;glu__L_c
ACACT10m,"Acetyl-CoA C-acyltransferase","VALINE, LEUCINE, AND ISOLEUCINE METABOLISM",100770936,0.876485332078596,0.876485332084,2.09380782640598e-13,1.71898978760876e-10,-0.1835,3.34043615321607e-30,0.0444533025947684,-8.89383317389396e-12+0i,-5.40334443854817e-12,2maacoa_m;coa_m,accoa_m;ppcoa_m
ACOAD10m,"2-methylacyl-coa dehydrogenase, trans-2-Methylbut-2-enoyl-CoA forming","VALINE, LEUCINE, AND ISOLEUCINE METABOLISM",100766828 or 100774097 or 100763159,0.876485332078596,0.876485332084,2.09380782640598e-13,1.71898978760876e-10,-0.1835,3.34043615321607e-30,0.0444533025947684,-8.89383317389396e-12+0i,-5.40334443854817e-12,2mbcoa_m;fad_m,2mb2coa_m;fadh2_m
ECOAH9m,"Enoyl-coa hydratase, 3-Hydroxy-2-methylbutyryl-CoA forming","VALINE, LEUCINE, AND ISOLEUCINE METABOLISM",100754654 or (100757947 and 100758239) or 100754698,0.876485332078596,0.876485332084,2.09380782640598e-13,1.71898978760876e-10,-0.1835,3.34043615321607e-30,0.0444533025947684,-8.89383317389396e-12+0i,-5.40334443854817e-12,2mb2coa_m;h2o_m,3hmbcoa_m
HACD9m,"(2S,3S)-3-hydroxy-2-methylbutanoyl-CoA:NAD+ oxidoreductase","VALINE, LEUCINE, AND ISOLEUCINE METABOLISM",100757689,0.876485332078596,0.876485332084,2.09380782640598e-13,1.71898978760876e-10,-0.1835,3.34043615321607e-30,0.0444533025947684,-8.89383317389396e-12+0i,-5.40334443854817e-12,3hmbcoa_m;nad_m,2maacoa_m;h_m;nadh_m
r0398,"NADPH:6,7-dihydropteridine oxidoreductase Folate biosynthesis EC:1.5.1.34","TETRAHYDROBIOPTERIN METABOLISM",,0.0554783178644356,0.0554783178690789,2.46269168573713e-12,1.45782263109608e-10,-0.184,2.30648749210449e-30,0.0450374468761124,-1.20747075555999e-10+0i,-4.64328575588979e-12,dhbpt_c;h_c;nadph_c,nadp_c;thbpt_c
CYSO,"Cysteine oxidase","TAURINE AND HYPOTAURINE METABOLISM",100760315,0.000100000000087045,0.000100000004674453,2.01780645446251e-12,1.4730168605855e-10,-0.07,5.1358392867545e-05,0.0440386376485914,-6.61823018413878e-08+0i,-4.58740769709084e-12,cys__L_c;o2_c,3sala_c;h_c
ACACT1r,"Acetyl-CoA C-acetyltransferase","TRYPTOPHAN METABOLISM",100760000,-0.345320261427677,-0.345320261423156,2.59941490140777e-11,2.384962324591e-10,-0.15,2.01292675544192e-20,0.0266454547764473,1.88845195825157e-11+0i,-4.52016202245886e-12,accoa_c,aacoa_c;coa_c
PAPStg,"3'-Phosphoadenylyl sufate Golgi transport","TRANSPORT, GOLGI APPARATUS",100758269,1.00000004840708e-05,1.0000004590785e-05,1.02124879644814e-11,1.47305502480167e-10,-0.462,1.42637486724692e-187,0.0393322959535311,-5.92473469926158e-07+0i,-4.10671419390034e-12,paps_c,paps_g
PAPtg,"Adenosine 3',5'-bisphosphate Golgi transport","TRANSPORT, GOLGI APPARATUS",,1.00000004840495e-05,1.00000045906462e-05,1.0212488662447e-11,1.47305506212598e-10,-0.435,2.26565223260707e-166,0.0393311700198714,-5.92456524754022e-07+0i,-4.10659673922968e-12,pap_g,pap_c
GLYCLm,"Glycine cleavage system  mitochondrial","GLYCINE, SERINE, AND THREONINE METABOLISM",(100763091 and 100689437 and 100765652) or (100763091 and 100774281 and 100765652),0.345540454155877,0.345540454159931,2.38963035261328e-11,1.51781048323932e-10,-0.12,2.47998984433489e-13,0.0373131704375625,-1.69261047896314e-11+0i,-4.05397937441876e-12,gly_m;nad_m;thf_m,co2_m;nadh_m;mlthf_m;nh4_m
GALUi,"UTP-glucose-1-phosphate uridylyltransferase (irreversible)","GALACTOSE METABOLISM",100689325,0.127108134968537,0.127108134972432,2.27647133169524e-11,3.44372051161135e-11,0.128,4.54658403132701e-15,0.133404867815395,-4.4198956844413e-11+0i,-3.89413501444835e-12,g1p_c;h_c;utp_c,ppi_c;udpg_c
IMPC,"IMP cyclohydrolase","PURINE SYNTHESIS",100750895,-0.052366000477734,-0.0523660004749967,6.49886341230963e-12,6.51510624614912e-11,-0.117,1.03955851113225e-12,0.059123761315674,7.54125040096368e-11+0i,-2.73727568389504e-12,h2o_c;imp_c,fprica_c
CYSTGL,"Cystathionine g lyase","METHIONINE AND CYSTEINE METABOLISM",100752127,0.0468092927470285,0.0468092927496209,1.00233561019984e-13,8.24339606792669e-11,-0.219,1.03666803154129e-42,0.0444741800199056,-7.98990630037382e-11+0i,-2.59238464028755e-12,cyst__L_c;h2o_c,2obut_c;cys__L_c;nh4_c
CYSTS,"Cystathionine beta synthase","METHIONINE AND CYSTEINE METABOLISM",100762141,0.0468092927470285,0.0468092927496209,1.00233561019984e-13,8.24339606792669e-11,-0.219,1.03666803154129e-42,0.0444741800199056,-7.98990630037382e-11+0i,-2.59238464028755e-12,hcys__L_c;ser__L_c,cyst__L_c;h2o_c
CO2ter,"CO2 endoplasmic reticular transport via diffusion","TRANSPORT, ENDOPLASMIC RETICULAR",,-0.0564117680261687,-0.0564117680240097,4.9299630379304e-13,7.06403882267076e-11,-0.1955,3.48778952918909e-34,0.0432211226273083,5.5213938876047e-11+0i,-2.15896051036779e-12,co2_c,co2_r
TRDR,"Thioredoxin reductase (NADPH)","NUCLEOTIDE INTERCONVERSION",100771594,0.0227469028012714,0.0227469028033972,3.18711781826511e-11,2.8644549046507e-11,0.0805,2.12463146883662e-06,0.0701559903618462,-1.34825334184887e-10+0i,-2.12578565861321e-12,h_c;nadph_c;trdox_c,nadp_c;trdrd_c
H2Otly,"H2O transport, lysosomal","TRANSPORT, LYSOSOMAL",,-3.15307151795298e-12,-1.05462701854834e-12,4.60729427847483e-11,5.55446822007679e-12,0.0745,1.3848159388882e-05,0.0639489138998558,1.58002503080587+0i,-2.09844449940464e-12,h2o_c,h2o_l
ARTPLM2,"R group to palmitate conversion","R GROUP SYNTHESIS",,-0.047710514856215,-0.0477105148545058,8.13170979290517e-12,6.1755729501097e-11,-0.18,4.34022536125886e-29,0.0388058059098339,5.16834425263234e-11+0i,-1.70919528530433e-12,Rtotal2coa_c,pmtcoa_c
DAGK_cho,"Diacylglycerol phosphate kinase (cho)","GLYCEROPHOSPHOLIPID METABOLISM",100770430 or 100771387 or 100757224 or 100769284 or 100769779 or 100753343 or 100765113 or 100771821 or 100751991,-0.0408817033497438,-0.0408817033482445,1.30936916597912e-11,5.12493194013651e-11,-0.172,1.26647794957867e-26,0.0400841494238962,5.29081124786874e-11+0i,-1.49925905024162e-12,atp_c;dag_cho_c,adp_c;h_c;pa_cho_c
PE_CHOtm,"Phosphatidylethanolamine scramblase","TRANSPORT, MITOCHONDRIAL",,-0.0397036575192147,-0.0397036575180943,1.11009207382911e-11,4.97886945232839e-11,-0.1845,1.5909676153575e-30,0.0310619482706933,4.0712027093759e-11+0i,-1.12041625977e-12,pe_cho_c,pe_cho_m
RBFK,"Riboflavin kinase","VITAMIN B2 METABOLISM",100767410,9.99999867923198e-06,9.99999975876802e-06,1.58891489620246e-11,3.03848797053569e-12,-0.2445,4.6691791768616e-53,0.0943740046409621,-1.55744140507368e-07+0i,-1.07953603399754e-12,atp_c;ribflv_c,adp_c;fmn_c;h_c
FORtr,"FOR transporter, endoplasmic reticulum","TRANSPORT, ENDOPLASMIC RETICULAR",,-0.0282058840129318,-0.0282058840120394,8.69398075960575e-12,3.52953966678677e-11,-0.196,2.35068032805084e-34,0.0347172780658511,4.56430615109337e-11+0i,-8.92359103277229e-13,for_c,for_r
FMNAT,"FMN adenylyltransferase","VITAMIN B2 METABOLISM",100774575,9.99999887012378e-06,9.99999975876802e-06,1.47131029454718e-11,3.03848797053569e-12,-0.2455,1.73900841099812e-53,0.0836507106396512,-1.28204271975162e-07+0i,-8.88644235305072e-13,atp_c;fmn_c;h_c,fad_c;ppi_c
FAS140ACP,"Fatty-acid biosynthesis (n-C14:0ACP)","FATTY ACID ELONGATION",100689207,0.133763088167234,0.133763088167878,5.04041264830734e-12,1.68916959037586e-10,0.178,1.83775766809739e-28,0.00538199756662418,-6.93637940872712e-12+0i,-6.43124442589738e-13,ddcaACP_c;h_c;malcoa_c;nadph_c,co2_c;coa_c;h2o_c;myrsACP_c;nadp_c
FAS120ACP,"Fatty-acid biosynthesis (n-C12:0ACP)","FATTY ACID ELONGATION",100689207,0.133763088167234,0.133763088167877,5.04041264830734e-12,1.68916964709686e-10,0.177,3.75880736253552e-28,0.00537363555852303,-6.92564792993928e-12+0i,-6.42125241867575e-13,dcaACP_c;h_c;malcoa_c;nadph_c,co2_c;coa_c;ddcaACP_c;h2o_c;nadp_c
FAS100ACP,"Fatty acid biosynthesis (n-C10:0ACP)","FATTY ACID ELONGATION",100689207,0.133763088167234,0.133763088167877,5.04041264830734e-12,1.68916964709748e-10,0.177,3.75880736253552e-28,0.00537363555852106,-6.92564792993928e-12+0i,-6.42125241867575e-13,h_c;malcoa_c;nadph_c;ocACP_c,co2_c;coa_c;dcaACP_c;h2o_c;nadp_c
FAS80ACP_L,"Fatty acid biosynthesis (n-C8:0ACP), lumped reaction","FATTY ACID ELONGATION",100689207,0.133763088167234,0.133763088167877,5.04041264990902e-12,1.68916964709872e-10,0.177,3.75880736253552e-28,0.00537363555851558,-6.92564792993928e-12+0i,-6.42125241867575e-13,acACP_c;h_c;malcoa_c;nadph_c,co2_c;coa_c;h2o_c;nadp_c;ocACP_c
ACOATA,"Acetyl-CoA ACP transacylase","FATTY ACID OXIDATION",100689207,0.133763088167234,0.133763088167877,5.04041265215493e-12,1.68916964709935e-10,0.177,3.75880736253552e-28,0.00537363555851147,-6.92564792993928e-12+0i,-6.42125241867575e-13,ACP_c;accoa_c,acACP_c;coa_c
r1106,"Postulated transport reaction","TRANSPORT, EXTRACELLULAR",,9.99999915667678e-06,9.99999979582993e-06,1.7568326109424e-11,3.25932015693516e-12,-0.244,7.6392976136495e-53,0.0505872859771163,-9.22103116334038e-08+0i,-6.39153142169063e-13,ribflv_e,ribflv_c
TRPO2,"L Tryptophanoxygen 2 3 oxidoreductase  decyclizing ","TRYPTOPHAN METABOLISM",100754111 or 100754402 or 100768126,0.0108023860447235,0.0108023860453453,2.39221818262755e-14,1.96539414678728e-11,-0.1835,3.34043615321598e-30,0.044741124554063,-8.30417845754833e-11+0i,-6.21787343835223e-13,o2_c;trp__L_c,Lfmkynr_c
FKYNH,"N Formyl L kynurenine amidohydrolase","TRYPTOPHAN METABOLISM",100773211,0.0108023860447448,0.0108023860453495,6.743247172671e-13,1.96542574577e-11,-0.184,2.30648749210449e-30,0.0434836158874564,-8.0756460107532e-11+0i,-6.04676031468188e-13,Lfmkynr_c;h2o_c,Lkynr_c;for_c;h_c
KYN3OX,"Kynurenine 3 monooxygenase","TRYPTOPHAN METABOLISM",100772925,0.0108023860447659,0.0108023860453537,9.4812331376747e-13,1.96545651909744e-11,-0.184,2.30648749210449e-30,0.042240166375805,-7.84935596251123e-11+0i,-5.87731252554846e-13,Lkynr_c;h_c;nadph_c;o2_c,h2o_c;hLkynr_c;nadp_c
3HAO,"3 hydroxyanthranilate 3 4 dioxygenase","TRYPTOPHAN METABOLISM",100759566,0.0108023860447739,0.0108023860453552,9.80626570419984e-13,1.96545767280732e-11,-0.184,2.30648749210449e-30,0.0417765870785878,-7.76384049198726e-11+0i,-5.81328388205016e-13,3hanthrn_c;o2_c,cmusa_c;h_c
HKYNH,"3 Hydroxy L kynurenine hydrolase","TRYPTOPHAN METABOLISM",100771448,0.0108023860447739,0.0108023860453552,9.80626570419984e-13,1.96545767280732e-11,-0.184,2.30648749210449e-30,0.0417765870785878,-7.76384049198726e-11+0i,-5.81328388205016e-13,h2o_c;hLkynr_c,3hanthrn_c;ala__L_c
AM6SAD,"Aminomuconate-semialdehyde dehydrogenase","TRYPTOPHAN METABOLISM",,0.0108023860447739,0.0108023860453468,9.80626689602305e-13,1.96639322013652e-11,-0.199,2.15705811588917e-35,0.0411539213517462,-7.65175259861279e-11+0i,-5.7293579602824e-13,am6sa_c;h2o_c;nad_c,amuco_c;h_c;nadh_c
AMCOXO,"2-aminomuconate reductase","TRYPTOPHAN METABOLISM",,0.0108023860447739,0.0108023860453468,9.80626689602305e-13,1.96639322013652e-11,-0.199,2.15705811588917e-35,0.0411539213517462,-7.65175259861279e-11+0i,-5.7293579602824e-13,amuco_c;h2o_c;h_c;nadph_c,2oxoadp_c;nadp_c;nh4_c
PCLAD,"Picolinic acid decarboxylase","TRYPTOPHAN METABOLISM",100771266,0.0108023860447739,0.0108023860453468,9.80626689602305e-13,1.96639322013652e-11,-0.199,2.15705811588917e-35,0.0411539213517462,-7.65175259861279e-11+0i,-5.7293579602824e-13,cmusa_c;h_c,am6sa_c;co2_c
CDIPTr_cho,"Phosphatidylinositol synthase (Homo sapiens)","GLYCEROPHOSPHOLIPID METABOLISM",100750801,0.00358391525168943,0.00358391525219234,6.965848756891e-12,4.6256715850521e-12,0.181,2.09651581327083e-29,0.085055074140613,-2.0244278032134e-10+0i,-5.02904575622187e-13,cdpdag_cho_c;inost_c,cmp_c;h_c;pail_cho_c
SK_Tyr_ggn_c,"Sink for Tyr-194 Of Apo-Glycogenin Protein (Primer For Glycogen Synthesis)","Intracellular source/sink",,-0.011553466815644,-0.0115534668151453,1.93086667243529e-14,1.58634017736179e-11,-0.179,8.94902347584172e-29,0.0444581833145949,6.22723688342654e-11+0i,-4.98693100703385e-13,Tyr_ggn_c,
RE2666C,"RE2666","GLYCOSPHINGOLIPID METABOLISM",,9.9999995654932e-06,9.99999999702467e-06,1.77771364648388e-11,2.5241259974097e-12,-0.081,1.80549477844554e-06,0.0339884562285256,-6.22568322789844e-08+0i,-4.31531468680435e-13,galside_cho_c;udpgal_c,digalside_cho_c;h_c;udp_c
ARTPLM3,"R group to palmitate conversion","R GROUP SYNTHESIS",,-0.00213667197415203,-0.00213667197386208,1.11402644687669e-11,3.22368836785815e-12,-0.108,6.15891798587023e-11,0.0353573193923357,1.95775488711463e-10+0i,-2.89949054349536e-13,Rtotal3coa_c,pmtcoa_c
3DSPHR,"3 Dehydrosphinganine reductase","SPHINGOLIPID METABOLISM",100774578,0.00422352233893433,0.00422352233920171,4.1735017066607e-12,5.31984175056943e-12,0.161,2.03767275573989e-23,0.0559235493076625,-9.13328930531581e-11+0i,-2.67379000884471e-13,3dsphgn_c;h_c;nadph_c,nadp_c;sphgn_c
SERPT,"Serine C palmitoyltransferase","SPHINGOLIPID METABOLISM",100689326 and 100689415,0.00422352233893433,0.00422352233920171,4.17350170687193e-12,5.31984175064791e-12,0.161,2.03767275573989e-23,0.0559235493060735,-9.13328930531581e-11+0i,-2.67379000884471e-13,h_c;pmtcoa_c;ser__L_c,3dsphgn_c;co2_c;coa_c
DSAT_cho,"Dihydrosphingosine N-acyltransferase","SPHINGOLIPID METABOLISM",100770521,0.00422352233893582,0.00422352233920171,4.17341803893794e-12,5.31984175056943e-12,0.161,2.03767275573989e-23,0.0556135769330719,-9.08259508088974e-11+0i,-2.65894944950773e-13,Rtotalcoa_c;sphgn_c,coa_c;dhcrm_cho_c;h_c
CDS_cho,"Phosphatidate cytidylyltransferase","GLYCEROPHOSPHOLIPID METABOLISM",100761349,0.00648979244895668,0.00648979244914717,8.45764087641398e-12,8.24587770025083e-12,0.179,8.94902347584108e-29,0.0228066373985666,-4.23465754685265e-11+0i,-1.90490852258751e-13,ctp_c;h_c;pa_cho_c,cdpdag_cho_c;ppi_c
MI3PP,"1D-myo-Inositol 3-phosphate phosphohydrolase","INOSITOL PHOSPHATE METABOLISM",100763112 or 100760520,0.00357391525209533,0.00357391525226602,3.52782044923036e-12,4.5060033183577e-12,0.1815,1.45490465856893e-29,0.0421794634807423,-6.88999379309973e-11+0i,-1.70682478567441e-13,h2o_c;mi3p__D_c,inost_c;pi_c
DGAT_cho,"Diacylglycerol acyltransferase","TRIACYLGLYCEROL SYNTHESIS",100774981 or 100755985,0.00213667197358612,0.00213667197375076,5.63345272622932e-12,2.95740766807631e-12,0.184,2.3064874921044e-30,0.0365953563095996,-1.11167709109546e-10+0i,-1.64642605104959e-13,Rtotal3coa_c;dag_cho_c,coa_c;tag_cho_c
RE2677C,"RE2677","GLYCOSPHINGOLIPID METABOLISM",,9.99999991409577e-06,1.00000000115681e-05,9.49298734684983e-12,1.554206428355e-12,-0.061,0.000552956336773084,0.0143301015941683,-1.40622769615185e-08+0i,-9.74722757477071e-14,crm_cho_c;udpgal_c,galside_cho_c;h_c;udp_c
SMS_cho,"Sphingomyelin synthase (cho)","SPHINGOLIPID METABOLISM",100766719 or 100760913,0.00421352233913652,0.00421352233917954,5.2928172127665e-12,5.4153513655734e-12,0.1835,3.34043615321598e-30,0.00803532270092353,-1.47314372918437e-11+0i,-4.30246116511768e-14,crm_cho_c;pchol_cho_c,dag_cho_c;sphmyln_cho_c
r0797,"Glycine N-choloyltransferase EC:2.3.1.65","BILE ACID SYNTHESIS",,-4.83330181678956e-14,-6.88185477638989e-15,1.96643590559154e-13,3.33463491357715e-14,0.057,0.00143176835443658,0.293910848732299,2.81213973385605+0i,-4.14511633915057e-14,dcholcoa_c;gly_c,coa_c;dgchol_c
EX_dgchol_e,"Chenodeoxyglycocholate exchange","Extracellular exchange",,-4.83330181678956e-14,-6.88185477638989e-15,1.96643590559154e-13,3.33463491357715e-14,0.057,0.00143176835443658,0.293910848732299,2.81213973385605+0i,-4.14511633915057e-14,dgchol_e,
AMACR2p,"Alpha-methylacyl-CoA racemase (reductase)","BILE ACID SYNTHESIS",100766043,9.99999995166692e-06,9.99999999303513e-06,1.96643590559165e-13,3.35350177680411e-14,0.057,0.00143176835443658,0.293276166576071,-5.96817146991627e-09+0i,-4.13682116177667e-14,dhcholestancoa_x;o2_x,dhcholoylcoa_x;h2o_x
HSD17B42x_cho,"Hydroxysteroid (17-beta) dehydrogenase 4","BILE ACID SYNTHESIS",103161104,9.99999995166692e-06,9.99999999303513e-06,1.96643590559165e-13,3.35350177680411e-14,0.057,0.00143176835443658,0.293276166576071,-5.96817146991627e-09+0i,-4.13682116177667e-14,dhcholoylcoa_x;h2o_x;nadp_x,dhocholoylcoa_x;h_x;nadph_x
SCP2x_cho,"Peroxisomal thiolase 2","BILE ACID SYNTHESIS",100757558,9.99999995166692e-06,9.99999999303513e-06,1.96643590559165e-13,3.35350177680411e-14,0.057,0.00143176835443658,0.293276166576071,-5.96817146991627e-09+0i,-4.13682116177667e-14,coa_x;dhocholoylcoa_x,dcholcoa_x;ppcoa_x
r1019,"Postulated transport reaction","TRANSPORT, PEROXISOMAL",,9.99999995166692e-06,9.99999999303513e-06,1.96643590559165e-13,3.35350177680411e-14,0.057,0.00143176835443658,0.293276166576071,-5.96817146991627e-09+0i,-4.13682116177667e-14,dcholcoa_x,dcholcoa_c
DGCHOLte,"Bile acid intracellular transport","TRANSPORT, EXTRACELLULAR",,-4.75351840976965e-14,-4.93912702722438e-14,4.29294362273977e-12,1.453199667341e-12,-0.0570000000000001,0.00143176835443657,0.000579162870621262,-0.05526032540368+0i,1.85608617454732e-15,dgchol_e,dgchol_c
RNDR3,"Ribonucleoside-diphosphate reductase (CDP)","NUCLEOTIDE INTERCONVERSION",100761591 and (100768429 or 100752542),0.00468484556316743,0.00468484556315746,5.38608461206945e-12,5.92786009766875e-12,0.143,1.25673432177399e-18,0.00175939468051956,3.06856224800105e-12+0i,9.96425164601078e-15,cdp_c;trdrd_c,dcdp_c;h2o_c;trdox_c
RE1807C,"RE1807","BILE ACID SYNTHESIS",,1.00000000236016e-05,1.00000000076947e-05,1.86866811377378e-12,3.80256073372797e-13,0.057,0.00143176835443658,0.0117966351903922,2.29488220931312e-09+0i,1.59069111371367e-14,h2o_c;nadp_c;xol7ah2al_c,dhcholestanate_c;h_c;nadph_c
CLS_cho,"Cardiolipin synthase (cho)","GLYCEROPHOSPHOLIPID METABOLISM",103159960,0.00130764477930979,0.00130764477925832,1.99312498055791e-15,1.63749430816594e-12,0.1835,3.34043615321583e-30,0.0444541134158984,5.67887433452613e-11+0i,5.14727149791838e-14,cdpdag_cho_c;pglyc_cho_c,clpn_cho_c;cmp_c;h_c
PGPPT_cho,"Phosphatidyl-CMP: glycerophosphate phosphatidyltransferase","GLYCEROPHOSPHOLIPID METABOLISM",100689449,0.00159823241771927,0.0015982324176594,6.82549990895651e-14,2.0014115033036e-12,0.182,1.00863314088666e-29,0.0422787234403298,5.40418051183455e-11+0i,5.98681260816081e-14,cdpdag_cho_c;glyc3p_c,cmp_c;h_c;pgp_cho_c
PGPP_cho,"Phosphatidylglycerol phosphate phosphatase (cho)","GLYCEROPHOSPHOLIPID METABOLISM",,0.00159823241771927,0.0015982324176594,6.82549990895651e-14,2.0014115033036e-12,0.182,1.00863314088666e-29,0.0422787234403298,5.40418051183455e-11+0i,5.98681260816081e-14,h2o_c;pgp_cho_c,pglyc_cho_c;pi_c
MI3PS,"1D-myo-inositol-3-phosphate lyase (isomerizing)","INOSITOL PHOSPHATE METABOLISM",100767831,0.00357391525240056,0.00357391525228848,9.52023554974549e-13,4.48805062740465e-12,0.182,1.00863314088666e-29,0.0345484147034527,4.52435942259206e-11+0i,1.12080050101993e-13,g6p_c,mi3p__D_c
r1292,"Postulated transport reaction","TRANSPORT, PEROXISOMAL",,-1.99999997524526e-05,-1.99999999530408e-05,6.0501415780423e-12,1.20120368505604e-12,-0.0705,4.45774887541691e-05,0.0459895843036851,-1.44693770549004e-08+0i,2.00588155840117e-13,ppcoa_c,ppcoa_x
TMDS,"Thymidylate synthase","NUCLEOTIDE INTERCONVERSION",100754276,0.00665860583910697,0.00665860583877064,3.11849364771766e-12,8.27200945472095e-12,0.1775,2.62958977621215e-28,0.0538040636132468,7.28718664495917e-11+0i,3.36331656969335e-13,dump_c;mlthf_c,dhf_c;dtmp_c
DHFR,"Dihydrofolate reductase","FOLATE METABOLISM",100689028,0.00665860583908785,0.00665860583874523,3.23393137289088e-12,8.28153214767622e-12,0.178,1.83775766809747e-28,0.0545012224082529,7.42355651121962e-11+0i,3.42626101101917e-13,dhf_c;h_c;nadph_c,nadp_c;thf_c
GLBRAN,"1,4-alpha-glucan branching enzyme (glygn1 -> glygn2)","STARCH AND SUCROSE METABOLISM",100772279,0.0115534668155087,0.0115534668151152,1.46060056308412e-12,1.58654218503645e-11,0.18,4.34022536125886e-29,0.0349300945241231,4.91396015397328e-11+0i,3.93522020525339e-13,glygn1_c,glygn2_c
GGNG,"Glycogenin self-glucosylation","STARCH AND SUCROSE METABOLISM",(100751671 and 100770628) or (100751671 and 100769788),0.0115534668155087,0.0115534668151152,1.46060058134288e-12,1.5865421855137e-11,0.18,4.34022536125886e-29,0.0349300945100344,4.91396015397328e-11+0i,3.93522020525339e-13,Tyr_ggn_c;udpg_c,ggn_c;h_c;udp_c
GLGNS1,"Glycogen synthase (ggn -> glygn1)","STARCH AND SUCROSE METABOLISM",(100751671 and 100770628) or (100751671 and 100769788),0.0115534668155087,0.0115534668151152,1.46060058134288e-12,1.5865421855137e-11,0.18,4.34022536125886e-29,0.0349300945100344,4.91396015397328e-11+0i,3.93522020525339e-13,ggn_c;udpg_c,glygn1_c;h_c;udp_c
SOAT11_cho,"Sterol O-acyltransferase (acyl-Coenzyme A: cholesterol acyltransferase) 1","CHOLESTEROL METABOLISM",100689317 or 100752385,0.0110379557816399,0.0110379557809568,6.19671669331021e-12,1.38512444486622e-11,0.1815,1.454904658569e-29,0.0636661539907336,8.92865441968672e-11+0i,6.83123696498811e-13,R1coa_cho_c;chsterol_c,coa_c;xolest_cho_c
EX_ribflv_e,"Riboflavin exchange","Extracellular exchange",,-9.99999887012378e-06,-9.99999975876802e-06,1.47131029454718e-11,3.03848797053569e-12,0.2455,1.73900841099822e-53,0.0836507106396512,-1.28204271975162e-07+0i,8.88644235305072e-13,ribflv_e,
EBP2r,"3-beta-hydroxysteroid-delta(8),delta(7)-isomerase","CHOLESTEROL METABOLISM",100765639,0.0282058840130844,0.0282058840120394,2.46498150149466e-13,3.52953967880799e-11,0.196,2.35068032805094e-34,0.0418672234912205,5.34469288166092e-11+0i,1.04493150243634e-12,zymstnl_r,lthstrl_r
C14STRr,"C-14 sterol reductase","CHOLESTEROL METABOLISM",100766362,0.0282058840130844,0.0282058840120394,2.4649815189652e-13,3.52953967891833e-11,0.196,2.35068032805094e-34,0.0418672234898972,5.34469288166092e-11+0i,1.04493150243634e-12,44mctr_r;h_r;nadph_r,44mzym_r;nadp_r
C3STDH1Pr,"C-3 sterol dehydrogenase (4-methylzymosterol)","CHOLESTEROL METABOLISM",100764429,0.0282058840130844,0.0282058840120394,2.4649815189652e-13,3.52953967891833e-11,0.196,2.35068032805094e-34,0.0418672234898972,5.34469288166092e-11+0i,1.04493150243634e-12,4mzym_int1_r;nadp_r,4mzym_int2_r;co2_r;h_r;nadph_r
C3STKR2r,"C-3 sterol keto reductase (zymosterol)","CHOLESTEROL METABOLISM",100767580,0.0282058840130844,0.0282058840120394,2.46498150149466e-13,3.52953967891833e-11,0.196,2.35068032805094e-34,0.0418672234899116,5.34469288166092e-11+0i,1.04493150243634e-12,h_r;nadph_r;zym_int2_r,nadp_r;zymst_r
C4STMO1r,"C-4 sterol methyl oxidase (4,4-dimethylzymosterol)","CHOLESTEROL METABOLISM",100754784,0.0282058840130844,0.0282058840120394,2.4649815189652e-13,3.52953967891833e-11,0.196,2.35068032805094e-34,0.0418672234898972,5.34469288166092e-11+0i,1.04493150243634e-12,44mzym_r;h_r;nadph_r;o2_r,4mzym_int1_r;h2o_r;nadp_r
LNS14DMr,"Cytochrome P450 lanosterol 14-alpha-demethylase","CHOLESTEROL METABOLISM",100762189,0.0282058840130844,0.0282058840120394,2.46503740771682e-13,3.52953966678677e-11,0.196,2.35068032805094e-34,0.0418673625976716,5.34472491592596e-11+0i,1.04493497188329e-12,h_r;lanost_r;nadph_r;o2_r,44mctr_r;for_r;h2o_r;nadp_r
LNSTLSr,"Lanosterol synthase","CHOLESTEROL METABOLISM",100753498,0.0282058840130844,0.0282058840120394,2.4650374194126e-13,3.52953966678677e-11,0.196,2.35068032805094e-34,0.0418673625976619,5.34472491592596e-11+0i,1.04493497188329e-12,Ssq23epx_r,lanost_r
SQLEr,"Squalene epoxidase  endoplasmic reticular  NADP ","CHOLESTEROL METABOLISM",100764834,0.0282058840130844,0.0282058840120394,2.46503747761914e-13,3.52953966680341e-11,0.196,2.35068032805094e-34,0.0418673625974163,5.34472491592596e-11+0i,1.04493497188329e-12,h_r;nadph_r;o2_r;sql_r,Ssq23epx_r;h2o_r;nadp_r
SQLSr,"Squalene synthase","CHOLESTEROL METABOLISM",100689192,0.0282058840130844,0.0282058840120394,2.46503686638617e-13,3.52953966759246e-11,0.196,2.35068032805094e-34,0.0418673625885635,5.34472491592596e-11+0i,1.04493497188329e-12,frdp_r;h_r;nadph_r,nadp_r;ppi_r;sql_r
PSDm_cho,"Phosphatidylserine decarboxylase","GLYCEROPHOSPHOLIPID METABOLISM",100689093,0.0397036575191667,0.039703657518018,5.18818315204216e-12,4.97356064126848e-11,0.185,1.09631127986503e-30,0.0324867567837363,4.17400066588038e-11+0i,1.14870613021623e-12,h_m;ps_cho_m,co2_m;pe_cho_m
PSFLIPm_cho,"Phosphatidylserine flippase","TRANSPORT, MITOCHONDRIAL",100763581 or 100774607 or 100756975,0.0397036575191667,0.039703657518018,5.18818315204216e-12,4.97356064126848e-11,0.185,1.09631127986503e-30,0.0324867567837363,4.17400066588038e-11+0i,1.14870613021623e-12,atp_c;h2o_c;ps_cho_c,adp_c;h_c;pi_c;ps_cho_m
CHSTEROLtrc,"Transport of cholesterol into the cytosol","TRANSPORT, ENDOPLASMIC RETICULAR",,0.0281858840132534,0.0281858840120873,4.28886654971486e-12,3.53172843237778e-11,0.1845,1.5909676153575e-30,0.0463548961700823,5.96884850163975e-11+0i,1.16612969280894e-12,chsterol_r,chsterol_c
AGPAT1_cho,"1-acylglycerol-3-phosphate O-acyltransferase 1","TRIACYLGLYCEROL SYNTHESIS",100758206 or 100751939 or 100761743 or 100757875 or 100763383,0.047710514855793,0.047710514854108,2.89243536588646e-12,5.97462366353762e-11,0.178,1.83775766809739e-28,0.0398383379919075,5.09524205981788e-11+0i,1.68502017894312e-12,Rtotal2coa_c;alpa_cho_c,coa_c;pa_cho_c
GPAM_cho,"Glycerol-3-phosphate acyltransferase","TRIACYLGLYCEROL SYNTHESIS",100758424,0.047710514855793,0.047710514854108,2.89243536588646e-12,5.97462366353762e-11,0.178,1.83775766809739e-28,0.0398383379919075,5.09524205981788e-11+0i,1.68502017894312e-12,Rtotalcoa_c;glyc3p_c,alpa_cho_c;coa_c
ARTPLM1,"R group to palmitate conversion","R GROUP SYNTHESIS",,0.0540707091699218,0.0540707091681531,1.57952594810763e-11,6.97907768993794e-11,0.1635,3.97171442375237e-24,0.0349577469532175,4.71938402813806e-11+0i,1.76877956725718e-12,Rtotalcoa_c,pmtcoa_c
GRTTx,"Geranyltranstransferase","CHOLESTEROL METABOLISM",100754883,0.0564117680261669,0.0564117680240788,4.9320824866414e-13,7.05907933777327e-11,0.1975,7.15314990945023e-35,0.0418314971165374,5.34014401602567e-11+0i,2.08807970913938e-12,grdp_x;ipdp_x,frdp_x;ppi_x
DMATTx,"Dimethylallyltranstransferase","CHOLESTEROL METABOLISM",100754883,0.0564117680261669,0.0564117680240788,4.93208305156804e-13,7.05907933878369e-11,0.198,4.80164291038921e-35,0.0418314971103162,5.34014401602567e-11+0i,2.08807970913938e-12,dmpp_x;ipdp_x,grdp_x;ppi_x
IPDDIx,"Isopentenyl-diphosphate D-isomerase","CHOLESTEROL METABOLISM",100752366 or 100752668,0.0564117680261669,0.0564117680240788,4.93208305156804e-13,7.05907933878369e-11,0.198,4.80164291038921e-35,0.0418314971103162,5.34014401602567e-11+0i,2.08807970913938e-12,ipdp_x,dmpp_x
FRDPtc,"Lipid, flip-flop intracellular transport","TRANSPORT, PEROXISOMAL",,0.0564117680261669,0.0564117680240788,4.9320824866414e-13,7.05907933777327e-11,0.1975,7.15314990945023e-35,0.0418314971165374,5.34014401602567e-11+0i,2.08807970913938e-12,frdp_x,frdp_c
FRDPtcr,"Transport of Farnesyl diphosphate into the endoplasmic reticulum","TRANSPORT, ENDOPLASMIC RETICULAR",,0.0564117680261687,0.0564117680240788,4.93007113277325e-13,7.05907933746473e-11,0.196,2.35068032805094e-34,0.0418673625761195,5.34472491592596e-11+0i,2.08986994376659e-12,frdp_c,frdp_r
PGMT,"Phosphoglucomutase","GLYCOLYSIS/GLUCONEOGENESIS",100753184 or 100761029,-0.127108134970758,-0.127108134973052,9.32651654259107e-12,3.46070283563979e-11,-0.112,1.04511780907468e-11,0.0905201535708193,-2.60387319938442e-11+0i,2.29413710250981e-12,g1p_c,g6p_c
PPM,"Phosphopentomutase","PENTOSE PHOSPHATE PATHWAY",100761029,6.00000028418964e-05,6.00000005012751e-05,3.49915481155865e-11,5.9300813343695e-12,0.4515,3.55395409008423e-179,0.0932683427231963,5.62800448470165e-08+0i,2.34062132875449e-12,r1p_c,r5p_c
FDH,"Formate dehydrogenase","FATTY ACID OXIDATION",100762089,0.0390082700608007,0.0390082700582175,3.63816228073082e-11,1.76443930389746e-11,0.1925,3.64333329300807e-33,0.0903489479213383,9.5538351361312e-11+0i,2.58321142254658e-12,for_c;nad_c,co2_c;nadh_c
ADSL2r,"Adenylosuccinate lyase","PURINE SYNTHESIS",100689060,0.0523760004777341,0.0523760004749981,6.49886341227381e-12,6.51511229449661e-11,0.1175,8.20748310752879e-13,0.0590968790860708,7.53638119267813e-11+0i,2.73603362188624e-12,25aics_c,aicar_c;fum_c
AIRCr,"Phosphoribosylaminoimidazole carboxylase","PURINE SYNTHESIS",100758991,0.0523760004777341,0.0523760004749981,6.49886341227381e-12,6.51511229449661e-11,0.1175,8.20748310752879e-13,0.0590968790860708,7.53638119267813e-11+0i,2.73603362188624e-12,air_c;co2_c,5aizc_c;h_c
GARFT,"Phosphoribosylglycinamide formyltransferase","PURINE SYNTHESIS",100689446,0.0523760004777341,0.0523760004749981,6.49886341227381e-12,6.51511229449661e-11,0.1175,8.20748310752879e-13,0.0590968790860708,7.53638119267813e-11+0i,2.73603362188624e-12,10fthf_c;gar_c,fgam_c;h_c;thf_c
GLUPRT,"Glutamine phosphoribosyldiphosphate amidotransferase","PURINE SYNTHESIS",100760149,0.0523760004777341,0.0523760004749981,6.49886341227381e-12,6.51511229449661e-11,0.1175,8.20748310752879e-13,0.0590968790860708,7.53638119267813e-11+0i,2.73603362188624e-12,gln__L_c;h2o_c;prpp_c,glu__L_c;ppi_c;pram_c
PRAGSr,"Phosphoribosylglycinamide synthase","PURINE SYNTHESIS",100689446,0.0523760004777341,0.0523760004749981,6.49886341227381e-12,6.51511229449661e-11,0.1175,8.20748310752879e-13,0.0590968790860708,7.53638119267813e-11+0i,2.73603362188624e-12,atp_c;gly_c;pram_c,adp_c;gar_c;h_c;pi_c
PRAIS,"Phosphoribosylaminoimidazole synthase","PURINE SYNTHESIS",100689446,0.0523760004777341,0.0523760004749981,6.49886341227381e-12,6.51511229449661e-11,0.1175,8.20748310752879e-13,0.0590968790860708,7.53638119267813e-11+0i,2.73603362188624e-12,atp_c;fpram_c,adp_c;air_c;h_c;pi_c
PRASCSi,"Phosphoribosylaminoimidazolesuccinocarboxamide synthase","PURINE SYNTHESIS",100758991,0.0523760004777341,0.0523760004749981,6.49886341227381e-12,6.51511229449661e-11,0.1175,8.20748310752879e-13,0.0590968790860708,7.53638119267813e-11+0i,2.73603362188624e-12,5aizc_c;asp__L_c;atp_c,25aics_c;adp_c;h_c;pi_c
PRFGS,"Phosphoribosylformylglycinamidine synthase","PURINE SYNTHESIS",100760956,0.0523760004777341,0.0523760004749981,6.49886341227381e-12,6.51511229449661e-11,0.1175,8.20748310752879e-13,0.0590968790860708,7.53638119267813e-11+0i,2.73603362188624e-12,atp_c;fgam_c;gln__L_c;h2o_c,adp_c;fpram_c;glu__L_c;h_c;pi_c
AICART,"Phosphoribosylaminoimidazolecarboxamide formyltransferase","PURINE SYNTHESIS",100750895,0.052366000477734,0.0523660004749967,6.49886341230963e-12,6.51510624614912e-11,0.117,1.03955851113227e-12,0.059123761315674,7.54125040096368e-11+0i,2.73727568389504e-12,10fthf_c;aicar_c,fprica_c;thf_c
METAT,"Methionine adenosyltransferase","METHIONINE AND CYSTEINE METABOLISM",100752327 and 100772831,0.0896363169373127,0.0896363169342909,4.68034554833729e-12,1.12259013566593e-10,0.1755,1.0912144579632e-27,0.0380347960336533,4.86357025506998e-11+0i,3.02179115063694e-12,atp_c;h2o_c;met__L_c,amet_c;pi_c;ppi_c
AHCi,"Adenosylhomocysteinase","METHIONINE AND CYSTEINE METABOLISM",100750969 or 100767631 or 100754476,0.0896163169374566,0.0896163169343295,4.41397620023057e-12,1.12259633444916e-10,0.1785,1.283071303264e-28,0.0393631098767116,5.0340886478622e-11+0i,3.12704029337141e-12,ahcys_c;h2o_c,adn_c;hcys__L_c
GHMT2rm,"Glycine hydroxymethyltransferase  reversible  mitochondrial","GLYCINE, SERINE, ALANINE AND THREONINE METABOLISM",100754714,-0.345540454155578,-0.345540454159887,2.41938851212e-11,1.51783874328471e-10,0.12,2.47998984433487e-13,0.039650198805965,-1.79920449587887e-11+0i,4.30927515893131e-12,ser__L_m;thf_m,gly_m;h2o_m;mlthf_m
r1435,"Transport reaction","TRANSPORT, MITOCHONDRIAL",,-0.345540454155578,-0.345540454159887,2.41938851212e-11,1.51783874328471e-10,0.12,2.47998984433487e-13,0.039650198805965,-1.79920449587887e-11+0i,4.30927515893131e-12,ser__L_c,ser__L_m
AACOAT,"Acetoacetyl-CoA:acetate CoA-transferase","PROPANOATE METABOLISM",100750893,0.345320261427677,0.345320261423156,2.59941490140777e-11,2.384962324591e-10,0.15,2.01292675544184e-20,0.0266454547764473,1.88845195825157e-11+0i,4.52016202245886e-12,acac_c;atp_c;coa_c,aacoa_c;amp_c;ppi_c
ASNS1,"Asparagine synthase (glutamine-hydrolysing)","ALANINE AND ASPARTATE METABOLISM",100760225,0.0874139876595347,0.0874139876547345,5.65797926235032e-12,1.63092495178174e-10,0.185,1.09631127986503e-30,0.0415980586331156,7.92223391504197e-11+0i,4.80013251369371e-12,asp__L_c;atp_c;gln__L_c;h2o_c,amp_c;asn__L_c;glu__L_c;h_c;ppi_c
MTHFC,"Methenyltetrahydrofolate cyclohydrolase","FOLATE METABOLISM",100763862,0.104742000956436,0.104742000950751,4.77985388394218e-11,1.3061129522385e-10,0.1195,3.15701980836783e-13,0.0578071153775489,7.83055184850779e-11+0i,5.68511904219804e-12,h2o_c;methf_c,10fthf_c;h_c
MTHFD2i,"Methylenetetrahydrofolate dehydrogenase  NAD ","FOLATE METABOLISM",,0.104742000956451,0.104742000950747,4.77992952641687e-11,1.3061133404748e-10,0.1185,5.10057382204149e-13,0.0579928354413463,7.85573078082641e-11+0i,5.70339608874093e-12,nad_c;mlthf_c,methf_c;nadh_c
METS,"Methionine synthase","METHIONINE AND CYSTEINE METABOLISM",100763416,0.0428070241904877,0.0428070241847192,3.98885966251405e-12,1.94692505993144e-10,0.2165,9.30498303973716e-42,0.0418922950252331,1.94410188335722e-10+0i,5.76845515798396e-12,5mthf_c;hcys__L_c,h_c;met__L_c;thf_c
MTHFR2,"5,10-methylenetetrahydrofolate reductase (NADH)","FOLATE METABOLISM",,0.0428070241904877,0.0428070241847179,3.98885966251405e-12,1.94692471977277e-10,0.2165,9.30498303973716e-42,0.0419021792498282,1.9445599733472e-10+0i,5.76981518118913e-12,h_c;nadh_c;mlthf_c,5mthf_c;nad_c
PIt7,"Phosphate transport in/out via three Na+ symporter","TRANSPORT, EXTRACELLULAR",100756142 or 100755263 or 100755554 or 100759469 or 100755850 or 100771562,0.149462872383999,0.149462872377977,3.25830924658783e-11,1.86618147522987e-10,0.233,2.99364808867254e-48,0.0449542064209162,5.81261739105507e-11+0i,6.02184968556685e-12,na1_e;pi_e,na1_c;pi_c
CBPSam,"Carbamoyl-phosphate synthase (ammonia) (mitochondria","GLUTAMATE METABOLISM",100760467,0.138544336797067,0.138544336791042,9.43469464963986e-13,1.92788204392993e-10,0.181,2.09651581327083e-29,0.0441927851477422,6.27346232787458e-11+0i,6.02451422082595e-12,atp_m;hco3_m;nh4_m,adp_m;cbp_m;h_m;pi_m
OCBTm,"Ornithine carbamoyltransferase, irreversible","UREA CYCLE",100761890,0.138544336797067,0.138544336791042,9.43469464963986e-13,1.92788204392993e-10,0.181,2.09651581327083e-29,0.0441927851477422,6.27346232787458e-11+0i,6.02451422082595e-12,cbp_m;orn_m,citr__L_m;h_m;pi_m
ARGSS,"Argininosuccinate synthase","ALANINE AND ASPARTATE METABOLISM",100762274,0.138544336797119,0.138544336791049,1.40058673410906e-12,1.92788473459375e-10,0.179,8.94902347584108e-29,0.0445245614030636,6.32068083453875e-11+0i,6.06983907580627e-12,asp__L_c;atp_c;citr__L_c,amp_c;argsuc_c;h_c;ppi_c
ARGSL,"Argininosuccinate lyase","ALANINE AND ASPARTATE METABOLISM",100756687,0.138544336797119,0.138544336791049,1.40058673312937e-12,1.92788473470811e-10,0.179,8.94902347584108e-29,0.0445245614004243,6.32068083453875e-11+0i,6.06983907580627e-12,argsuc_c,arg__L_c;fum_c
r0193,"L-Cysteine L-homocysteine-lyase (deaminating) Cysteine metabolism EC:4.4.1.1","CYSTEINE METABOLISM",,-3.99999978785215e-05,-4.00000042574037e-05,1.87583039807473e-11,1.47362459139612e-10,0.1035,4.19423246650088e-10,0.0607270715728621,-2.3006953611513e-07+0i,6.37888218402204e-12,cys__L_c;h2o_c,HC00250_c;h_c;nh4_c;pyr_c
CITRtm,"Citrulline transport via diffusion, mitochondria","TRANSPORT, MITOCHONDRIAL",100773024 or 100758204,0.13856433679809,0.138564336790783,2.97409475551222e-11,1.92807970131221e-10,0.1565,3.6294545524957e-22,0.0529674461238758,7.60762539811924e-11+0i,7.30676630311677e-12,citr__L_m,citr__L_c
2AMADPTm,"L-2-aminoadipate shuttle (cytosol/mitochondria)","LYSINE METABOLISM",100756680,-0.78253534693306,-0.782535346942415,2.82399010015126e-12,3.02651621618124e-10,0.1825,6.98544761805797e-30,0.0437114366524358,-1.72469279539922e-11+0i,9.35496125009649e-12,L2aadp_c;akg_m,L2aadp_m;akg_c
r2539,"Postulated transport reaction","TRANSPORT, MITOCHONDRIAL",,-0.78253534693306,-0.782535346942415,2.82399010015126e-12,3.02651621618124e-10,0.1825,6.98544761805797e-30,0.0437114366524358,-1.72469279539922e-11+0i,9.35496125009649e-12,L2aadp6sa_c;L2aadp_m,L2aadp6sa_m;L2aadp_c
AATA,"2 aminoadipate transaminase","LYSINE METABOLISM",100771752,-0.782535346933003,-0.782535346942411,2.41290755355909e-12,3.0265169421775e-10,0.1825,6.98544761805797e-30,0.0439619831759256,-1.73455934903109e-11+0i,9.40847399988343e-12,2oxoadp_c;glu__L_c,L2aadp_c;akg_c
ECOAH1m,"3-Hydroxybutanoyl-CoA hydro-lyase, mitochondria","TRYPTOPHAN METABOLISM",100774025 or (100757947 and 100758239) or 100754654,-0.79333773297777,-0.793337732987749,2.61761911822417e-12,3.22306233217425e-10,0.1895,3.67020732538187e-32,0.0437858973971915,-1.81475713155508e-11+0i,9.97935067914568e-12,3hbcoa_m,b2coa_m;h2o_m
HACD1m,"3-Hydroxybutanoyl-CoA:NAD+ oxidoreductase, mitochondria","TRYPTOPHAN METABOLISM",100757689 or 100761491 or (100757947 and 100758239),-0.79333773297777,-0.793337732987749,2.61761911822417e-12,3.22306233217425e-10,0.1895,3.67020732538187e-32,0.0437858973971915,-1.81475713155508e-11+0i,9.97935067914568e-12,aacoa_m;h_m;nadh_m,3hbcoa_m;nad_m
GHMT2r,"Glycine hydroxymethyltransferase, reversible","GLYCINE, SERINE, ALANINE AND THREONINE METABOLISM",100773080,0.154207630986046,0.154207630974236,4.80388506694636e-11,3.33380402877031e-10,0.112,1.04511780907468e-11,0.0495847162038349,1.10485219084395e-10+0i,1.18096088463915e-11,ser__L_c;thf_c,gly_c;h2o_c;mlthf_c
G5SDym,"Glutamate-5-semialdehyde dehydrogenase, mitochondria","UREA CYCLE",100755485,0.182067736271884,0.182067736259868,3.23685823030198e-11,3.66170082134303e-10,0.156,4.97302147916742e-22,0.0462241255025696,9.5206796718189e-11+0i,1.2015083372674e-11,glu5p_m;h_m;nadph_m,glu5sa_m;nadp_m;pi_m
GLU5Km,"Glutamate 5-kinase (m)","UREA CYCLE",100755485,0.182067736271884,0.182067736259868,3.23685823030198e-11,3.66170082134303e-10,0.156,4.97302147916742e-22,0.0462241255025696,9.5206796718189e-11+0i,1.2015083372674e-11,atp_m;glu__L_m,adp_m;glu5p_m
FACOAL180,"Fatty acid  CoA ligase  octadecanoate ","FATTY ACID OXIDATION",100751492 or 100752583 or 100760496 or 100773264 or 100762894 or 100754767,-1.11701024016702e-12,-1.87518121947354e-11,1.23622614585035e-11,6.72852065822017e-11,-0.0705,4.45774887541692e-05,0.3645498130882,-4.06931570903323+0i,1.76348019545683e-11,atp_c;coa_c;ocdca_c,amp_c;ppi_c;stcoa_c
FAS160ACP,"Fatty-acid biosynthesis (n-C16:0ACP)","FATTY ACID ELONGATION",100689207,-1.28555424530834e-12,-1.93729386505596e-11,1.44341780525747e-11,6.82698857640924e-11,-0.072,2.89735669602628e-05,0.366577160351159,-3.91358041808225+0i,1.80873844052513e-11,h_c;malcoa_c;myrsACP_c;nadph_c,co2_c;coa_c;h2o_c;nadp_c;palmACP_c
FAS180ACP,"Fatty-acid biosynthesis (n-C18:0ACP)","FATTY ACID ELONGATION",100689207,-1.11837874963943e-12,-1.93161864365203e-11,1.23622134527687e-11,6.82622633784089e-11,-0.0725,2.50469799435681e-05,0.370976114971712,-4.11032953484432+0i,1.81978076868808e-11,h_c;malcoa_c;nadph_c;palmACP_c,co2_c;coa_c;h2o_c;nadp_c;ocdcaACP_c
FA180ACPH,"Fatty acyl ACP hydrolase","FATTY ACID OXIDATION",100689207,-1.11837874963943e-12,-1.93161864365203e-11,1.23622134527687e-11,6.82622633784089e-11,-0.0725,2.50469799435681e-05,0.370976114971712,-4.11032953484432+0i,1.81978076868808e-11,h2o_c;ocdcaACP_c,ACP_c;h_c;ocdca_c
ARTFR46_cho,"R group artificial flux","R GROUP SYNTHESIS",,-1.1331913185586e-13,-1.91232552862057e-11,3.58257479082387e-12,6.8279370080785e-11,-0.0735,1.86616094462145e-05,0.393196060589999,-7.39879286472608+0i,1.90099361543498e-11,coa_m;fadh2_m;od2coa_c,R4coa_cho_c;fad_m
BIOMASS_cho_producing,"Biomass for a producing cell line","Biomass and maintenance functions",,0.420897909236449,0.420897909217035,7.51720495651581e-13,6.17591676553142e-10,0.1835,3.34043615321583e-30,0.044456224081361,6.6545099104863e-11+0i,1.9414192475864e-11,asp__L_c;atp_c;ala__L_c;arg__L_c;asn__L_c;chsterol_c;clpn_cho_c;ctp_c;cys__L_c;dgtp_c;datp_c;dctp_c;dttp_c;gln__L_c;glu__L_c;gly_c;gtp_c;glygn2_c;his__L_c;h2o_c;ile__L_c;leu__L_c;lys__L_c;met__L_c;pa_cho_c;pail_cho_c;pglyc_cho_c;pchol_cho_c;phe__L_c;pe_cho_c;ps_cho_c;pro__L_c;sphmyln_cho_c;ser__L_c;trp__L_c;thr__L_c;tag_cho_c;tyr__L_c;utp_c;val__L_c;xolest_cho_c,adp_c;h_c;pi_c;ppi_c
GLYALDDr,"D-Glyceraldehyde dehydrogenase","UNASSIGNED",,-0.0119743746867853,-0.0119743747066939,3.39245084329695e-11,7.13810064789292e-10,0.1075,7.65292047324077e-11,0.039398930667933,-2.39863254833934e-09+0i,1.99086597901799e-11,glyald_c;h2o_c;nad_c,glyc__R_c;h_c;nadh_c
RTOT4_cho,"R total flux","R GROUP SYNTHESIS",,-4.58686070009256e-14,-2.13666637104212e-11,1.45051619526475e-12,7.64627362539947e-11,-0.0755,1.02349149943927e-05,0.394266999980114,-8.86363884678008+0i,2.13207951034203e-11,R4coa_cho_c,Rtotalcoa_c
ACCOAC,"Acetyl-CoA carboxylase","FATTY ACID METABOLISM",100762904 or 100753124 or 100689225 or (100762904 and 100753124) or (100753124 and 100689225),0.802598528999759,0.802598528964822,1.4541266323657e-11,1.00485317183618e-09,0.0965,7.05004827001787e-09,0.0491640524485597,6.27996528367705e-11+0i,3.49366091612069e-11,accoa_c;atp_c;hco3_c,adp_c;h_c;malcoa_c;pi_c
ACACT1m,"Acetyl CoA C acetyltransferase  mitochondrial","TRYPTOPHAN METABOLISM",(100757947 and 100758239) or 100770936,-1.13869333883795,-1.13869333887692,2.60295166467978e-11,1.35439329882115e-09,0.19,2.50372262338498e-32,0.0406794607513662,-4.93688067077624e-11+0i,3.8965941584479e-11,accoa_m,aacoa_m;coa_m
TKT1,"Transketolase","PENTOSE PHOSPHATE PATHWAY",100772462 or 100774058 or 100754020,-0.0332051676506543,-0.0332051709775454,1.28648813431318e-11,1.05341666920654e-07,0.129,2.70838979307575e-15,0.0446635655333062,-1.44546447315239e-07+0i,3.32689107512829e-09,r5p_c;xu5p__D_c,g3p_c;s7p_c
TKT2,"Transketolase","PENTOSE PHOSPHATE PATHWAY",100772462 or 100774058 or 100754020,-0.0332051676506543,-0.0332051709775454,1.28648847999986e-11,1.05341666920864e-07,0.128,4.54658403132695e-15,0.0446635659058364,-1.44546448436438e-07+0i,3.32689110288387e-09,e4p_c;xu5p__D_c,f6p_c;g3p_c
RPI,"Ribose-5-phosphate isomerase","PENTOSE PHOSPHATE PATHWAY",100765051,-0.0664103353002804,-0.066410341954504,2.32078926075315e-11,2.10683352300868e-07,0.1315,7.2881350474113e-16,0.0446665252142376,-1.44556038214981e-07+0i,6.65422364432011e-09,r5p_c,ru5p__D_c
RPE,"Ribulose 5-phosphate 3-epimerase","PENTOSE PHOSPHATE PATHWAY",100756130,-0.0664103353008501,-0.0664103419550831,2.54737091659294e-11,2.10683334062277e-07,0.1275,5.88187390760482e-15,0.0446665916254633,-1.44556240831727e-07+0i,6.65423297019352e-09,ru5p__D_c,xu5p__D_c
ORPT,"Orotate phosphoribosyltransferase","PYRIMIDINE SYNTHESIS",100756786,-0.0472995024765352,-0.0472995124575575,3.70929913534288e-12,3.16090152158957e-07,-0.124,3.46795720100408e-14,0.044655921631304,-3.04433853668485e-07+0i,9.98102227256492e-09,orot5p_c;ppi_c,orot_c;prpp_c
DHORTS,"Dihydroorotase","PYRIMIDINE SYNTHESIS",100689232,-0.047309502476535,-0.0473095124575573,3.70929913884135e-12,3.16090152158957e-07,-0.124,3.46795720100408e-14,0.0446559218175751,-3.04369505625869e-07+0i,9.98102231419828e-09,dhor__S_c;h2o_c,cbasp_c;h_c
CYTDt,"Cytidine facilated transport in cytosol","TRANSPORT, EXTRACELLULAR",100761966 or 100754792,0,-9.98289805812376e-09,0,3.16149206569664e-07,0.075,1.19112404873202e-05,0.0446559710801481,-Inf+0i,9.98289805812376e-09,cytd_e,cytd_c
DUTCP,"DUTP:cytidine 5'-phosphotransferase","NUCLEOTIDE INTERCONVERSION",,3.33481417108051e-13,-9.98284266548496e-09,6.38416657875819e-12,3.16149208321787e-07,0.075,1.19112404873202e-05,0.0446572147834063,-14.8695566973764+4.53236014182719i,9.98317614690207e-09,cytd_c;dutp_c,cmp_c;dudp_c;h_c
ENO,"Enolase","GLYCOLYSIS/GLUCONEOGENESIS",100771169 or 100752856 or 100758414,14.6110332644678,14.6110332478406,4.80046399431547e-11,5.2643411703657e-07,-0.0865,2.81933975582034e-07,0.0446672804256041,1.6417695366623e-09+0i,1.66271778567761e-08,2pg_c,h2o_c;pep_c
GAPD,"Glyceraldehyde-3-phosphate dehydrogenase","GLYCOLYSIS/GLUCONEOGENESIS",100736557 or 100767862,14.611033264468,14.6110332478406,4.83666465313919e-11,5.26434117609233e-07,-0.086,3.3546669355583e-07,0.0446677480310059,1.64178651482276e-09+0i,1.66273519397464e-08,g3p_c;nad_c;pi_c,13dpg_c;h_c;nadh_c
NADHtpu,"NADH transporter, peroxisome","TRANSPORT, PEROXISOMAL",,-6.27000000006433e-06,-6.73999998012915e-06,7.79214083099763e-06,7.28003432119593e-06,-0.113,6.64054200234784e-12,0.0623306083224612,-0.104283144111668+0i,4.69999980064822e-07,nadh_c,nadh_x
NADtx,"Nad transport, glycosomal","TRANSPORT, PEROXISOMAL",,-6.27000000002907e-06,-6.73999998011805e-06,7.79214083093402e-06,7.28003432120888e-06,0.0865,2.81933975582034e-07,0.062330608325886,-0.104283144117407+0i,4.69999980088987e-07,nad_x,nad_c
r1257,"EC:6.2.1.3","FATTY ACID OXIDATION",,9.95999961725993e-06,9.19999995277912e-06,6.31347185827102e-07,2.71361046676384e-06,-0.076,8.78564789995314e-06,0.385774677787377,0.114511833089154+0i,7.59999664480811e-07,atp_r;coa_r;lnlc_r,amp_r;lnlccoa_r;ppi_r
r2511,"Utilized transport","TRANSPORT, ENDOPLASMIC RETICULAR",,9.96000028630213e-06,9.20000005568942e-06,6.31342691162538e-07,2.71361029211442e-06,-0.079,3.44127652786616e-06,0.38577512973796,0.114511913861334+0i,7.60000230612702e-07,crn_r;lnlc_c,crn_c;lnlc_r
r0002,"Active transport","TRANSPORT, ENDOPLASMIC RETICULAR",,9.96000042962463e-06,9.20000010230674e-06,6.31342700258163e-07,2.7136103058647e-06,-0.4605,2.3203219992726e-186,0.38577517668559,0.114511927311161+0i,7.60000327317889e-07,crn_c,crn_r
r0016,"Fe(II):oxygen oxidoreductase Porphyrin and chlorophyll metabolism EC:1.16.3.1","MISCELLANEOUS",100753849 or (100689102 and (100753846 or 100764157)),2.49999984514551e-06,1.5337499767993e-06,2.41926318404261e-12,1.21767288558666e-06,-0.3865,1.70984140025117e-131,1.12220916194202,0.704864683459388+0i,9.66249868346209e-07,fe2_e;h_e;o2_e,fe3_e;h2o_e
ALDD2x,"Aldehyde dehydrogenase (acetaldehyde, NAD)","GLYCOLYSIS/GLUCONEOGENESIS",100756470 or 100757371 or 100756509 or 100772304 or 100757658 or 100763332 or 100772304 or 100755596 or 100761706 or 100768367 or 100768654 or 100772304 or 100758951 or 100768227,1.97500048710854e-06,9.40000196799716e-07,3.9821253405591e-06,2.91901781715693e-06,-0.1035,4.19423246650078e-10,0.296453475841416,1.07112004516447+0i,1.03500029030882e-06,acald_c;h2o_c;nad_c,ac_c;h_c;nadh_c
VLCS2p,"Very-long-chain-fatty-acid-CoA ligase","BILE ACID SYNTHESIS",100754190,9.90999995549461e-06,8.68999999531343e-06,9.44640759797931e-07,3.37484737212127e-06,-0.122,9.34896120105578e-14,0.492313008989561,0.189528874671059+0i,1.21999996018117e-06,atp_x;coa_x;dhcholestanate_x,amp_x;dhcholestancoa_x;ppi_x
r2518,"ATP-binding Cassette (ABC) TCDB:3.A.1.203.1","TRANSPORT, PEROXISOMAL",,9.91000002742926e-06,8.69000000997296e-06,9.4464076665671e-07,3.37484737781444e-06,-0.122,9.34896120105578e-14,0.492313031072222,0.189528882709543+0i,1.2200000174563e-06,atp_c;dhcholestanate_c;h2o_c,adp_c;dhcholestanate_x;h_c;pi_c
GLUDym,"Glutamate dehydrogenase (NADP), mitochondrial","GLUTAMATE METABOLISM",100759948,-1.31975733636246,-1.31975892642421,1.13125501271505e-05,1.38105030684185e-05,-0.08,2.49765983476136e-06,0.12596079106901,-1.73817774472007e-06+0i,1.5900617575948e-06,glu__L_m;h2o_m;nadp_m,akg_m;h_m;nadph_m;nh4_m
P4507A1r,"Cytochrome P450, family 7, subfamily A, polypeptide 1","BILE ACID SYNTHESIS",100689275,5.58999998439443e-06,3.95999999773938e-06,8.97731561481891e-06,7.97183636403725e-06,-0.0815,1.53274945760319e-06,0.192002449112224,0.497347849559597+0i,1.62999998665504e-06,chsterol_r;h_r;nadph_r;o2_r,h2o_r;nadp_r;xol7a_r
RAI3,"13-cis-retinoic acid isomerase","VITAMIN A METABOLISM",,9.97000000316007e-06,8.31000001480441e-06,5.47037133110843e-07,3.74845637783863e-06,-0.166,7.54882350559262e-25,0.619718536459599,0.262745025514938+0i,1.65999998835565e-06,retn_c,13_cis_retn_c
EX_ppi_e,"Diphosphate exchange","Extracellular exchange",,4.32000034498342e-06,2.49000007005285e-06,4.95478349577312e-06,4.32541971143129e-06,-0.183,4.833008447266e-30,0.393484143864709,0.794885644716766+0i,1.83000027493058e-06,ppi_e,
PTPATe,"Phosphopantetheine Adenylyltransferase, Extracellular","TRANSPORT, EXTRACELLULAR",,4.32000036718294e-06,2.49000008096634e-06,4.95478345751839e-06,4.32541973304381e-06,-0.183,4.833008447266e-30,0.393484147165182,0.794885645807227+0i,1.83000028621661e-06,atp_e;h_e;pan4p_e,dpcoa_e;ppi_e
DPCOAPPe,"Pyrophasphatase (dephospho-CoA, extracellular)","COA SYNTHESIS",,4.32000036698472e-06,2.490000080202e-06,4.95478345729103e-06,4.32541973348404e-06,-0.183,4.833008447266e-30,0.393484147279832,0.79488564618388+0i,1.83000028678272e-06,dpcoa_e;h2o_e,amp_e;h_e;pan4p_e
FUMSO4tm,"Fumarate:sulfate antiport, mitochondrial","TRANSPORT, MITOCHONDRIAL",100766192,1.935e-06,5.5e-08,5.45166353672517e-06,1.02347386355231e-06,-0.12,2.47998984433489e-13,0.479316376447843,5.13675813750711+0i,1.88e-06,fum_c;so4_m,fum_m;so4_c
ADA,"Adenosine deaminase","PURINE CATABOLISM",100756254,3.79999972239258e-06,1.77999984146721e-06,1.02182281049092e-05,7.85254220563669e-06,-0.084,6.65702905046178e-07,0.221673984692317,1.09412220046034+0i,2.01999988092537e-06,adn_c;h2o_c;h_c,ins_c;nh4_c
r0834,"Mitochondrial Carrier (MC) TCDB:2.A.29.2.2","TRANSPORT, MITOCHONDRIAL",,-7.86500000000001e-06,-9.96499999999993e-06,5.5684179655733e-06,6.7007424943052e-07,-0.1395,9.2210592667174e-18,0.529517874053804,-0.341423039423359+0i,2.09999999999992e-06,HC00319_c;pi_m,HC00319_m;pi_c
r2353,"Organic anion transporter 5 Utilized transport","TRANSPORT, EXTRACELLULAR",,1.9999999664276e-05,1.78199999785222e-05,1.75506780158787e-11,4.12990653417107e-06,-0.218,2.50139994605864e-42,0.746502395641511,0.166502640661623+0i,2.17999968575377e-06,bilglcur_e,bilglcur_c
HSD3B7,"Hydroxy-delta-5-steroid dehydrogenase, 3 beta- and steroid delta-isomerase 7","BILE ACID SYNTHESIS",100754260,4.55999999358616e-06,2.19999999881525e-06,8.39295064993514e-06,6.25936017119153e-06,-0.118,6.4734137199011e-13,0.318771659512225,1.05153029938779+0i,2.35999999477091e-06,nad_r;xol7a_r,h_r;nadh_r;xol7aone_r
EX_ala_B_e,"Beta-Alanine exchange","Extracellular exchange",,8.86999999999997e-06,6.07500003894588e-06,3.16671976294533e-06,4.88429150004947e-06,-0.2795,4.11786281366215e-69,0.679042242033678,0.546049686559022+0i,2.79499996105409e-06,ala_B_e,
r0899,"Amino acid transporter ATB0+ Facilitated diffusion","TRANSPORT, EXTRACELLULAR",,8.86999999999997e-06,6.07500003894588e-06,3.16671976294533e-06,4.88429150004947e-06,-0.2795,4.11786281366215e-69,0.679042242033678,0.546049686559022+0i,2.79499996105409e-06,ala_B_c,ala_B_e
EX_his__L_e,"L-Histidine exchange","Extracellular exchange",,-0.0539767850889893,-0.0539803650866545,6.31347005912501e-07,4.80698691406962e-06,-0.3695,3.04375218651746e-120,1.04426552675908,-9.56832386082441e-05+0i,3.57999766519013e-06,his__L_e,
HISTAtu,"Histamine uniport","TRANSPORT, EXTRACELLULAR",100763775 or 100761164,-4.00002885371941e-08,-3.62000003001333e-06,6.31347191835451e-07,4.80699005193324e-06,-0.358,6.41361061598541e-113,1.04426545707818,-6.49983549230261+0i,3.57999974147614e-06,hista_e,hista_c
DM_13_cis_oretn_n,"13-cis-oxo-retinoic acid demand","Intracellular demand",,9.94000004905218e-06,6.26500000910045e-06,7.7246252664099e-07,4.83854118597585e-06,-0.3675,5.93919253996485e-119,1.06070040402443,0.665931347264237+0i,3.67500003995172e-06,13_cis_oretn_n,
ORETNtn2,"13-cis-4-oxo-retinoic acid transport, Nuclear","TRANSPORT, NUCLEAR",,9.94000004905218e-06,6.26500000910045e-06,7.7246252664099e-07,4.83854118597585e-06,-0.3675,5.93919253996485e-119,1.06070040402443,0.665931347264237+0i,3.67500003995172e-06,13_cis_oretn_c,13_cis_oretn_n
ORETNF2_cho,"13-cis-4-oxo-retinoic acid formation (oxidation)","VITAMIN A METABOLISM",,9.93500004905218e-06,6.17500000182297e-06,8.03802248942656e-07,4.86119230325752e-06,-0.376,1.74385501597919e-124,1.07920203871978,0.686080837474754+0i,3.76000004722921e-06,13_cis_retn_c;o2_c,13_cis_oretn_c;h2o_c
P4508B13r,"Sterol 12-alpha-hydroxylase (nadh)","BILE ACID SYNTHESIS",100770995,4.93499999469462e-06,1.07499999983031e-06,5.00082784004801e-06,3.09825347321083e-06,-0.386,3.72454690751214e-131,0.927934835525384,2.1987134235437+0i,3.85999999486432e-06,h_r;nadh_r;o2_r;xol7aone_r,h2o_r;nad_r;xoldiolone_r
EX_fe3_e,"Fe3+ exchange","Extracellular exchange",,9.99999999309925e-06,6.13499999842759e-06,4.3105739935822e-13,4.87069161477588e-06,-0.3865,1.70984140025117e-131,1.12220929661302,0.704864750373379+0i,3.86499999467166e-06,fe3_e,
HSD17B4x_cho,"Hydroxysteroid (17-beta) dehydrogenase 4","BILE ACID SYNTHESIS",103161104,4.82999999162104e-06,7.09999999851263e-07,4.99835890160118e-06,2.56889073279403e-06,-0.412,2.56198558910022e-149,1.03678082804284,2.76613225713057+0i,4.11999999176977e-06,cholcoads_x;h2o_x;nadp_x,cholcoaone_x;h_x;nadph_x
DASCBR,"Dehydroascorbate reductase","VITAMIN C METABOLISM",100757688 or 100766426 or 100758427,4.95999944349236e-06,3.04999970064216e-07,5.00108986525576e-06,1.72001559480395e-06,-0.4655,2.05359002947293e-190,1.24478234542128,4.02345895255555+0i,4.65499947342814e-06,dhdascb_c;h_c;nadph_c,ascb__L_c;nadp_c
CYSGLTH,"Glutathione:cystine oxidoreductase","METHIONINE AND CYSTEINE METABOLISM",,4.96000042085815e-06,3.05000101772524e-07,5.00109016134803e-06,1.72001574556825e-06,-0.47,4.23994243943929e-194,1.24478249411294,4.02345861383829+0i,4.65500031908562e-06,cysi__L_c;gthrd_c,cys__L_c;gthox_c
r0027,"NADPH:CoA-glutathione oxidoreductase EC:1.8.1.9","METHIONINE AND CYSTEINE METABOLISM",,4.96000042085815e-06,3.05000101772524e-07,5.00109016134803e-06,1.72001574556825e-06,-0.47,4.23994243943929e-194,1.24478249411294,4.02345861383829+0i,4.65500031908562e-06,cys__L_c;nadp_c,cysi__L_c;h_c;nadph_c
RE1804C,"RE1804","BILE ACID SYNTHESIS",,4.75999998223299e-06,5.99999998336921e-08,4.99548568734089e-06,7.72462520687404e-07,-0.47,4.23994243943953e-194,1.31493417093455,6.30985526120069+0i,4.69999998239929e-06,CE0233_c;nad_c,h_c;nadh_c;xol7ah2al_c
RE1826C,"RE1826","BILE ACID SYNTHESIS",,4.75999998223299e-06,5.99999998336921e-08,4.99548568734089e-06,7.72462520687404e-07,-0.47,4.23994243943953e-194,1.31493417093455,6.30985526120069+0i,4.69999998239929e-06,h_c;nadph_c;o2_c;xol7ah2_c,CE0233_c;h2o_c;nadp_c
r0173,"(S)-Lactate:NAD+ oxidoreductase Glycolysis / Gluconeogenesis / Pyruvate metabolism EC:1.1.1.27","GLYCOLYSIS/GLUCONEOGENESIS",,9.99999999999993e-06,4.02999999990885e-06,7.11685619344186e-20,9.14882235459692e-06,-0.2995,3.00406047004534e-79,0.922835162850657,1.31114825616674+0i,5.97000000009108e-06,lac__L_x;nad_x,h_x;nadh_x;pyr_x
PUNP7,"Purine-nucleoside phosphorylase (Xanthosine)","NUCLEOTIDE INTERCONVERSION",100757729,1.20500001884898e-05,4.98999998581211e-06,9.79006770711297e-06,8.65663734734325e-06,-0.353,8.30037607269438e-110,0.764007552587347,1.27192145244911+0i,7.06000020267772e-06,pi_c;xtsn_c,r1p_c;xan_c
NTD10,"5'-nucleotidase (XMP)","NUCLEOTIDE INTERCONVERSION",100765193,1.20500003319064e-05,4.99000008880341e-06,9.79006782363296e-06,8.65663741596909e-06,-0.353,8.30037607269438e-110,0.76400754920125,1.2719214398432+0i,7.06000024310296e-06,h2o_c;xmp_c,pi_c;xtsn_c
IMPD,"IMP dehydrogenase","NUCLEOTIDE INTERCONVERSION",100760550 or 100689398,0.0250058135543236,0.0249987535536561,9.79006799611043e-06,8.65663783064366e-06,-0.354,1.99618264476596e-110,0.764007571512404,0.000407379909811794+0i,7.06000066747273e-06,h2o_c;imp_c;nad_c,h_c;nadh_c;xmp_c
Htx,"H transporter, peroxisome","TRANSPORT, PEROXISOMAL",,9.99999999999993e-06,2.83000000000001e-06,7.11685619344186e-20,9.56226010989056e-06,-0.3615,4.00556004940656e-115,1.06040947701547,1.82112604183019+0i,7.16999999999992e-06,h_c,h_x
XANDp,"Xanthine dehydrogenase, peroxisomal","PURINE CATABOLISM",100766626,9.58999995830271e-06,2.09000000827761e-06,9.99409040980286e-06,6.11969162697832e-06,-0.375,7.92364168141785e-124,0.905085578079367,2.19802786095051+0i,7.49999995002511e-06,h2o_x;nad_x;xan_x,h_x;nadh_x;urate_x
URATEtx,"Urate export from peroxisome","TRANSPORT, PEROXISOMAL",,9.58999995830271e-06,2.09000000100644e-06,9.99409040980286e-06,6.11969160568773e-06,-0.375,7.92364168141785e-124,0.905085579815522,2.19802786596968+0i,7.49999995729627e-06,urate_x,urate_c
XANtx,"Xanthine diffusion in peroxisome","TRANSPORT, PEROXISOMAL",,9.59000003494986e-06,2.09000000100644e-06,9.99409033621766e-06,6.11969160568773e-06,-0.375,7.92364168141785e-124,0.905085593911896,2.19802787750028+0i,7.50000003394341e-06,xan_c,xan_x
CH25H,"Cholesterol 25-hydroxylase","BILE ACID SYNTHESIS",100762824,9.75999995616171e-06,3.49999999833315e-07,9.99961975776287e-06,2.62315467780324e-06,-0.4705,1.64327393000799e-194,1.28727085571199,4.80145431482494+0i,9.4099999563284e-06,chsterol_r;h_r;nadph_r;o2_r,h2o_r;nadp_r;xol25oh_r
r0672,"Cholest-5-ene-3beta,7alpha-diol:NAD+ 3-oxidoreductase Bile acid biosynthesis EC:1.1.1.181","BILE ACID SYNTHESIS",,9.75999995692553e-06,3.49999999988431e-07,9.99961975854543e-06,2.62315467778255e-06,-0.4705,1.64327393000799e-194,1.28727085570165,4.80145431429846+0i,9.4099999569371e-06,nadp_r;xol25oh_r,h_r;nadph_r;xol7aone_r
O2ter,"O2  transport  endoplasmic reticulum","TRANSPORT, ENDOPLASMIC RETICULAR",,0.25387830611735,0.253867266108432,8.45063297962161e-06,8.22542481053657e-06,-0.5525,6.06915646866809e-268,1.32393428302629,6.27375874483077e-05+0i,1.10400089177176e-05,o2_c,o2_r
3SALATAim,"3-sulfino-alanine transaminase (irreversible), mitochondrial","METHIONINE AND CYSTEINE METABOLISM",100762838,2.81399987955444e-05,1.37400021751749e-05,2.99497715794476e-05,2.52176637804002e-05,-0.249,5.31163667525983e-55,0.520136977875953,1.03424003427526+0i,1.43999966203695e-05,3sala_m;akg_m;h_m,3snpyr_m;glu__L_m
3SPYRSPm,"3-sulfinopyruvate hydrolase (spotaneous reaction), mitochondrial","METHIONINE AND CYSTEINE METABOLISM",,2.81399987955444e-05,1.37400021751749e-05,2.99497715794476e-05,2.52176637804002e-05,-0.249,5.31163667525983e-55,0.520136977875953,1.03424003427526+0i,1.43999966203695e-05,3snpyr_m;h2o_m,h_m;pyr_m;so3_m
MALSO3tm,"Malate:sulfite antiport, mitochondrial","TRANSPORT, MITOCHONDRIAL",100766192,3.83399987955445e-05,2.37200021751747e-05,3.02175590806333e-05,2.52345039864224e-05,-0.2785,1.26805164071494e-68,0.525185930916495,0.692746149501501+0i,1.46199966203698e-05,mal__L_c;so3_m,mal__L_m;so3_c
NTD9,"5'-nucleotidase (GMP)","NUCLEOTIDE INTERCONVERSION",100757075 or 100765193,1.86599983274258e-05,3.13499972967537e-06,1.45502651925969e-05,9.17953661257905e-06,-0.5175,3.68393910045723e-235,1.27620283810051,2.57341163313554+0i,1.55249985977504e-05,gmp_c;h2o_c,gsn_c;pi_c
PUNP3,"Purine-nucleoside phosphorylase (Guanosine)","PURINE CATABOLISM",100757729,8.6599984708422e-06,-6.86500016734978e-06,1.45502651070438e-05,9.17953657739349e-06,-0.5185,4.56470949434313e-236,1.27620284818512,0.335107014663748+4.53236014182719i,1.5524998638192e-05,gsn_c;pi_c,gua_c;r1p_c
DGK1,"Deoxyguanylate kinase (dGMP:ATP)","NUCLEOTIDE INTERCONVERSION",100770439,-1.13400002425465e-05,-2.68649998845379e-05,1.4550265227878e-05,9.17953686913186e-06,-0.5225,1.03349466786194e-239,1.27620291157223,-1.24430716070718+0i,1.55249996419913e-05,atp_c;dgmp_c,adp_c;dgdp_c
PUNP1,"Purine-nucleoside phosphorylase (Adenosine)","NUCLEOTIDE INTERCONVERSION",100757729,0.00127637789693604,0.000681022675359722,0.00261032523851605,0.00199147362599194,-0.0915,4.68872097323941e-08,0.256440442183424,0.906280790579958+0i,0.000595355221576315,adn_c;pi_c,ade_c;r1p_c
DADNK,"Deoxyadenosine kinase","NUCLEOTIDE INTERCONVERSION",100736551,0.00125557789764505,0.000657842674993559,0.00261006517945752,0.00199065222790694,-0.0970000000000001,5.80094236792738e-09,0.257520884347492,0.932537032445794+0i,0.000597735222651488,atp_c;dad_2_c,adp_c;damp_c;h_c
DUTUP,"DUTP:uridine 5'-phosphotransferase","NUCLEOTIDE INTERCONVERSION",,0.00125423789448762,0.000640977674791656,0.00261226018182793,0.00199200285248763,-0.4925,4.67513745531604e-213,0.264003238231979,0.968464999864883+0i,0.000613260219695964,dutp_c;uri_c,dudp_c;h_c;ump_c
DURIPP,"Deoxyuridine phosphorylase","NUCLEOTIDE INTERCONVERSION",100758277,0.00126423789454235,0.000650977674837705,0.00261226018190516,0.00199200285247236,-0.492,1.26096449680186e-212,0.264003238231525,0.957587991907954+0i,0.000613260219704644,duri_c;pi_c,2dr1p_c;ura_c
RNDR4,"Ribonucleoside-diphosphate reductase (UDP)","NUCLEOTIDE INTERCONVERSION",100761591 and (100768429 or 100752542),0.00792284373384136,0.00730958351364411,0.00261226018187229,0.00199200285261357,-0.4925,4.67513745531604e-213,0.264003238438809,0.116229141057658+0i,0.000613260220197257,trdrd_c;udp_c,dudp_c;h2o_c;trdox_c
DHCRD2_cho,"Dihydroceramide desaturase","SPHINGOLIPID METABOLISM",,0.00163450314526568,0.00079613396088939,0.00205763868404926,0.00165227881956075,-0.199,2.15705811588899e-35,0.449287122811682,1.03776904296184+0i,0.000838369184376286,dhcrm_cho_c;fad_c,crm_cho_c;fadh2_c
NDPK6,"Nucleoside-diphosphate kinase (ATP:dUDP)","NUCLEOTIDE INTERCONVERSION",(100765914 and 100765627) or 100752009 or 100762945 or 100763307 or 100774762 or 100759346 or 100761703 or 100760489 or 100767050 or 100752880 or 100758717,0.00304057784839885,0.00169917698059486,0.0127835169988147,0.00988347072195838,-0.483,6.05633583608785e-205,0.117400261270044,0.839509400908115+0i,0.00134140086780399,atp_c;dudp_c,adp_c;dutp_c
OBDHm,"2 Oxobutanoate dehydrogenase","PROPANOATE METABOLISM",,0.0468092927467742,0.0449603256861139,5.68355938157329e-12,0.0091198545622512,-0.246,1.05968238395736e-53,0.286718858915823,0.0581424809055172+0i,0.00184896706066031,2obut_m;coa_m;nad_m,co2_m;nadh_m;ppcoa_m
r1155,"TCDB:2.A.1.13.5 TCDB:2.A.1.13.1","TRANSPORT, MITOCHONDRIAL",,0.0468092927467742,0.0449603256861139,5.68355938157329e-12,0.0091198545622512,-0.246,1.05968238395736e-53,0.286718858915823,0.0581424809055172+0i,0.00184896706066031,2obut_c;h_c,2obut_m;h_m
COAtim,"CoA transporter  mitochondrial   irreversible","TRANSPORT, MITOCHONDRIAL",100761558,0.398216012364239,0.396367045274277,3.7746118728336e-11,0.00911985455673087,-0.103,5.16459229111655e-10,0.286718863633297,0.006714214305102+0i,0.00184896708996274,coa_c,coa_m
SPODMn,"Superoxide dismutase, nuclear","ROS DETOXIFICATION",100765091,0.454443282999541,0.451734813307764,0.321902543466843,0.320090034237763,0.119,4.01482868646861e-13,0.00843766420860151,0.00862414892736871+0i,0.00270846969177696,h_n;o2s_n,h2o2_n;o2_n
HPYRRx,"Hydroxypyruvate reductase (NADH)","GLYOXYLATE AND DICARBOXYLATE METABOLISM",100752744 or 100770347 or 100689064,0.00640030327007479,0.00352645335574532,0.0059744116290239,0.00545949665302094,-0.24,3.78268005466914e-51,0.502180023309159,0.859922309597015+0i,0.00287384991432947,h_c;hpyr_c;nadh_c,glyc__R_c;nad_c
PHETHPTOX,"L-Phenylalanine,tetrahydrobiopterin:oxygen oxidoreductase (4-hydroxylating) Phenylalanine, tyrosine and tryptophan biosynthesis EC:1.14.16.1","TETRAHYDROBIOPTERIN METABOLISM",,0.00471565701848519,0.00130374046981511,0.0154757567640277,0.00840624300417664,-0.0625,0.000380649873378691,0.273979283447534,1.8548020844616+0i,0.00341191654867008,o2_c;phe__L_c;thbpt_c,dhbpt_c;h2o_c;tyr__L_c
GMPS,"GMP synthase","BILE ACID SYNTHESIS",,0.0115846094072106,0.00802299810051211,0.0124666564094363,0.0116715265177762,-0.143,1.25673432177399e-18,0.294941880970476,0.529996041552589+0i,0.00356161130669847,atp_c;nh4_c;xmp_c,amp_c;gmp_c;h_c;ppi_c
XOL27OHtm,"27 hydroxy cholesterol transport","TRANSPORT, MITOCHONDRIAL",,5.34999996106939e-06,-0.00432120025401482,8.45063347441704e-06,0.036236196630884,-0.5565,7.94179359633995e-272,0.168855080001947,-9.65767749381494+4.53236014182719i,0.00432655025397589,xol27oh_r,xol27oh_m
HMGCOAR,"Hydroxymethylglutaryl CoA reductase","SQUALENE AND CHOLESTEROL SYNTHESIS",100756363,-0.160250630705925,-0.164978588101753,0.0732742541428054,0.0467299758793476,-0.175,1.55353630539107e-27,0.0769368426482145,-0.0419487601762103+0i,0.00472795739582835,coa_c;mev__R_c;nadp_c,hmgcoa_c;h_c;nadph_c
PETOHMr_cho,"Phosphatidylethanolamine N-methyltransferase","GLYCEROPHOSPHOLIPID METABOLISM",100767954,0.0318832619796404,0.0270864422799081,0.0260330268207301,0.0150767803093111,-0.1905,1.70625578474653e-32,0.225495269265138,0.235228326680355+0i,0.00479681969973228,amet_r;pe_cho_r,ahcys_r;h_r;pchol_cho_r
PE_CHOter,"Phosphatidylethanolamine scramblase","TRANSPORT, ENDOPLASMIC RETICULAR",,0.0318832619796404,0.0270864422799081,0.0260330268207301,0.0150767803093111,-0.1905,1.70625578474653e-32,0.225495269265138,0.235228326680355+0i,0.00479681969973228,pe_cho_c,pe_cho_r
HSD3A2r,"3 alpha-hydroxysteroid dehydrogenase (type 3)","STEROID METABOLISM",100762147,-0.00917529024633977,-0.0145470182087796,0.0132200918933075,0.0652561499772564,-0.346,1.59352413931614e-105,0.114096805250924,-0.664897764166206+0i,0.00537172796243979,andrstandn_r;h_r;nadph_r,andrstrn_r;nadp_r
O2Stn,"Superoxide anion transport via diffusion (nucleus)","TRANSPORT, NUCLEAR",,0.908886565999082,0.903469626615528,0.643805086933687,0.640180068475526,0.119,4.01482868646861e-13,0.00843766420860151,0.00862414892736871+0i,0.00541693938355392,o2s_c,o2s_n
PPAn,"Inorganic diphosphatase, nuclear","MISCELLANEOUS",100771604,0.908886566000998,0.903469626615903,0.64380508693303,0.640180068475353,0.116,1.66269940781782e-12,0.00843766421100798,0.00862414892981173+0i,0.00541693938509535,h2o_n;ppi_n,h_n;pi_n
r1459,"Transport reaction","TRANSPORT, NUCLEAR",,0.908886566001114,0.903469626615935,0.643805086933076,0.640180068475364,0.1125,8.33495452160396e-12,0.00843766421113661,0.00862414892994292+0i,0.00541693938517818,ppi_c,ppi_n
r1380,"Delta24-sterol reductase Biosynthesis of steroids EC:1.3.1.72","CHOLESTEROL METABOLISM",,0.0282058840130844,0.0226492748614454,2.46498150149466e-13,0.0410614992260473,0.19,2.50372262338508e-32,0.191377133596461,0.316531292068088+0i,0.00555660915163895,h_r;nadph_r;zymst_r,nadp_r;zymstnl_r
r2425,"Mitochondrial Carrier (MC) TCDB:2.A.29.16.1","TRANSPORT, MITOCHONDRIAL",,0.0062687551017464,0.000220586489405281,0.0227739326375565,0.00440932625415626,-0.0680000000000001,8.95813910403011e-05,0.368731080667185,4.82876263402402+0i,0.00604816861234112,adp_m;dgdp_c,adp_c;dgdp_m
DNDPt28m,"DCDP transport via dGDP antiport","TRANSPORT, MITOCHONDRIAL",,0.00888284785355726,0.00186110474665213,0.0266227564522165,0.0127811861782163,-0.0890000000000001,1.16431920457855e-07,0.336255464709874,2.25486302539179+0i,0.00702174310690513,dgdp_m;dcdp_c,dgdp_c;dcdp_m
ETHAK,"Ethanolamine kinase","GLYCEROPHOSPHOLIPID METABOLISM",100766811 or 100765795 or 100770695 or 100755018,0.0140208963360745,0.00609104563032162,0.0182373446477404,0.0131547249754172,-0.203,8.43804981978264e-37,0.498719172345803,1.20281676440268+0i,0.00792985070575292,atp_c;etha_c,adp_c;ethamp_c;h_c
PSSA2_cho,"Phosphatidylserine synthase cho","GLYCEROPHOSPHOLIPID METABOLISM",100763873 or 100689448,0.0140208963385627,0.00609104563076307,0.0182373446460537,0.0131547249753375,-0.214,8.1442134571973e-41,0.498719172505896,1.20281676455415+0i,0.00792985070779964,pe_cho_c;ser__L_c,etha_c;ps_cho_c
EX_asp__L_e,"L-Aspartate exchange","Extracellular exchange",,-0.0284175757575755,-0.0368036363636364,0.000860266985209399,0.00251022255493498,-1,0,4.46938012420528,-0.373064831426857+0i,0.00838606060606087,asp__L_e,
ASPte,"Diffusion of aspartate into blood","TRANSPORT, EXTRACELLULAR",,-0.0284175757575755,-0.0368036363636364,0.000860266985209399,0.00251022255493498,-1,0,4.46938012420528,-0.373064831426857+0i,0.00838606060606087,asp__L_c,asp__L_e
GLNt,"L-glutamine transport via diffusion","TRANSPORT, EXTRACELLULAR",,-3.53238414360154,-3.54077296943687,0.000860828889345935,0.00251207227875846,-1,0,4.46760109445937,-0.00342209932923515+0i,0.00838882583533085,gln__L_e,gln__L_c
ALAGLNexR,"L-alanine/glutamine reversible exchange","TRANSPORT, EXTRACELLULAR",100689315 and 100769905,-5.07404081026807,-5.08242963610348,0.00086082888931377,0.00251207227875157,-1,0,4.46760109453092,-0.00238321378429237+0i,0.00838882583541167,ala__L_e;gln__L_c,ala__L_c;gln__L_e
DNDPt10m,"DADP transport via dCDP antiport","TRANSPORT, MITOCHONDRIAL",,0.0155923210736358,0.00693184470049348,0.0336716739346543,0.0238005806024964,-0.1225,7.30714102952865e-14,0.297030113701984,1.16952446551828+0i,0.00866047637314227,dadp_c;dcdp_m,dadp_m;dcdp_c
DHCR243r,"24-dehydrocholesterol reductase [Precursor]","CHOLESTEROL METABOLISM",100769920,0.0105348976789026,0.00145260302667745,0.0136475331286126,0.00623549016544092,-0.322,1.72400196069172e-91,0.856027333002207,2.85846390560457+0i,0.00908229465222512,dsmsterol_r;fadh2_r,chsterol_r;fad_r
DHCR71r,"7-dehydrocholesterol reductase","CHOLESTEROL METABOLISM",100771700,0.0105348976789026,0.00145260302667745,0.0136475331286126,0.00623549016544092,-0.322,1.72400196069172e-91,0.856027333002207,2.85846390560457+0i,0.00908229465222512,ddsmsterol_r;h_r;nadph_r,dsmsterol_r;nadp_r
LSTO1r,"Lathosterol oxidase","CHOLESTEROL METABOLISM",100752960,0.0105348976789026,0.00145260302667745,0.0136475331286126,0.00623549016544092,-0.322,1.72400196069172e-91,0.856027333002207,2.85846390560457+0i,0.00908229465222512,chlstol_r;h_r;nadph_r;o2_r,ddsmsterol_r;h2o_r;nadp_r
C4STMO2r,"C-4 methyl sterol oxidase","CHOLESTEROL METABOLISM",100754784 or 100764429,0.00918101524627847,5.64117680262514e-05,0.0132194927172298,0.00126045859761045,-0.3235,2.4487577255621e-92,0.971737517215244,7.34651373316659+0i,0.00912460347825222,4mzym_int2_r;nad_r;o2_r,co2_r;h_r;nadh_r;zym_int2_r
r0954,"MCT 1 Transport reaction","TRANSPORT, PEROXISOMAL",,0.0600633306914503,0.0507447578484867,0.110030650583236,0.0867626807228306,-0.086,3.35466693555834e-07,0.0940490479405861,0.243225685472166+0i,0.00931857284296359,mev__R_c,mev__R_x
r0084,"Oxalosuccinate:NADP+ oxidoreductase (decarboxylating) Citrate cycle (TCA cycle) EC:1.1.1.42","UNASSIGNED",103158535,0.0179545167450395,0.00850272194096598,0.146548746617711,0.0934594236137488,0.421,7.01151977080018e-156,0.0769033576351825,1.07835015839521+0i,0.0094517948040735,HC01434_x;h_x,akg_x;co2_x
r0424,"Isocitrate:NADP+ oxidoreductase (decarboxylating) Citrate cycle (TCA cycle) EC:1.1.1.42","UNASSIGNED",,0.0179545167450395,0.00850272194096598,0.146548746617711,0.0934594236137488,0.421,7.01151977080018e-156,0.0769033576351825,1.07835015839521+0i,0.0094517948040735,icit_x;nadp_x,HC01434_x;h_x;nadph_x
PItn,"Phosphate transport, nuclear","TRANSPORT, NUCLEAR",,1.81777313200079,1.80693925323166,1.28761017386691,1.28036013695092,0.1185,5.10057382204135e-13,0.0084376642101763,0.00862414892896852+0i,0.0108338787691273,pi_n,pi_c
DTMPK,"DTMP kinase","NUCLEOTIDE INTERCONVERSION",100755252,0.0312096738733218,0.019805764702728,0.0395837575828485,0.0314911457307362,-0.148,6.69202700484278e-20,0.318838255850999,0.656072876908751+0i,0.0114039091705938,atp_c;dtmp_c,adp_c;dtdp_c
ADNK1m,"Adenosine kinase, mitochondria","NUCLEOTIDE INTERCONVERSION",,0.0245710680352328,0.0131671588641616,0.0395837575824524,0.0314911457308399,-0.131,9.49534498692092e-16,0.318838255865897,0.900016486445674+0i,0.0114039091710713,adn_m;atp_m,adp_m;amp_m;h_m
ADK1m,"Adenylate kinase  mitochondrial","NUCLEOTIDE INTERCONVERSION",100756723 or 100760312 or 100774512 or 100755987,0.0245710680353277,0.0131671588641057,0.039583757582624,0.0314911457309705,-0.131,9.49534498692092e-16,0.318838255868751,0.900016486457363+0i,0.011403909171222,amp_m;atp_m,adp_m
ADNtm,"Equilibrative nucleoside transporter, mitochondrial","TRANSPORT, MITOCHONDRIAL",100754792,0.024571068035615,0.0131671588642185,0.0395837575828639,0.0314911457309781,-0.131,9.49534498692092e-16,0.318838255872416,0.900016486461874+0i,0.0114039091713965,adn_c,adn_m
ADNK3,"Adenosine kinase","PURINE SYNTHESIS",,0.0175919636459031,0.00583508295077819,0.035373943638356,0.0219658387687025,-0.1345,1.45901193158066e-16,0.399306023102074,1.59209145759879+0i,0.011756880695125,adn_c;gtp_c,amp_c;gdp_c;h_c
RE0453M,"Nucleoside-Diphosphate Kinase","PYRIMIDINE SYNTHESIS",100757593,0.0263509131090125,0.0141058618359366,0.0445720754641598,0.034950536739739,-0.157,2.64621238348326e-22,0.305734336595258,0.901558140854529+0i,0.0122450512730758,datp_m;dtdp_m,dadp_m;dttp_m
ADNK4,"Adenosine kinase","PURINE SYNTHESIS",,0.0196707350294612,0.0072452989013123,0.0366986668607068,0.0242594958279409,-0.143,1.25673432177399e-18,0.399439284860361,1.44093375349281+0i,0.0124254361281489,adn_c;dgtp_c,amp_c;dgdp_c;h_c
P5CRx,"Pyrroline-5-carboxylate reductase(nadh)","UREA CYCLE/AMINO GROUP METABOLISM",100751666 or 100758600,0.0434934994746473,0.0309892671257108,1.41102639743418e-06,0.0196900309686187,-0.2875,4.40477362194894e-73,0.898101935832775,0.489031155697999+0i,0.0125042323489365,1pyr5c_c;h_c;nadh_c,nad_c;pro__L_c
CEPTE_cho,"Ethanolamine phosphotransferase","GLYCEROPHOSPHOLIPID METABOLISM",100773070 or 100759003,0.0160320526723654,0.00330538226581618,0.0199566309096161,0.0109091650502682,-0.3345,1.12955172788763e-98,0.791349278605176,2.27807012008453+0i,0.0127266704065492,cdpea_c;dag_cho_c,cmp_c;h_c;pe_cho_c
PETHCT,"Phosphoethanolamine cytidyltransferase","GLYCEROPHOSPHOLIPID METABOLISM",100756894,0.0160320526723654,0.00330538226581618,0.0199566309096161,0.0109091650502682,-0.3345,1.12955172788763e-98,0.791349278605176,2.27807012008453+0i,0.0127266704065492,ctp_c;ethamp_c;h_c,cdpea_c;ppi_c
IPDPtx,"Isopentenyl diphosphate transport (peroxisome)","TRANSPORT, PEROXISOMAL",,-0.100187300014487,-0.114233830253268,0.083193711874224,0.0792853839666158,-0.1705,3.56719535693843e-26,0.172852614514628,-0.189290326312579+0i,0.0140465302387816,ipdp_x,ipdp_c
DPMVDx,"Diphosphomevalonate decarboxylase","CHOLESTEROL METABOLISM",100766541,0.0690480040640148,0.0550014738189685,0.0831937118742057,0.0792853839569898,-0.0840000000000001,6.65702905046153e-07,0.172852614601728,0.328129434227053+0i,0.0140465302450463,5dpmev_x;atp_x,adp_x;co2_x;ipdp_x;pi_x
MEVK1x,"Mevalonate kinase (atp)","CHOLESTEROL METABOLISM",100751653,0.0690480040640148,0.0550014738189685,0.0831937118742057,0.0792853839569898,-0.0840000000000001,6.65702905046153e-07,0.172852614601728,0.328129434227053+0i,0.0140465302450463,atp_x;mev__R_x,5pmev_x;adp_x;h_x
PMEVKx,"Phosphomevalonate kinase","CHOLESTEROL METABOLISM",100759992,0.0690480040640148,0.0550014738189685,0.0831937118742057,0.0792853839569898,-0.0840000000000001,6.65702905046153e-07,0.172852614601728,0.328129434227053+0i,0.0140465302450463,5pmev_x;atp_x,5dpmev_x;adp_x
AMETr,"S-Adenosyl-L-methionine intracellular diffusion","TRANSPORT, ENDOPLASMIC RETICULAR",,0.0956497859389211,0.0812593268397243,0.0780990804621904,0.0452303409279334,-0.1905,1.70625578474653e-32,0.225495269265138,0.235228326680356+0i,0.0143904590991969,amet_c,amet_r
r0202,"Sn-Glycerol-3-phosphate:NAD+ 2-oxidoreductase Glycerophospholipid metabolism EC:1.1.1.8","GLYCOLYSIS/GLUCONEOGENESIS",,0.0303075731787076,0.012856087344398,0.193435170115415,0.136156454518013,0.437,6.73784583512173e-168,0.104333809564283,1.23722669984013+0i,0.0174514858343097,glyc3p_x;nad_x,dhap_x;h_x;nadh_x
TTDCAFATPc,"Uptake of uptake of Hexadecanoate by the enterocytes by the enterocytes","EXCHANGE",,0.118848503837849,0.100924250037688,0.0421125012847945,0.05758379163391,-0.135,1.1119894264363e-16,0.355324108182322,0.235850875295601+0i,0.0179242538001612,atp_c;coa_c;ttdca_e,amp_c;ppi_c;tdcoa_c
MMMm,"Methylmalonyl-CoA mutase","VALINE, LEUCINE, AND ISOLEUCINE METABOLISM",100765277,0.927416409241996,0.905256858256256,0.393584023339649,0.406353478307018,-0.1885,7.86296400850024e-32,0.055396148166788,0.0348900516138262+0i,0.0221595509857397,mmcoa__R_m,succoa_m
PPCOACm,"Propionyl-CoA carboxylase, mitochondrial","VALINE, LEUCINE, AND ISOLEUCINE METABOLISM",100759926 and 100765530,0.703104086804217,0.68094453581289,0.393584023343766,0.406353478311752,-0.187,2.4470741397947e-31,0.055396148180143,0.0462009873412516+0i,0.0221595509913274,atp_m;hco3_m;ppcoa_m,adp_m;h_m;mmcoa__S_m;pi_m
OAADC,"Oxaloacetate decarboxylase","PYRUVATE METABOLISM",,0.3556029655029,0.332042989959088,0.756108417576947,0.730150909399268,0.1375,2.8167242837769e-17,0.0316988869114513,0.0988973144517965+0i,0.0235599755438124,h_c;oaa_c,co2_c;pyr_c
H2O2tp,"Hydrogen peroxide transport via diffusion, glyoxysome","TRANSPORT, PEROXISOMAL",,0.575936315435201,0.539781777753236,0.459548023276101,0.428204999807203,-0.114,4.20233854669148e-12,0.0814010748550991,0.0935330191207284+0i,0.0361545376819652,h2o2_c,h2o2_x
CSm,"Citrate synthase","CITRIC ACID CYCLE",100750580,1.02425203544887,0.987966587792844,3.45300771594734,3.78052630141786,0.0639999999999999,0.00025966971755953,0.0100222963274554,0.0520366028195412+0i,0.0362854476560243,accoa_m;h2o_m;oaa_m,cit_m;coa_m;h_m
ATPtx,"ATP transporter, peroxisomal","TRANSPORT, PEROXISOMAL",,0.207163922191753,0.165023111456833,0.249581179830119,0.237855512822941,-0.1555,6.807091912923e-22,0.172857823924036,0.328104690287488+0i,0.0421408107349207,atp_c,atp_x
UNK2_cho,"2-keto-4-methylthiobutyrate transamination","ARGININE AND PROLINE METABOLISM",,0.121493052434536,0.0720413474244336,0.338810871375439,0.266785455158316,-0.0525,0.00386561792659101,0.162172791242116,0.753976745811281+0i,0.0494517050101026,2kmb_c;gln__L_c;h_c,glu__L_c;met__L_c
METOX,"L-Methionine oxidase","METHIONINE METABOLISM",100753207 or 100773063,0.121493052434642,0.0720413474244646,0.338810871375338,0.266785455158307,-0.052,0.00429494705964298,0.162172791242393,0.753976745811916+0i,0.0494517050101772,h2o_c;met__L_c;o2_c,2kmb_c;h2o2_c;nh4_c
GLYCtm,"Glycerol transport","TRANSPORT, MITOCHONDRIAL",,0.261543645524515,0.21136180939863,1.35083890512232,1.22347632989108,-0.206,7.11449650956186e-38,0.0389389245216635,0.307336996476006+0i,0.0501818361258856,glyc_c,glyc_m
GLYKm,"Glycerol kinase","GLYCEROPHOSPHOLIPID METABOLISM",,0.261543645524611,0.211361809398648,1.3508389051223,1.22347632989108,-0.206,7.11449650956186e-38,0.0389389245217244,0.307336996476413+0i,0.0501818361259636,atp_m;glyc_m,adp_m;glyc3p_m;h_m
r0385,"3-methyl-2-oxobutanoate:[dihydrolipoyllysine-residue (2-methylpropanoyl)transferase] lipoyllysine 2-oxidoreductase (decarboxylating, acceptor-2-methylpropanoylating) EC:1.2.4.4","UNASSIGNED",,0.0969029232919855,0.0305064758511791,0.111141889004974,0.0769109291592753,-0.3,1.64176839068026e-79,0.694730861569913,1.6674246609132+0i,0.0663964474408064,3mob_m;h_m;lpam_m,2mpdhl_m;co2_m
DHRT_ibcoa,"Dihydrolipoyllysine-residue (2-methylpropanoyl)transferase, Isobutyryl-CoA forming","VALINE, LEUCINE, AND ISOLEUCINE METABOLISM",,0.0969029232919855,0.0305064758511791,0.111141889004974,0.0769109291592753,-0.3,1.64176839068026e-79,0.694730861569913,1.6674246609132+0i,0.0663964474408064,2mpdhl_m;coa_m,dhlam_m;ibcoa_m
COAtr,"COA transporter, endoplasmic reticulum","TRANSPORT, ENDOPLASMIC RETICULAR",,0.244881120477076,0.140818697030292,0.0145152260947215,0.121574044660731,-0.4585,9.42989085199476e-185,1.20197240932738,0.798242652419629+0i,0.104062423446784,coa_c,coa_r
ACRNtp,"Acetylcarnitine transport out of peroxisome","EXCHANGE",,0.244861070475169,0.140798187029934,0.0145152230956139,0.121574443421401,-0.424,4.23360284682778e-158,1.2019738389843,0.798334666153546+0i,0.104062883445236,acrn_x,acrn_c
CSNATp,"Carnitine O acetyltransferase  reverse direction  peroxisomal","FATTY ACID OXIDATION",100762198,0.244861070475169,0.140798187029934,0.0145152230956139,0.121574443421401,-0.424,4.23360284682778e-158,1.2019738389843,0.798334666153546+0i,0.104062883445236,accoa_x;crn_x,acrn_x;coa_x
HMGLx,"Hydroxymethylglutaryl-CoA lyase","CHOLESTEROL METABOLISM",100755385,0.244861070475426,0.140798187030005,0.0145152230956291,0.121574443421396,-0.424,4.23360284682778e-158,1.20197383898647,0.798334666154328+0i,0.104062883445421,hmgcoa_x,acac_x;accoa_x
CRNtp,"Carnitine transport into peroxsiome","TRANSPORT, PEROXISOMAL",,0.244861070475551,0.140798187030018,0.0145152230956366,0.121574443421359,-0.424,4.23360284682778e-158,1.20197383898812,0.798334666154932+0i,0.104062883445533,crn_c,crn_x
HMGCOAtx,"Hydroxymethylglutaryl-CoA reversible peroxisomal transport","TRANSPORT, PEROXISOMAL",,0.253845743847991,0.145054903000487,0.0748015115580745,0.130066986382731,-0.4225,5.47306688982605e-157,1.02540082821296,0.807353010162567+0i,0.108790840847504,hmgcoa_c,hmgcoa_x
CATp,"Catalase A  peroxisomal","MISCELLANEOUS",100773774,0.406438728366731,0.294464078372198,0.181964878189846,0.203271643328992,-0.3875,3.59258879195088e-132,0.580442248807232,0.464946228240435+0i,0.111974649994533,h2o2_x,h2o_x;o2_x
PEPCKm,"Phosphoenolpyruvate carboxykinase (GTP)","GLYCOLYSIS/GLUCONEOGENESIS",100762618,0.193033480407993,0.080854223619248,0.577079849734355,0.387837652792324,-0.0620000000000001,0.000431537391695968,0.228168993102058,1.25545605181052+0i,0.112179256788745,gtp_m;oaa_m,co2_m;gdp_m;pep_m
CITtbm,"Citrate transport  mitochondrial","TRANSPORT, MITOCHONDRIAL",100751442,0.193033480407993,0.080854223619248,0.577079849734355,0.387837652792324,-0.0620000000000001,0.000431537391695968,0.228168993102058,1.25545605181052+0i,0.112179256788745,cit_c;pep_m,cit_m;pep_c
G3PD1ir,"Glycerol 3 phosphate dehydrogenase  NAD ","GLYCEROPHOSPHOLIPID METABOLISM",100772179,-0.498425086429449,-0.645220444194558,1.9791833256988,2.15916514772679,0.301,4.8888335415873e-80,0.0708769329838246,-0.372415468828543+0i,0.14679535776511,dhap_c;h_c;nadh_c,glyc3p_c;nad_c
H2Otp,"H2O transport  peroxisomal","TRANSPORT, PEROXISOMAL",,-0.390105341455448,-0.537157275639978,0.72515274993749,0.479623150018053,-0.2405,2.33071011800947e-51,0.239198202002339,-0.461480808028607+0i,0.14705193418453,h2o_c,h2o_x
r0451,"2-Oxoadipate:lipoamde 2-oxidoreductase(decarboxylating and acceptor-succinylating) Lysine degradation EC:1.2.4.2","UNASSIGNED",,0.362555343970844,0.209837830382763,0.395298099561267,0.350002291991548,-0.2025,1.26977414511233e-36,0.409059899304148,0.788926442874324+0i,0.152717513588081,2oxoadp_m;h_m;lpam_m,HC01712_m;co2_m
r0557,"Glutaryl-CoA:dihydrolipoamide S-succinyltransferase Lysine degradation EC:2.3.1.61","UNASSIGNED",,0.362555343970844,0.209837830382763,0.395298099561267,0.350002291991548,-0.2025,1.26977414511233e-36,0.409059899304148,0.788926442874324+0i,0.152717513588081,HC01712_m;coa_m,dhlam_m;glutcoa_m
GLNtm,"L-glutamine transport via electroneutral transporter","TRANSPORT, MITOCHONDRIAL",,0.734316350211176,0.5524680783415,0.494732204310454,0.530989850429204,-0.223,2.93736744630465e-44,0.354354801570781,0.410510615373014+0i,0.181848271869676,gln__L_c,gln__L_m
SPODMx,"Superoxide dismutase, peroxisome","ROS DETOXIFICATION",100765091,0.236931141298684,0.0491363789912357,0.319261358796738,0.134124448513443,-0.3435,5.14403921098515e-104,0.766933599082042,2.26960438305327+0i,0.187794762307448,h_x;o2s_x,h2o2_x;o2_x
GULLACter,"Gulonolactone endoplasmic reticular transport","TRANSPORT, ENDOPLASMIC RETICULAR",,0.299745176464772,0.105152215601007,0.013647852575213,0.146721832258204,-0.6605,0,1.86756879211131,1.51125728922942+0i,0.194592960863765,gullac_c,gullac_r
UROLACer,"Uronolactonase, endoplasmic reticulum","VITAMIN C METABOLISM",,0.299745176464772,0.105152215601007,0.013647852575213,0.146721832258204,-0.6605,0,1.86756879211131,1.51125728922942+0i,0.194592960863765,glcur_r;h_r,glac_r;h2o_r
r0483,"(R)-3-Amino-2-methylpropanoate:2-oxoglutarate aminotransferase EC:2.6.1.22","PYRIMIDINE CATABOLISM",,0.694748902088993,0.48488771442382,0.508913362049217,0.529265625956887,-0.238,2.59817305389608e-50,0.40420943960051,0.51884094883409+0i,0.209861187665173,3aib__D_m;akg_m,2mop_m;glu__L_m
r0086,"2-Oxoglutaramate amidohydrolase Glutamate metabolism EC:3.5.1.3","UREA CYCLE",100756446,0.69474890208906,0.484887714423828,0.508913362049155,0.529265625956897,-0.2375,4.19556987796866e-50,0.404209439600642,0.518840948834205+0i,0.209861187665232,HC00591_m;h2o_m,akg_m;nh4_m
r0157,"L-Glutamine:pyruvate aminotransferase Glutamate metabolism EC:2.6.1.15","UREA CYCLE",,0.69474890208906,0.484887714423828,0.508913362049155,0.529265625956897,-0.2375,4.19556987796866e-50,0.404209439600642,0.518840948834205+0i,0.209861187665232,gln__L_m;pyr_m,HC00591_m;ala__L_m
O2Stm,"Superoxide anion transport via diffusion (mitochondria)","TRANSPORT, MITOCHONDRIAL",,-0.768036998977772,-0.977957297782686,0.247451773474573,0.153122361815544,-0.975,0,1.02019217732464,-0.348595659507581+0i,0.209920298804914,o2s_c,o2s_m
ME1m,"Malic enzyme  NAD   mitochondrial","PYRUVATE METABOLISM",100771311,0.302586159814435,0.0840166705111196,0.70482661223473,0.387995741269999,-0.1145,3.33793789686141e-12,0.384188714878946,1.84859848105377+0i,0.218569489303316,mal__L_m;nad_m,co2_m;nadh_m;pyr_m
ME2m,"Malic enzyme  NADP   mitochondrial","PYRUVATE METABOLISM",100764482 or 100771311,0.305383759025928,0.0825710607521233,0.702451085044284,0.396022514296879,-0.1235,4.45043718099413e-14,0.390757770372053,1.88691519442365+0i,0.222812698273804,mal__L_m;nadp_m,co2_m;nadph_m;pyr_m
MELATN23DOX,"Melatonin:oxygen 2,3-dioxygenase (indole-decyclizing)","TRYPTOPHAN METABOLISM",100754111 or 100754402,0.478836069308931,0.210744662646459,0.209448452465318,0.160765208187225,-0.8005,0,1.43594418347946,1.18403573663613+0i,0.268091406662471,melatn_c;o2_c,fna5moxam_c
OIVD1m,"2-oxoisovalerate dehydrogenase (acylating; 4-methyl-2-oxopentaoate), mitochondrial","VALINE, LEUCINE, AND ISOLEUCINE METABOLISM",(100759869 and 100774277 and 100774234 and 100689437) or (100774234 and 100774277 and 100759869 and 100774281),0.315141035758085,0.0307918261717762,0.374640514405585,0.149912906766585,-0.374,3.5858202053065e-123,0.996553500635405,3.35537828861126+0i,0.284349209586309,4mop_m;coa_m;nad_m,co2_m;ivcoa_m;nadh_m
ASPTA,"Aspartate transaminase","ALANINE AND ASPARTATE METABOLISM",100762297 or 100750547,-0.672712272377989,-0.964405167066029,0.572312460476377,0.805335877213069,0.698,0,0.417534185878453,-0.519649802913064+0i,0.29169289468804,asp__L_c;akg_c,glu__L_c;oaa_c
O2Stx,"Superoxide anion transport via diffusion (peroxisome)","TRANSPORT, PEROXISOMAL",,0.473862282597368,0.0982727579824714,0.638522717593476,0.268248897026886,-0.3435,5.14403921098515e-104,0.766933599082042,2.26960438305327+0i,0.375589524614897,o2s_c,o2s_x
PPItx,"Diphosphate transporter, peroxisome","TRANSPORT, PEROXISOMAL",,0.34023514240468,-0.048218677599171,0.642837632960694,0.286250560267522,-0.2995,3.00406047004534e-79,0.78067993921652,2.81886817204297+4.53236014182719i,0.388453820003851,ppi_c,ppi_x
r0009,"Pyrophosphate phosphohydrolase EC:3.6.1.1","PURINE CATABOLISM",100769185 or 100771604 or 100756805,0.453078588456819,0.0646235484489136,0.64283768580494,0.286250283756245,-0.302,1.44993268498732e-80,0.780682462303231,2.80962943811959+0i,0.388455040007906,h2o_x;ppi_x,h_x;pi_x
ALDD2xm,"Aldehyde dehydrogenase  acetylaldehyde  NAD   mitochondrial","GLYCOLYSIS/GLUCONEOGENESIS",100765516 or 100772225,0.489195556831509,0.0976680196130827,0.424132640826428,0.272348769731571,-0.457,1.50186085793229e-183,1.0985179443213,2.32445315149968+0i,0.391527537218426,acald_m;h2o_m;nad_m,ac_m;h_m;nadh_m
GLYtm,"Glycine passive transport to mitochondria","TRANSPORT, MITOCHONDRIAL",,0.323541281610085,-0.0679874506121295,0.424133111642361,0.272348541704113,-0.4615,3.61778619512853e-187,1.09852070227589,2.25060942399137+4.53236014182719i,0.391528732222215,gly_c,gly_m
THRA,"Threonine aldolase","GLYCINE, SERINE, AND THREONINE METABOLISM",100769555,0.489199141838327,0.0976704096138965,0.424133111640144,0.272348541705239,-0.461,9.16672966477431e-187,1.09852070228485,2.32442842079968+0i,0.391528732224431,thr__L_c,acald_c;gly_c
GLYATm,"Glycine C-acetyltransferase","GLYCINE, SERINE, ALANINE AND THREONINE METABOLISM",100752849,-0.367539626701672,-0.759068358932003,0.424133111639813,0.272348541707509,-0.461,9.16672966477431e-187,1.09852070229934,-1.04633001121591+0i,0.391528732230331,accoa_m;gly_m,2aobut_m;coa_m
OIVD3m,"2-oxoisovalerate dehydrogenase (acylating; 3-methyl-2-oxopentanoate), mitochondrial","VALINE, LEUCINE, AND ISOLEUCINE METABOLISM",(100759869 and 100774277 and 100774234 and 100689437) or (100774234 and 100774277 and 100759869 and 100774281),0.446569276694041,0.037688869279378,0.43827313808174,0.177845733125196,-0.4665,3.13801151165337e-191,1.22254885458656,3.56667358146376+0i,0.408880407414663,3mop_m;coa_m;nad_m,2mbcoa_m;co2_m;nadh_m
FUMtm,"Fumarate transport, mitochondrial","TRANSPORT, MITOCHONDRIAL",100766192,-1.19158030049127,-1.72297712890268,0.958592489103125,0.728624030874022,-0.3005,8.96349574082871e-80,0.624138575953874,-0.532027373209984+0i,0.531396828411409,fum_c;pi_m,fum_m;pi_c
AGPOP,"DGTP:pyruvate 2-O-phosphotransferase, cytosol","GLYCOLYSIS/GLUCONEOGENESIS",,1.98700378029086,1.19023168153241,5.09339791050513,4.02687657013682,-0.0519999999999999,0.00429494705964308,0.173542905344896,0.739352192312938+0i,0.796772098758449,dgdp_c;h_c;pep_c,dgtp_c;pyr_c
SBTD_D2,"D sorbitol dehydrogenase  D fructose producing ","FRUCTOSE AND MANNOSE METABOLISM",100751427,2.21810547757344,1.35969838888912,3.42190882076397,2.87878685084263,-0.139,1.22089477074286e-17,0.271473374427872,0.706041306246231+0i,0.858407088684324,nad_c;sbt__D_c,fru_c;h_c;nadh_c
ABUTt2r,"4 aminobutyrate reversible transport in via proton symport","TRANSPORT, EXTRACELLULAR",100765800 or 100766093,-2.83360986444093,-3.77677032653431,1.02485686953449,0.757188678870011,-0.895,0,1.04677223858677,-0.414511913519466+0i,0.943160462093379,4abut_e;h_e,4abut_c;h_c
PYK3,"Pyruvate kinase(3)","GLYCOLYSIS/GLUCONEOGENESIS",,1.68046520818851,0.698741289793001,4.72721124967881,3.13116002107557,-0.0650000000000001,0.000200214988229909,0.244855140402661,1.26603037469318+0i,0.981723918395509,gdp_c;h_c;pep_c,gtp_c;pyr_c
DTTPtn,"DTTP diffusion in nucleus","TRANSPORT, NUCLEAR",,2.20896849672953,1.13953063474991,5.3213732425337,3.96345883809332,-0.186,5.18998246408539e-31,0.227937533455828,0.954933133759145+0i,1.06943786197962,dttp_c,dttp_n
NDPK9n,"Nucleoside-diphosphate kinase (ATP:IDP), nuclear","NUCLEOTIDE INTERCONVERSION",100765914 and 100765627,2.20895855673139,1.13952068475024,5.32137327248162,3.96345882362666,-0.247,3.92293128484349e-54,0.227937535059308,0.954939239036715+0i,1.06943787198115,atp_n;idp_n,adp_n;itp_n
IDPtn,"IDP nuclear transport","TRANSPORT, NUCLEAR",,2.20895855673139,1.13952068475024,5.32137327248162,3.96345882362666,-0.247,3.92293128484349e-54,0.227937535059308,0.954939239036715+0i,1.06943787198115,idp_c,idp_n
PYK6,"RE2954","PYRIMIDINE SYNTHESIS",,2.22155930078078,1.14743002181234,5.31727946550207,3.96325095883425,-0.0715,3.34819596733659e-05,0.229055063171635,0.953166481334882+0i,1.07412927896844,dtdp_c;h_c;pep_c,dttp_c;pyr_c
PYK,"Pyruvate kinase","GLYCOLYSIS/GLUCONEOGENESIS",100755461 or 100751347,2.39087818127493,1.30244980226346,5.48746280962637,4.19758763817601,-0.0720000000000001,2.89735669602622e-05,0.222797382261113,0.876312853863908+0i,1.08842837901147,adp_c;h_c;pep_c,atp_c;pyr_c
r0357,"Glycolysis / Glyconeogenesis EC:2.7.1.1","FRUCTOSE AND MANNOSE METABOLISM",,1.34011731701919,0.18406256907731,2.87514457182394,1.15372389916957,-0.171,2.52845269623615e-26,0.527732139456425,2.86409112763719+0i,1.15605474794188,fru_c;itp_c,f6p_c;h_c;idp_c
PYK2,"Pyruvate kinase(2)","GLYCOLYSIS/GLUCONEOGENESIS",,2.36718453632716,1.11354863490506,5.48573515152519,3.91565423896363,-0.083,9.32115688938848e-07,0.263048542376947,1.08800760717193+0i,1.2536359014221,h_c;pep_c;udp_c,pyr_c;utp_c
r0407,"Sedoheptulose 1,7-bisphosphate D-glyceraldehyde-3-phosphate-lyase Carbon fixation EC:4.1.2.13","UNASSIGNED",,2.39309636716579,1.04606206233721,3.4418341273425,2.56670339309575,-0.1835,3.34043615321598e-30,0.443692044896819,1.19391004517556+0i,1.34703430482858,HC00361_c,dhap_c;e4p_c
CPK1,"Adenylate kinase","NUCLEOTIDE INTERCONVERSION",100758717,2.61114042422014,1.0807580979729,5.73709446093319,3.92900335323478,-0.1405,5.24412330643167e-18,0.311251011182921,1.27263640007621+0i,1.53038232624724,cmp_c;ctp_c,cdp_c
PYK4,"Pyruvate kinase(4)","GLYCOLYSIS/GLUCONEOGENESIS",,2.65590392482009,1.12552158858975,5.73709446093294,3.92900333749529,-0.1015,9.58430269479362e-10,0.311251013611389,1.23860922996061+0i,1.53038233623034,cdp_c;h_c;pep_c,ctp_c;pyr_c
EX_h_e,"H+ exchange","Extracellular exchange",,5.33966583050077,3.69093242817862,1.02485690291937,0.755656813029034,-0.8035,0,1.83116380332882,0.532764131656559+0i,1.64873340232215,h_e,
r0409,"UTP:Sedoheptulose 7-phosphate 1-phosphotransferase EC:2.7.1.11","UNASSIGNED",,2.37474440116039,0.444117577343219,3.43496432706625,1.75056107644074,-0.263,2.82140639027212e-61,0.708196225882363,2.41875866471462+0i,1.93062682381717,s7p_c;utp_c,HC00361_c;h_c;udp_c
PNTOt4,"Pantothenate sodium symporter","TRANSPORT, EXTRACELLULAR",,-5.86505114975974,-8.00187649020276,2.37428139645038,1.51437795083744,-0.8955,0,1.0730804795383,-0.448194670495459+0i,2.13682534044303,na1_e;pnto__R_e,na1_c;pnto__R_c
r0355,"Glycolysis / Glyconeogenesis EC:2.7.1.1","GLYCOLYSIS/GLUCONEOGENESIS",,2.41980781515555,0.190122258310368,3.51204921265434,1.17701606323198,-0.3255,1.78935099659388e-93,0.851302353858038,3.66989312241026+0i,2.22968555684518,datp_c;glc__D_c,dadp_c;g6p_c;h_c
CYTK14,"Cytidylate kinase (dCMP,UTP)","NUCLEOTIDE INTERCONVERSION",100758717,4.40345889113568,2.15660044602987,10.2190341266003,6.36224606543574,-0.26,6.66722904452793e-60,0.263964957900903,1.02987828480916+0i,2.24685844510581,dcmp_c;utp_c,dcdp_c;udp_c
UMPK7,"UMP kinase (dGTP)","NUCLEOTIDE INTERCONVERSION",100758717,4.48772024492973,2.20936318197212,6.93517149107132,5.38170108786105,-0.3775,1.78692366337699e-125,0.367049153434644,1.02235215129321+0i,2.27835706295761,dgtp_c;ump_c,dgdp_c;udp_c
CO2tm,"CO2 transport  diffusion   mitochondrial","TRANSPORT, MITOCHONDRIAL",,-23.1880225759751,-25.6968616942592,2.51363195815133,2.24194282842488,-0.4965,1.60979157108774e-216,1.05339729079142,-0.148212381409321+0i,2.50883911828411,co2_c,co2_m
SUCOAS1m,"Succinyl-CoA ligase (GDP-forming)","CITRIC ACID CYCLE",100751457 and 100752265,-14.7735729799537,-17.3297846444622,0.393584023340204,0.406353476482081,-1,0,6.3902143383652,-0.230234943128614+0i,2.55621166450847,coa_m;gtp_m;succ_m,gdp_m;pi_m;succoa_m
EX_lac__L_e,"L-Lactate exchange","Extracellular exchange",,2.58712121212122,0.00874999999999741,2.8487538040019e-13,8.27532875204373e-14,-1,0,12291756569064.1,8.20784891664919+0i,2.57837121212123,lac__L_e,
r1109,"Citrate oxaloacetate-lyase ((pro-3S)-CH2COO- -->acetate) Citrate cycle (TCA cycle) EC:4.1.3.6","UNASSIGNED",,-12.1020928956211,-14.7167495587725,3.45300771594608,3.78052630230286,-0.936,0,0.722186594409229,-0.282202499207586+0i,2.61465666315135,cit_m,ac_m;oaa_m
LEUTA,"Leucine transaminase","VALINE, LEUCINE, AND ISOLEUCINE METABOLISM",100763658,-7.94198478368985,-11.0418262584347,1.02034818551763,1.12837864528402,-0.9235,0,2.88164234443326,-0.47540730394912+0i,3.0998414747448,akg_c;leu__L_c,4mop_c;glu__L_c
4MOPt2im,"4-methyl-2-oxopentanoate mitochondrial transport  via proton symport","TRANSPORT, MITOCHONDRIAL",,-7.94198478368985,-11.0418262584347,1.02034818551763,1.12837864528402,-0.9235,0,2.88164234443327,-0.475407303949121+0i,3.0998414747448,4mop_c;h_c,4mop_m;h_m
GLUt2m,"Amino acid transporter (glu-L), mitochondrial","TRANSPORT, MITOCHONDRIAL",100756941 or 100752846,-11.646257635357,-14.8643181186747,1.13674012042983,1.02953124139262,-0.8985,0,2.96742764818569,-0.351986843851344+0i,3.21806048331778,glu__L_c;h_c,glu__L_m;h_m
XYLUR,"Xylulose reductase","PENTOSE PHOSPHATE PATHWAY",100769825,-14.732742959676,-17.9798943308215,2.34126252505629,2.39128270007615,-0.864,0,1.37218763204853,-0.287358483984414+0i,3.24715137114552,h_c;nadph_c;xylu__L_c,nadp_c;xylt_c
r0784,"Xylitol:NAD oxidoreductase Pentose and glucuronate interconversions EC:1.1.1.15","PENTOSE PHOSPHATE PATHWAY",,-14.7327429596755,-17.9798943308215,2.34126252505634,2.39128270007614,-0.864,0,1.37218763204871,-0.287358483984459+0i,3.24715137114597,nad_c;xylt_c,h_c;nadh_c;xylu__L_c
CYOOm2_cho,"Cytochrome c oxidase, mitochondrial Complex IV","OXIDATIVE PHOSPHORYLATION",3979185 and 3979186 and 3979189 and 100770670 and 100757022 and 100765757 and 100768321 and 100764001 and 100757101 and (100766809 or 100768457) and 103163474 and 103161269 and (100756540 or 100767351) and (100764866 or 100772782) and 103158861 and (100756118 or 100759281) and 100755207 and 100767292 and 100764018 and 100762701 and 100761465 and 100759549 and 100766959 and 100761903 and 100756398 and 100763079 and 100772471 and 100751499 and 100758725 and 100758878 and 100768660 and 100769017 and 100767657,3.98429789756813,0.601455137791695,12.3725886737327,5.4588315021847,-0.082,1.29989541750746e-06,0.353764255896956,2.72779648201395+0i,3.38284275977643,focytC_m;h_m;o2_m,ficytC_m;h2o_m;h_im[intermembrane space of mitochondria]
r0082,"Oxalosuccinate:NADP+ oxidoreductase (decarboxylating) Citrate cycle (TCA cycle) EC:1.1.1.42","UNASSIGNED",,-12.1879332697077,-15.5783902701089,1.03766885643863,0.867788127239075,-0.931,0,3.54462174486714,-0.354092659807029+0i,3.39045700040122,HC01434_c;h_c,akg_c;co2_c
r0422,"Isocitrate:NADP+ oxidoreductase (decarboxylating) Citrate cycle (TCA cycle) EC:1.1.1.42","UNASSIGNED",,-12.1879332697077,-15.5783902701089,1.03766885643863,0.867788127239075,-0.931,0,3.54462174486714,-0.354092659807029+0i,3.39045700040122,icit_c;nadp_c,HC01434_c;h_c;nadph_c
ACONT,"Aconitate hydratase","CITRIC ACID CYCLE",100766024 or 100759203,-12.1699787529627,-15.569887548168,1.01573971289846,0.861608820882638,-0.9395,0,3.6098868823171,-0.355431875430156+0i,3.3999087952053,cit_c,icit_c
r2374,"Mitochondrial Carrier (MC) TCDB:2.A.29.7.2","TRANSPORT, MITOCHONDRIAL",,-11.9769552725551,-15.4890433245487,1.32782559467787,1.0737651361168,-0.915,0,2.90857156903062,-0.370986839992002+0i,3.51208805199362,cit_m;oxa_c,cit_c;oxa_m
PDHm,"Pyruvate dehydrogenase","GLYCOLYSIS/GLUCONEOGENESIS",100773493 and 100689437 and 100750352 and 100774853 and 100774878,6.05892456138229,2.13275725189973,3.76700261003798,4.25299788183608,-0.524,4.36688717924114e-241,0.977301299010027,1.50634197388191+0i,3.92616730948256,coa_m;nad_m;pyr_m,accoa_m;co2_m;nadh_m
AKGDm,"2-oxoglutarate dehydrogenase","CITRIC ACID CYCLE",100689437 and 100758466 and (100764862 or 100769436),6.43585077207591,0.746259810796301,7.06677076624284,3.45886804946289,-0.409,3.66987253718009e-147,1.02268087417074,3.10838097653+0i,5.68959096127961,akg_m;coa_m;nad_m,co2_m;nadh_m;succoa_m
r0757,"3-Methoxy-4-hydroxyphenylglycolaldehyde:NADP+ oxidoreductase Tyrosine metabolism EC:1.2.1.5","UNASSIGNED",100772225 or 100757371 or 100765516,-23.3173263734913,-29.0814078963669,0.937455480611097,0.795501680586729,-1,0,6.63010040866649,-0.318694740279692+0i,5.76408152287556,3m4hpga_m;h2o_m;nadp_m,3mox4hoxm_m;h_m;nadph_m
H2Ot,"H2O transport via diffusion","TRANSPORT, EXTRACELLULAR",100767281 or 100765026 or 100752599 or 100770342 or 100751558 or 100768567 or 100772598 or 100773231 or 100760137 or 100758981 or 100762692 or 100773918 or 100773344 or 100750886,-42.100341023942,-49.3664404524759,0.512445932695419,0.377868528291331,-1,0,16.1392092021399,-0.22969870432599+0i,7.26609942853386,h2o_e,h2o_c
EX_o2_e,"O2 exchange","Extracellular exchange",,-42.4299230419026,-50.1025666965397,0.269122929800402,0.311897686670442,-1,0,26.339634298109,-0.239802450997013+0i,7.67264365463709,o2_e,
CO2t,"CO2 transporter via diffusion","TRANSPORT, EXTRACELLULAR",100773231 or s0001,-40.5345084312901,-48.2780095284015,0.00086028091436074,0.00251066337635679,-1,0,4126.27031834732,-0.252215548546781+0i,7.74350109711137,co2_e,co2_c
HCO3E,"HCO3 equilibration reaction","UREA CYCLE/AMINO GROUP METABOLISM",100774844 or 100774549 or 100772227 or 100771949 or 100760390 or 100769849 or 100772435,-27.2991753006228,-35.3921055735877,2.57045015807105,2.41874955074808,-0.935,0,3.24268112273903,-0.374570225761164+0i,8.09293027296491,co2_c;h2o_c,h_c;hco3_c
r0941,"Free diffusion","TRANSPORT, MITOCHONDRIAL",,-28.1490933320991,-36.2420257950101,2.57045015807135,2.41874885829597,-0.935,0,3.24268243617329,-0.364575144363019+0i,8.09293246291096,hco3_c,hco3_m
r0556,"Succinyl-CoA:enzyme N6-(dihydrolipoyl)lysine S-succinyltransferase Citrate cycle (TCA cycle) EC:2.3.1.61","UNASSIGNED",,-7.7556614044957,-16.0236235812988,7.06677076624145,3.45886805019986,-0.9555,0,1.48613263128764,-1.04687871064536+0i,8.26796217680312,dhlam_m;succoa_m,HC00695_m;coa_m
ITCOAL1m,"Itaconate--CoA ligase (GDP-forming), mitochondrial","C5-BRANCHED DIBASIC ACID METABOLISM",100751457 and 100752265,-191.6810216024,-227.858764185578,1.41781809936684,1.27816459674915,-1,0,26.8023249586899,-0.249432359957149+0i,36.1777425831779,coa_m;gtp_m;itacon_m,gdp_m;itaccoa_m;pi_m
H2Otm,"H2O transport  mitochondrial","TRANSPORT, MITOCHONDRIAL",100762692 or 100772598 or s0001,-217.240076022853,-255.821375249689,2.0689176680812,2.30751159198929,-1,0,17.6052615701401,-0.235846540930103+0i,38.5812992268358,h2o_c,h2o_m
r0801,"Mitochondrial Carrier (MC) TCDB:2.A.29.21.1","TRANSPORT, MITOCHONDRIAL",,-206.261561101946,-245.107694606421,1.48485026148978,1.27920516479142,-1,0,28.0305991086377,-0.248940789420073+0i,38.8461335044749,gdp_m;gtp_c,gdp_c;gtp_m
DADK,"Deoxyadenylate kinase","NUCLEOTIDES",100758717 or 100759346 or 100761703 or 100760489 or 100767050 or 100752880,-204.661952869857,-253.507397096984,22.7626541463128,7.74757645899554,-1,0,2.87285546472523,-0.308784917323151+0i,48.8454442271278,atp_c;damp_c,adp_c;dadp_c
