"Accession","femtomoles"
"A1E3K4",7.31478412086024
"B2CMK5",6.63053404822519
"C0SSX9",60.0781321787372
"D6CJI1",6.41184230906475e-07
"F7J0L2",259.347755924074
"G3GR61",561.537356067988
"G3GR62",3.35091841087246
"G3GR64",0.399536416031648
"G3GR66",1.27574914062008
"G3GR69",23.9055711289712
"G3GR73",220.427400185722
"G3GR83",0.774092101117572
"G3GR85",82.0912307537048
"G3GR86",4.77599781278919
"G3GR90",25.5972231054943
"G3GR93",45.9715708501907
"G3GR95",14.2070681189688
"G3GRA0",31.6904372713156
"G3GRA4",5.00594363959251
"G3GRA5",7.22934544660752
"G3GRA9",0.975931714708108
"G3GRB1",36.3263010333421
"G3GRB9",8.39138640484042
"G3GRC0",11.7522105097267
"G3GRD4",69.9856181068235
"G3GRD6",2.09014088486989
"G3GRD7",1.51011701182081
"G3GRD8",60.7152270287204
"G3GRE1",115.004096122678
"G3GRE9",23.562092539055
"G3GRF9",0.317587318897557
"G3GRG3",3.98515945889914
"G3GRG8",96.3578302088472
"G3GRG9",102.074841348747
"G3GRH6",7.67915756930997
"G3GRH9",54.9486513231456
"G3GRI6",1.95114614636274
"G3GRI8",46.5972040497386
"G3IDW8",149.325569645011
"G3GRK1",1.6233692248809
"G3GRK2",1.86353564364262
"G3GRK8",144.280233937399
"G3GRL2",0.707255298876115
"G3GRL6",0.732666391937291
"G3GRL8",1.60110428502397
"G3GRM2",2.61764390287827
"G3GRM4",4.25929805381916
"G3GRM6",6.41184230906475e-07
"G3GRM7",24.9498342318721
"G3GRN2",4.70726081221909
"G3GRN5",35.6157781224857
"G3GRP9",15.6858921057912
"G3GRQ1",14.5760367296103
"G3GRQ2",0.851652037889263
"G3GRR3",5.41206350227352
"G3GRR8",2910.11168711045
"G3GRR9",1.14255782514738
"G3GRS3",5.57916278040918
"G3GRS8",4.03499852864173
"G3GRS9",3.85283220404925
"G3GRT0",110.475089562455
"G3GRT3",1.30529238719397
"G3GRU2",2.76468893560948
"G3GRU9",91.9261776849587
"G3GRV0",10.6116182046437
"G3GRV4",101.981737073593
"G3GRW1",281.489354174538
"G3GRW2",38.3086531612164
"G3GRW3",3.41660230833282
"G3GRX2",23.0203360078865
"G3GRY6",0.624892611464182
"G3GRY7",14.8049274396048
"G3GRZ3",3.12250799726385
"G3GRZ4",2.72689604706126
"G3GRZ5",47.9269804574001
"G3GS04",0.260692885349386
"G3GS14",166.609870003648
"G3GS15",0.785121336362791
"G3GS24",12.2206831153725
"G3GS25",1.80860491293183
"G3GS40",86.9883378073931
"G3GS44",12.5592623512666
"G3GS47",3.44863678692697
"G3GS48",2.15451150009746
"G3GS53",1.11790335586588
"G3GS61",52.2997500031026
"G3GS62",6.85425919152741
"G3GS63",2.400566099077
"G3GS65",0.0648949508804792
"G3GS69",6.34403249638141
"G3GS70",224.724763037613
"G3GS73",110.371919793073
"G3GS78",11.8675592703282
"G3GS82",9.35472429789216
"G3GS85",5.04837514695995
"G3GSA0",102.605343343927
"G3GSA7",0.145172690270774
"G3GSC9",21.1659236807904
"G3GSE2",15.1306333057055
"G3GSG4",21.5745979703819
"G3GSG6",1.75705593868642
"G3GSH2",4.21378825886517
"G3GSH5",507.547946124265
"G3GSH8",5.97024580734195
"G3GSI7",18.2049359114827
"G3GSJ5",4.79939793136496
"G3GSJ6",2.37476232891372
"G3GSJ7",32.4584844169446
"G3GSJ8",4.64919239057532
"G3GSK1",16.667785244089
"G3GSK4",55.4541962837767
"G3GSL5",4.08243040194246
"G3GSL6",22.4066913424204
"G3GSM1",79.3302641441316
"G3GSM5",204.26805152169
"G3GSN1",15.682434136007
"G3GSN2",3.90746429216055
"G3GSN8",13.9015541085646
"G3GSP0",47.6712059149309
"G3GSP4",0.772346707825431
"G3GSP8",9.04852002681047
"G3GSP9",35.6690514619313
"G3GSQ5",6.41184230906475e-07
"G3GSR8",8.03552271958259
"G3GSR9",2.74464679470728
"G3GSS3",7.42579040226843
"G3GSS5",12.4482759123366
"G3GST3",0.0988159837970996
"G3GST5",11.5649901139194
"G3GSV1",3.52426322284716
"G3HEW4",7.44457798312082
"G3GSW2",41.8440335901438
"G3GSW3",64.1247342729378
"G3GSY1",147.552242332539
"G3GSY8",1.23911674113459
"G3GSZ0",22.6504513029733
"G3GSZ3",29.6406012371041
"G3GT01",0.926719691033675
"G3GT05",1005.73127687659
"G3GT06",701.853019272374
"G3GT30",5.23534390878369
"G3GT31",3.55523157525442
"G3GT36",0.421343971821466
"G3GT41",1.44127295371121
"G3GT42",5.50183097556578
"G3GT56",87.7440489606947
"G3GT57",17.6851215532377
"G3GT59",1.78669067813714
"G3GT61",2.62677892043915
"G3GT64",6.41184230906475e-07
"G3GT65",16.3952923558801
"G3GT68",17.6284232934803
"G3GT75",1.02273544555292
"G3GT82",4.89281339972786
"G3GTA3",0.197470553831967
"G3GTA9",11.7156720323654
"G3GTB7",329.158477798643
"G3GTB9",6.41184230906475e-07
"G3GTC7",5.11204413907702
"G3GTC9",11.8321512993669
"G3GTD6",32.6131096193278
"G3GTD7",4.38983925836379
"G3GTE4",15.5291558087826
"G3GTE8",166.161777208158
"G3GTF0",27.1962912616043
"G3GTF3",23.5328926557194
"G3GTF9",114.588435828066
"G3GTG0",11.4896730464164
"G3GTG1",0.610170081684992
"G3GTG7",29.3135175525771
"G3GTH0",6.41184230906475e-07
"G3GTH2",35.3932420261841
"G3GTI2",0.70799521545785
"G3GTJ3",1563.36583039661
"G3GTJ9",6.57651766103824
"G3GTK4",0.614485015452869
"G3GTL0",3.91506629768716
"G3GTL7",23.2234466233276
"G3GTM0",3.65555421548067
"G3GTM1",1.50424253749904
"G3GTM5",41.745263573125
"G3GTN0",2.45078996841513
"G3GTN1",30.8193021901024
"G3GTN3",46.8802617306949
"G3GTP7",15.6063650852538
"G3GTQ2",4.31565489507121
"G3GTQ6",6.41184230906475e-07
"G3GTQ7",0.738060978321466
"G3GTR4",3.71504304861643
"G3GTR5",9.92948824612347
"G3GTS0",0.874822141790068
"G3GTS4",38.8985569731606
"G3GTS6",185.114277807414
"G3GTU0",12.6450985003623
"G3GTU1",2.67410172234543
"G3GTU8",28.5092583541376
"G3GTV7",7.14326548328146
"G3GTV8",7.07698666075514
"G3GTV9",39.8629681096086
"G3GTW0",4.1837517070019
"G3GTX5",15.1743851456594
"G3GTY0",1.82354162689113
"G3GTY6",25.0961225791303
"G3GTZ4",7.67240054358944
"G3GTZ6",0.138200166516298
"G3GU10",206.699409647023
"G3GU12",33.1385406758892
"G3GU22",0.665080858548714
"G3GU35",3.28681009448683
"G3GU39",1.67050073123125
"G3GU41",8.35807004316252
"G3GU54",2.74867662652539
"G3GU57",13.4918660312667
"G3GU60",292.017593203193
"G3GU61",5.78525271133295
"G3GU62",4.49449622106374
"G3GU64",8.73009929296448
"G3GU67",8.77024910214966
"G3GU69",2.10827918027866
"G3GU73",32.714632270127
"G3GU75",15.3862940098639
"G3GU76",1756.25714617695
"G3GU77",1.15325035714967
"G3GU78",2.93960097008146
"G3GU82",30.2550819626024
"G3GU83",6.41184230906475e-07
"G3GU87",6.0607452216378
"G3GU92",145.432600661176
"G3GUA5",33.8686893680222
"G3GUB2",17.4514241284784
"G3GUB3",111.080660943237
"G3GUB4",126.711201240482
"G3GUB5",7.67026085912677
"G3GUB9",3.11507114430198
"G3GUC4",3.05242778661339
"G3GUC7",10.9392121044218
"G3GUC8",113.29872624378
"G3GUD0",1.90334235855039
"G3GUD7",1.42719695135314
"G3GUD8",91.5538252725542
"G3GUD9",6.08086219723443
"G3GUE2",14.7336023252438
"G3GUG1",43.4158423909208
"G3GUG5",1.49345681181684
"G3GUG6",0.720796605192426
"G3GUG7",186.650789953047
"G3GUH7",1.66857176684469
"G3GUH8",7.06856282919309
"G3GUI3",95.2269758611027
"G3GUK0",23.5013581055606
"G3GUK6",38.0428773262467
"G3GUL9",6.41184230906475e-07
"G3GUM0",2.49637841824997
"G3GUM4",29.3511614519827
"G3GUM5",26.7399320728906
"G3GUM9",218.844845223023
"G3GUN0",70.5302432339117
"G3GUN6",33.9809747544522
"G3GUN7",16.4114531021094
"G3GUP2",10.4131944551085
"G3GUP6",4.77943551162115
"G3GUP7",63.034192501433
"G3GUQ4",5.27772580907731
"G3GUQ6",509.935906353351
"G3GUQ7",25.8326635818197
"G3GUQ8",20.6504992918226
"G3GUR8",3.33096928927365
"G3GUS2",134.676676587319
"G3GUS6",17.2513581740689
"G3GUS8",4.34074693500764
"G3GUT3",100.176553900067
"G3GUT4",10.1216989834599
"G3GUU0",0.182892136267576
"G3GUU4",5.44792017676651
"G3GUU5",570.63023102458
"G3GUU6",1.10130063368468
"G3GUV1",1.65025023429598
"G3GUW0",13.0757071158711
"G3GUX2",3.92145676081337
"G3GUX6",6.31706136751209
"G3GUY1",1.6035657808613
"G3GUY2",2.28268109945201
"G3GUY3",3.4083758476974
"G3GUY5",32.3050632444117
"G3GUZ0",1.73398215371037
"G3GV08",1.15123864352927
"G3GV17",9.54713319457513
"G3GV24",14.2277497742265
"G3GV26",19.3446405850931
"G3GV27",3.40673063302743
"G3GV30",4.8300122181635
"G3GV32",5.19464109429471
"G3GV34",2.86551524582198
"G3GV37",16.7405516019856
"G3GV40",0.748540776232495
"G3GV42",10.2765082291477
"G3GV47",221.922374935854
"G3GV53",3.64181356542126
"G3GV59",1.52742431893582
"G3GV64",46.6378080522075
"G3GV68",17.8378890969684
"G3GV75",13.7660949632817
"G3GV81",7.43884029465519
"G3GV85",19.1056157329996
"G3GV87",0.63524354049754
"G3GVA0",3.25635915021628
"G3GVA5",1.90043662106846
"G3GVB1",0.339695116120706
"G3GVB5",384.547085677365
"G3GVB6",5.39937075272216
"G3GVD0",16500.2957160612
"G3GVE7",0.742402621928309
"G3GVE9",8.2280083489473
"G3GVF4",327.580533081669
"G3GVF5",11.764771465461
"G3GVF8",32.6319967768998
"G3GVG0",54.2680260172103
"G3GVG3",5.6583135493582
"G3GVG4",2.12275027257612
"G3GVH2",5.5706924586073
"G3GVH4",10.2979965910374
"G3GVH7",4.22671053888628
"G3GVH8",26.0541116194692
"G3GVI0",0.496671888913142
"G3GVI3",9.31063681901854
"G3GVI4",14.7600603342263
"G3GVI7",0.787390536372601
"G3GVJ0",11.8070251522693
"G3GVJ3",6.41184230906475e-07
"G3GVJ7",5.25225084034962
"G3GVJ8",6.41184230906475e-07
"G3GVK9",4.61629001835222
"G3GVL1",10.6476979405415
"G3GVM7",40.485726466463
"G3GVM9",6.48767982674354
"G3GVN0",10.2053455898549
"G3GVP3",2.23776736236982
"G3GVP4",3.45960972893875
"G3GVP7",24.5859902053229
"G3GVP9",10.5461840806174
"G3GVQ7",27.1470064740433
"G3GVQ8",6.18908378720811
"G3GVR0",1.64028866470766
"G3GVR1",0.985305691964477
"G3GVR4",12.3773529683094
"G3GVS1",9.47001828650041
"G3GVS3",3.02991696116956
"G3GVT2",80.2952191705941
"G3GVT9",5.65184635387915
"G3GVU5",48.5151909321724
"G3GVV2",47.0988633195674
"G3GVV3",5.2838448478653
"G3GVV6",1.51898353435768
"G3GVV9",12.2675629008202
"G3GVW0",22.3425582816994
"G3GVW1",48.4434454684498
"G3GVW8",0.511606777706075
"G3GVW9",14.4265731395319
"G3GVX1",65.954913450395
"G3GVX2",85.4385813550686
"G3GVX8",27.1106314737002
"G3GVY6",14.3840426869782
"G3GVY7",5.66455796627267
"G3GVZ0",2.6692049882229
"G3GVZ1",28.358835040812
"G3GVZ4",8.85339515134463
"G3GVZ7",11.713388500492
"G3GW00",3.57895795589872
"G3GW05",4.46428572616599
"G3GW06",0.886272995244403
"G3GW11",294.12220215663
"G3GW16",0.358169542798791
"G3GW36",9.28321307124227
"G3GW47",105.62218837683
"G3GW54",12.014938918722
"G3GW69",6.93247924744424
"G3GW77",23.5387325381423
"G3GW85",9.52910009341326
"G3GW88",203.616506781049
"G3GW95",5.49559248006161
"G3GW97",4.39912901071902
"G3GW99",18.2408430844384
"G3GWA8",0.484839465987325
"G3GWB0",0.185824845162763
"G3GWB3",323.662194093979
"G3GWB9",6.61204134392385
"G3GWC2",10.7026788089248
"G3GWC4",34.7613939318545
"G3GWD0",1.30369776735922
"G3GWD2",40.2836521554148
"G3GWD3",7.53786364788232
"G3GWD5",9.38714254230956
"G3GWE3",0.886923876327513
"G3GWE6",100.084730779062
"G3GWE9",54.3280347728215
"G3GWF3",21.2718518264087
"G3GWF4",137.80536061471
"G3GWG1",15.3010583048343
"G3GWG3",342.529864163965
"G3GWG7",38.8676895602237
"G3GWH3",53.8540245554004
"G3GWI3",12.9462462852005
"G3GWI6",2.21483475261131
"G3GWI9",1.85880370050877
"G3GWJ3",0.548038939824491
"G3GWK0",1.94705332658231
"G3GWL5",0.887721751755741
"G3GWL7",56.7325337213274
"G3GWM0",94.8627501538404
"G3GWN2",0.552287190923407
"G3GWN4",13.0562280326883
"G3GWP1",19.4688322693575
"G3GWP2",14.6990942018154
"G3GWP4",0.944524079343704
"G3GWP7",20.0588017216094
"G3GWQ1",102.299037973398
"G3GWR2",701.187799715641
"G3GWR3",11.3767275844414
"G3GWR8",470.344132696701
"G3GWS0",8.30036955977575
"G3GWS2",4.41682554164971
"G3GWS7",0.417184333269312
"G3GWT1",2.61014091402848
"G3GWT5",11.646030836585
"G3GWT7",105.920226148304
"G3GWU0",16.8872705786487
"G3GWU4",142.063082260301
"G3GWU6",23.1137129898575
"G3GWV5",4.59579912658526
"G3GWV6",1.45172621490094
"G3GWV8",3.07330430124508
"G3GWV9",105.519169333205
"G3GWW5",2.92464795097629
"G3GWW7",78.7592486633279
"G3GWX0",1.49068069771149
"G3GWX5",3.04652636669206
"G3GWX6",48.7280560987373
"G3GWY2",3.18213289586252
"G3GWY3",90.2198666075636
"G3GWZ6",14.9291978571487
"G3GX06",3.052099920207
"G3GX08",6.64376016308471
"G3GX12",8.65275718083405
"G3GX15",2.28831088388096
"G3GX17",38.8510689758277
"G3GX18",1.21429039282228
"G3GX20",9.52569774592161
"G3GX21",28.2331104613206
"G3GX26",2.71339492651844
"G3GX32",18.2176769029211
"G3GX34",44.1976771634825
"G3GX35",2.30162928100719
"G3GX36",6.01895356929901
"G3GX44",4.53423362594894
"G3GX45",0.591832404396997
"G3GX50",0.446729837330345
"G3GX53",1.20813939328922
"G3GX54",11.0734395305484
"G3GX55",50.9805140720279
"G3GX57",2.25259109318384
"G3GX59",2.62808400739966
"G3GX68",28.9595068469806
"G3GX71",37.2150899180903
"G3GX75",52.5491014133896
"G3GX76",36.450689290009
"G3GX80",25.5222717371876
"G3GX84",6.41184230906475e-07
"G3GX89",1.15748591666366
"G3GX92",12.5581179979042
"G3GX95",0.924638151981058
"G3GX96",300.070993683519
"G3GXA1",2.41488133093568
"G3GXA5",16.9034468685474
"G3GXA9",2407.10335300052
"G3GXB0",425.328447669579
"G3GXB1",338.223665086714
"G3GXB5",2.89922262108722
"G3GXB6",3.0083947059608
"G3GXB7",23.3226883717229
"G3GXB9",11.027855489639
"G3GXC5",3.90338805251601
"G3GXD0",1.86557910362369
"G3GXD5",31.8897651790807
"G3GXD7",118.427141953977
"G3GXE0",4.79085812056012
"G3GXE8",2.51983448838274
"G3GXF0",33.9325132627281
"G3GXF4",2.34311638727199
"G3GXF6",26.2556942950026
"G3GXG0",11.4497386866738
"G3GXG1",0.931114550380439
"G3GXG4",59.6362690543626
"G3GXG8",1.6951549611685
"G3GXH4",43.4027362374528
"G3GXH9",0.485910076695199
"G3GXI6",23.2584715504692
"G3GXJ0",8.29133739488985
"G3GXJ1",11.5809685166427
"G3GXJ2",4.3382043544369
"G3GXJ4",1.26045487745256
"G3GXJ5",3.92983098386133
"G3GXK1",19.8508535020638
"G3GXL8",4.83755583938807
"G3GXL9",1.58312840804607
"G3GXN3",2.09974922780185
"G3GXP6",0.207366035523228
"G3GXP8",0.218319970031332
"G3GXQ2",8.82409315642784
"G3GXQ3",257.314899575918
"G3GXQ4",224.360262298644
"G3GXQ7",4.84953767121477
"G3GXR3",6.72616238939285
"G3GXR9",7.08496152187483
"G3GXS0",4.1931373782687
"G3GXS8",7.76859369822124
"G3GXT0",3.07702102409896
"G3GXT2",44.4265923488084
"G3GXT6",32.5375645491621
"G3GXT7",3.07723965940497
"G3GXT8",10.4078487173356
"G3GXT9",3.42362273103573
"G3GXU1",52.3117371682144
"G3GXU2",2.19072057796952
"G3GXV6",9.54282329596851
"G3GXW5",0.982040268066357
"G3GXW7",0.0806381732585945
"G3GXW9",20.1320069267562
"G3GXX3",608.658083469185
"G3GXX4",665.583384689377
"G3GXX6",3.55226613911854
"G3GXX7",33.2850014053553
"G3GXY1",61.6791100867177
"G3GXY3",0.238801883283595
"G3GXY4",74.739282862922
"G3GXZ0",5.2242218957009
"G3GXZ7",0.364317663843467
"G3GXZ9",6.41184230906475e-07
"G3GY01",0.436313234506495
"G3GY05",4.62637040847395
"G3GY09",9.4396315423134
"G3GY17",67.7287215097327
"G3GY22",579.455604198235
"G3GY25",20.7679749449294
"G3GY31",80.460539114758
"G3GY44",48.313116722579
"G3GY47",2116.46617387087
"G3GY50",1.66085663549491
"G3GY52",27.3559000098041
"G3GY55",7.23653902124776
"G3GY68",5.4803314180907
"G3GY70",57.4682441329233
"G3GY75",1536.19588217959
"G3GY76",10.0342123338581
"G3GY78",5.92456609797651
"G3GY87",20.9901908856493
"G3GY88",6.02554574466498
"G3GY95",107.219399723556
"G3GY98",4.57940855215469
"G3GYA1",2.65941239712412
"G3GYA2",17.1542434843345
"G3GYB0",7.33749829891455
"G3GYB7",92.2485157928837
"G3GYB9",4.03896887650125
"G3GYC4",32.5776971580764
"G3GYC6",901.233822814152
"G3GYC8",5.23022768720256
"G3GYD3",3.88994846031965
"G3GYD5",132.464525934824
"G3GYD7",1.50883524482629
"G3GYE0",1.41419132658428
"G3GYF2",10.9296427474734
"G3GYG1",0.391396557457311
"G3GYH9",3.95925554648493
"G3GYJ1",13.6237947825355
"G3GYJ5",10.2927664849381
"G3GYJ9",10.6235684644836
"G3GYK0",18.1945116796888
"G3GYK2",12.1063667500818
"G3GYK8",177.188548328565
"G3GYL0",94.9250808619094
"G3GYL3",86.3997623106073
"G3GYL6",27.5237565906764
"G3GYL9",12.7011883647777
"G3GYM0",21.1438089884744
"G3GYM8",13.908443012576
"G3GYM9",8.12621846098233
"G3GYN0",47.5851609526517
"G3GYN1",0.685100854110524
"G3GYN7",2.58296206145174
"O70473",139.401511760007
"G3GYP9",246.22557514169
"G3GYQ4",3.08019128548187
"G3GYR1",5.15205881955011
"G3GYR9",1157.06055005098
"G3GYS0",26.7669077456817
"G3GYS5",5.32234444136435
"G3GYU5",3.2731169824719
"G3GYV4",48.3202904848218
"G3GYV8",30.6637838940071
"G3GYW2",1.76059837238389
"G3GYW8",3.72736255583079
"G3GYX1",38.4308827456459
"G3GYX2",71.0568442795501
"G3GYX3",1.20813939328922
"G3GYX4",19.5338400718114
"G3GYX8",3.04313868248395
"G3GYY2",307.813961303299
"G3GYY4",69.7678065951462
"G3GYY6",272.984880974894
"G3GYY9",3.22547952470437
"G3GYZ0",25.6358726959871
"G3GYZ1",697.066505552977
"G3GZ00",4.54054395238444
"G3GZ05",2.56252968594589
"G3GZ09",8.50898791569109
"G3GZ20",6.33507901016787
"G3GZ21",59.9661513823778
"G3GZ22",22.998160783376
"G3GZ25",17.7186804530558
"G3GZ26",65.6058915524908
"G3GZ27",6.08768010829708
"G3GZ41",27.9652721964843
"G3GZ50",9.25148640396829
"G3GZ54",8.14743068754421
"G3GZ58",3.57170768401637
"G3GZ60",10.8135791075411
"G3GZ63",15.0788272392999
"G3GZ66",13.8636671229386
"G3GZ72",31.839044756324
"G3GZ80",1.68271918520715
"G3GZ81",118.359437002557
"G3GZ85",238.123827587434
"G3GZ87",36.6473693584167
"G3GZ89",24.0726954429697
"G3GZ90",62.5819901308657
"G3GZ95",28.2448596517709
"G3GZA7",6.19411625566727
"G3GZA9",225.076713036309
"G3GZB1",67.7637780358023
"G3GZB2",55.0579131173782
"G3GZB3",1.99683221914137
"G3GZC4",1.29370626394268
"G3GZD2",31.2294270495703
"G3GZD8",12.3052996456678
"G3GZE6",165.079048755129
"G3GZF3",0.69055660813275
"G3GZF9",2.82506162529656
"G3GZG1",1.93445350962758
"G3GZG5",189.212556608649
"G3GZG7",2.81339789714954
"G3GZH1",2.3643566609255
"G3GZH2",2.12512643086112
"G3GZH5",12.6554001146656
"G3GZH6",6.61304999354534
"G3GZH8",21.7644671429238
"G3GZI0",7.32962678974122
"G3GZI6",3.10883775656817
"G3GZI7",1.13271510353715
"G3GZI8",6.77057233378204
"G3GZJ7",0.78202636615006
"G3GZJ9",1.60270959444514
"G3GZL2",7.46820527378413
"G3GZL3",0.492644323284901
"G3GZL7",50.8308067047186
"G3GZL8",18.5687466164682
"G3GZM6",0.260713061909447
"G3GZN2",0.601232207333753
"G3GZN6",1.20888170134947
"G3GZN8",6.61977445221865
"G3GZP1",108.240450984667
"G3GZP6",6.41184230906475e-07
"G3GZP8",460.588210850446
"G3GZQ4",1.4959127450166
"G3GZQ8",47.3437840765354
"G3GZQ9",49.9065333424916
"G3GZR1",103.563658232413
"G3GZU9",4.66492617141464
"G3GZW1",3.24924065788961
"G3GZW7",46.7524608521118
"G3GZW8",384.316851614266
"G3GZX2",0.737132224782552
"G3GZX4",1.3912810665827
"G3GZX7",9.96117429925538
"G3GZY4",0.73380363470092
"G3GZZ0",153.9046459164
"G3GZZ7",4.82557497290638
"G3H008",10.7855658736696
"G3H018",395.437114577387
"G3H025",33.0617753118691
"G3H030",7.0645195060164
"G3H036",0.921936583714374
"G3H037",115.523125197734
"G3H042",14.1048232420351
"G3H045",6.41184230906475e-07
"G3H049",1.34571036920549
"G3H056",11.0666015346317
"G3H057",0.658300951703917
"G3H065",53.1426643235909
"G3H066",54.5500859005828
"G3H071",2.13560415820781
"G3H082",2.20391202230666
"G3H083",12.5420974071508
"G3H088",16.711674829223
"G3H095",1.97613992618579
"G3H098",0.33918635283567
"G3H0A3",23.2234466233276
"G3H0A7",23.487343191653
"G3H0B5",592.461863731442
"G3H0B9",50.9565599310901
"G3H0C2",244.574272811754
"G3H0C8",2.37086002924693
"G3H0D2",35.933088582243
"G3H0E0",0.598340244835689
"G3H0E1",0.838990012042789
"G3H0E4",64.0064824777023
"G3H0E5",2.48107067948829
"G3H0E6",42.8571583797704
"G3H0E7",6.72616238939285
"G3H0E9",1.64800067620038
"G3H0F0",9.42024464753112
"G3H0F1",13.1903090244171
"G3H0F3",1.13260928289586
"G3H0F9",7.03767824350732
"G3H0G0",6.44557126740188
"G3H0G1",6.41184230906475e-07
"G3H0H5",8.92366489169772
"G3H0J8",9.46707017968127
"G3H0K2",1.91432088972777
"G3H0L1",2.31365047521758
"G3H0L7",4.33068744333317
"G3H0L9",76.0421060284283
"G3H0M3",2.96580199811415
"G3H0N2",58.4484644908423
"G3H0N5",3.72340256955891
"G3H0N9",3.47244950824878
"G3H0P3",5.52411319352616
"G3H0Q0",984.34595692029
"G3H0R3",5.88894610528621
"G3H0S4",46.2497287365597
"G3H0S7",2.29285834646493
"G3H0T1",176.41530709355
"G3H0T6",6.1284809867459
"G3H0T7",9.08747093879458
"G3H0T9",9.86101673508218
"G3H0U6",2080.91678382924
"G3H0V1",2.8904945634124
"G3H0V2",3.17425374629519
"G3H0W1",0.607442642396385
"G3H0X1",6.41184230906475e-07
"G3H0X3",2.40739802343154
"G3H0X4",0.252696921275656
"G3H0Y4",5.37153917669461
"G3H0Y5",4.41450274026142
"G3H0Y9",88.193919631998
"G3H0Z8",1.57328728358979
"G3H102",8.52718078616596
"G3H103",12.1738091794315
"G3H104",9.22905325331365
"G3H110",90.3821531918975
"G3I0Z5",2.84403215219927
"G3H121",140.86207800734
"G3H125",2.42399246250396
"G3H128",1.15992159183034
"G3H133",7.22282647071129
"G3H134",53.6632586813584
"G3H137",4.31653911552268
"G3H151",577.018791159231
"G3H156",64.0692274440187
"G3H158",12.3750653510947
"G3H160",55.9767102389224
"G3H161",8.27180643320959
"G3H162",200.121881774982
"G3H166",18.4459053803914
"G3H168",91.1192729675721
"G3H170",146.758809388284
"G3H171",1.01457314666933
"G3H177",214.438269838558
"G3H178",2.55981301302015
"G3H180",0.0677471573735208
"G3H183",3.59708572415584
"G3H193",26.4069143706084
"G3H194",37.4296884062609
"G3H196",59.2907990219587
"G3H197",4.40587554049386
"G3H1A1",17.2837336948025
"G3H1A4",161.583545323105
"G3H1B1",6.41184230906475e-07
"G3H1B2",12.2103932129812
"G3H1B3",242.406701644327
"G3H1B7",4.20616803107525
"G3H1C4",4.14853395513588
"G3H1C9",0.868600208090873
"G3H1D2",8.31041821891773
"G3H1D5",49.6839285523689
"G3H1D6",27.1340990342575
"G3H1D8",19.6650379390015
"G3H1E0",122.272365374269
"G3H1E3",3.14744752564347
"G3H1E5",5.78882349759562
"G3H1F4",358.189550342363
"G3H1G6",0.336195327986466
"G3H1G7",98.1411762705959
"G3H1G8",139.661406778926
"G3H1H6",2.81274390283301
"G3H1I3",10.7841994349501
"G3H1I6",22.9934924036661
"G3H1I9",0.808157768314124
"G3H1J9",0.763663460253666
"G3H1K6",0.472018751716165
"G3H1K9",316.897797442928
"G3H1L0",5.39269074793193
"G3H1L7",151.447021028742
"G3H1M4",345.85627183038
"G3H1M5",11.3847124331407
"G3H1M7",3.14438442923006
"G3H1N0",4.45952790162266
"G3H1N2",6.64398434190983
"G3H1N7",557.031547397616
"G3H1P3",317.825718952471
"G3H1P4",5.19041571208811
"G3H1P5",0.879733555113325
"G3H1Q1",0.337070164393852
"G3H1Q4",0.398963584919037
"G3H1Q6",13.9233693519928
"G3H1Q7",173.086646443747
"G3H1Q9",0.562038401077842
"G3H1R3",3.23051597277891
"G3H1R4",3.06772949117072
"G3H1R5",60.5971854139402
"G3H1R9",8.49565481399778
"G3H1S2",95.374879112291
"G3H1T8",4.81625719003137
"G3H1U2",134.750847476548
"G3H1U4",11.8549947576905
"G3H1V1",884.248936663692
"G3H1V2",25.4684048624587
"G3H1V4",1.13652486059222
"G3H1W2",36.2362762690809
"G3H1W4",11.5878166231279
"G3H1W9",3.64774931970319
"G3H1X7",2.84544965603477
"G3H1X8",62.4686546998397
"G3H1Y0",5.80879890353023
"G3H1Y2",20.1912746278906
"G3H1Y8",208.467115406891
"G3H1Z0",3.15926323373617
"G3H1Z1",4.91001619226844
"G3H1Z3",28.8242906535972
"G3H1Z4",79.6012396021252
"G3H201",40.9375404193545
"G3H203",8.69199080521761
"G3H204",112.982826159043
"G3H213",3.70360469597131
"G3H215",15.2665076842319
"G3H220",1.63236365967985
"G3H229",21.6864162098486
"G3H231",1.09823477590805
"G3H233",5.291855574302
"G3H236",86.5581652843711
"G3H237",15.0730713667369
"G3H239",209.119158577509
"G3H244",2.51777093704771
"G3H246",0.171992886215671
"G3H256",69.2923284156939
"G3H265",18.5849729110204
"G3H267",6.04320052163461
"G3H268",9.91597440626971
"G3H269",1.84439520048562
"G3H270",5.37565795477952
"G3H277",6.03694294011911
"G3H278",205.959877030592
"G3H280",0.62014986119634
"G3H283",18.576859706111
"G3H284",327.94954643219
"G3H289",333.588214365316
"G3H290",4.43972385013105
"G3H292",15.0937928424051
"G3H295",0.53098445313269
"G3H298",17.0444329476628
"G3H2A5",82.3819723861814
"G3H2A6",3.13136735344004
"G3H2A8",327.605981844295
"G3H2A9",182.067468130933
"G3H2B0",10.6631781639739
"G3H2B1",2.47564314020095
"G3H2B3",0.0843152916158495
"G3H2B7",4.68409712420814
"G3H2C4",106.244051190234
"G3H2C6",515.965507294799
"G3H2C9",69.8162072440752
"G3H2D6",52.5610904332185
"G3H2E1",18.0069088312487
"G3H2E2",696.271030397968
"G3H2G5",73.4893156433672
"G3H2G8",6.18662351773508
"G3H2H5",224.335125026364
"G3H2H8",15.2434753499041
"G3H2I6",155.071845457671
"G3H2J8",710.541880260187
"G3H2K0",11.1190296766468
"G3H2L0",5.05326329277561
"G3H2L6",4.84132779354579
"G3H2M2",10.6688696064476
"G3H2N6",48.1146563921413
"G3H2N7",9.11034580936466
"G3H2P1",28.9818488933717
"G3H2P2",1.44724594495698
"G3H2P3",17.8309441915267
"G3H2P5",2.31245909482327
"G3H2P6",37.5435248597859
"G3H2Q8",7.21035103339018
"G3H2S5",75.9183428115644
"G3INX0",2282.57037680574
"G3H2T7",770.699746221697
"G3H2U4",21.6211866179487
"G3H2U6",31.7222798276211
"G3H2U8",0.290759768923409
"G3H2U9",14.9844399739252
"G3H2V3",90.051489062087
"G3H2V9",115.609227412991
"G3H2W0",37.9372956333934
"G3H2W1",7.59099365065098
"G3H2W4",4.70415732749368
"G3H2X3",24.1381530273682
"G3H2X6",0.962539389693692
"G3H2X8",2.20099238242645
"G3H2Y2",4.28095390902215
"G3H2Y4",12.8340045955946
"G3H2Z5",6.41184230906475e-07
"G3H2Z6",1.44233950032947
"G3H2Z7",138.461071251116
"G3H2Z9",2.48389315262285
"G3H300",0.817862095541761
"G3H301",0.550054400357498
"G3H303",162.777464688889
"G3H306",2.87031421751978
"G3H316",7.0056752340813
"G3H319",26.2486614913615
"G3H331",5.96332052149183
"G3H337",33.2684644649125
"G3H341",9.31267670700236
"G3H343",6.79098614741163
"G3H344",2.00114399404832
"G3H346",51.5830806969506
"G3H352",43.309805389933
"G3H354",3632.76345053276
"G3H355",3.98427753331456
"G3H360",0.950731375144118
"G3H368",6.36597027386256
"G3H370",3.41550540965049
"G3H374",0.903011847195299
"G3H375",64.8935433233402
"G3H376",29.7865326320014
"G3H378",3.24858359184922
"G3H381",15.4968929414565
"G3H392",7.52604612679391
"G3H393",11.0893953884196
"G3H397",3.99375856588526
"G3H3B1",19.8462074211059
"G3H3B2",128.673309456241
"G3H3B7",6.06152750792018
"G3H3B9",26.7258581601959
"G3H3C0",859.093539604832
"G3H3C2",0.347237875383441
"G3H3C4",0.752038587128024
"G3H3C6",101.443991567374
"G3H3C9",68.7310862549799
"G3H3D3",13.0963330564178
"G3H3D8",1.7431031613034
"G3H3D9",2.42388399009098
"G3H3E3",10.5764528386765
"G3H3E4",1.15409742862868
"G3H3E7",0.887007862115499
"G3H3F0",3.52623966254254
"G3H3F8",9.59341187801672
"G3H3G3",1.59553961804176
"G3H3G9",130.13009554632
"G3H3H3",9.64729939577197
"G3H3H4",5.69812553814546
"G3H3H6",153.048054893841
"G3H3H9",7.0936106449964
"G3H3I0",19.0464546506692
"G3H3I2",33.1609808755589
"G3H3I9",31.5005829281895
"G3H3K4",4.84731874073977
"G3H3K5",1.45588686838729
"G3H3L4",125.712015612438
"G3H3N5",0.172928522588943
"G3H3N6",1.7317289684016
"G3H3N8",4.16520321978542
"G3H3P1",240.063409820495
"G3H3P5",62.8967117809964
"G3H3P6",1.44393936835748
"G3H3P8",8.2281212208773
"G3H3Q1",1759.07936451519
"G3H3R3",1.14308708208556
"G3H3R6",7.41836579639375
"G3H3S4",7.95309067403311
"G3H3S7",4.82901382641433
"G3H3S9",5.91518586132055
"G3H3U9",4.56412716800503
"G3H3V1",19.6220762006172
"G3H3V5",22.3448902881805
"G3H3W0",0.471545649712673
"G3H3W2",6.69712164620359
"G3H3W4",20.8063627709306
"G3H3W6",8.22902419813059
"G3H3X1",431.271431874397
"G3H3X5",11.132707907484
"G3H3X8",2.05323236020258
"G3H3Y2",15.2826309909787
"G3H3Y5",10.3921532376231
"G3H3Y6",14.955667209849
"G3H3Z2",5.06959525821242
"G3H3Z5",198.857289921038
"G3H402",10.6587389074431
"G3H410",2.45469647626742
"G3H412",404.786528764231
"G3H421",11.8138775654929
"G3H427",3.09440410505428
"G3H436",6.88298515252045
"G3H437",41.5477463608282
"G3H444",9.50120201178193
"G3H445",6.91811242673407
"G3H450",162.292400470079
"G3H451",160.601264290018
"G3H453",292.410585224654
"G3H459",6.53629490825574
"G3H465",15.4842188411211
"G3H466",11.34707117205
"G3H467",1.15166215268962
"G3H468",10.8911402348892
"G3H472",4.32715022021755
"G3H478",3.82497511363448
"G3H484",6.90071640413865
"G3H485",38.9567323399767
"G3H487",44.7163681293725
"G3H495",63.1716829770484
"G3H496",2.52613409022924
"G3H497",68.232866817424
"G3H4A5",46.2115235637104
"G3H4A9",4.41295422808948
"G3H4B6",24.6327771044554
"G3H4C1",384.534294778414
"G3H4C2",11.9223912932579
"G3H4D2",84.0236431658061
"G3H4D3",54.7541588135523
"G3H4D9",6.41184230906475e-07
"G3H4E2",2.14662377855225
"G3H4E5",19.1705837860009
"G3H4F0",12.4334038807627
"G3H4F4",1.9609485069603
"G3H4F5",0.746536300248334
"G3H4F6",2.22327132830913
"G3H4F8",1.0086373113934
"G3H4G8",4.73685809368005
"G3H4H4",19.6278816622763
"G3H4H6",22.252782060274
"G3H4H8",20.5423478601075
"G3H4I1",31.19288579475
"G3H4I2",30.7085516882807
"G3H4I6",3.95727164387046
"G3H4J1",4.23731439546502
"G3H4J2",3.92002438615334
"G3H4J6",32.9318779106364
"G3H4L4",4.69351731433977
"G3H4L8",16.7035896235992
"G3H4M0",36.9057121901888
"G3H4M6",23.8903798900721
"G3H4M7",0.864645364213148
"G3H4M8",21.8681608183116
"G3H4P8",17.5867712080356
"G3H4Q6",12.7183603441155
"G3H4Q7",18.0242768046213
"G3H4R2",0.588527559938814
"G3H4S3",38.2884805649438
"G3H4S4",61.4356830629989
"G3H4T5",5.98130446675989
"G3H4U8",55.8049237038482
"G3H4V0",157.456798720538
"G3H4V1",178.398516790566
"G3H4V4",18.5502028446604
"G3H4V8",4.54630099028694
"G3H4W0",30.520070097132
"G3H4W2",22.3005835197876
"G3H4X0",74.9042180262389
"G3H4X1",3.25033577756208
"G3H4Y5",7.1094495387067
"G3H4Y6",12.9703022043403
"G3H4Y9",1.70823716935398
"G3H4Z1",0.813014695168902
"G3H4Z5",152.452257406183
"G3H4Z8",709.406651671091
"G3H500",0.535166391370177
"G3H509",0.577022316947656
"G3H510",2.93174213980257
"G3H511",0.474775391413454
"G3H515",17.9744900726623
"G3H522",98.5498560003134
"G3H528",2.36088843564354
"G3H530",46.1912274835047
"G3H533",1646.03974811169
"G3H535",3.17272176326606
"G3H559",43.6601169440999
"G3H565",3.54809269877481
"G3H571",23.8576613661161
"G3H576",15.8715060639313
"G3H577",12.2252564958114
"G3H584",9.11498895690578
"G3H585",20.8145059394666
"G3H5A2",357.704628007388
"G3H5A4",0.366173981558068
"G3H5A6",4.22295521375203
"G3H5A7",7.45684136808868
"G3H5A9",14.9050315204677
"G3H5B1",2.42681280064777
"G3H5C5",2.16131946723881
"G3H5C9",1495.53718060833
"G3H5D5",45.8140121119749
"G3H5E2",7.84611710098515
"G3H5E5",178.311190518977
"G3H5F2",2.01710018449038
"G3H5F7",80.2125633492045
"G3H5G6",43.9592648552685
"G3H5H2",35.8075742496102
"G3H5I9",20.0983082151085
"G3H5K2",0.225796601748025
"G3H5K6",100.116562484124
"G3H5K9",0.861005749345608
"G3H5L1",0.819547911959205
"G3H5L5",10.8154011883272
"G3H5M3",1.42986251559129
"G3H5M8",17.1935496623064
"G3H5N5",3.36100405396742
"G3H5N7",26.5053984136011
"G3H5P2",11.8058830959745
"G3H5P3",0.782570048327362
"G3H5P9",10.6021721185473
"G3H5Q3",13.8912209607862
"G3H5Q5",10.4498208445624
"G3H5Q6",0.350018137053604
"G3H5R2",0.709892017867701
"G3H5T7",75.8698100077096
"G3H5U0",36.8962306768706
"G3H5U3",2.02691312636014
"G3H5U7",22.7414458412662
"G3H5V0",216.233189102824
"G3H5V1",3.57126828897666
"G3H5V7",156.388392030416
"G3H5V9",2.80565928169667
"G3H5W0",174.856688630113
"G3H5W3",11.693979064542
"G3H5W4",797.156076940947
"G3H5W5",251.055487110255
"G3H5X2",2.51375260026996
"G3H5X3",1.95286952249352
"G3H5Y0",6.41184230906475e-07
"G3H5Y9",26.2978924032375
"G3H5Z5",44.1809869374359
"G3H5Z8",1.01019759876345
"G3H601",147.217495840048
"G3H604",31.7930447852824
"G3H605",288.570145287675
"G3H608",5.51698256509614
"G3H609",23.9651705586544
"G3H610",3.73792318797934
"G3H614",27.5671934454226
"G3H615",12.8969934665288
"G3H619",2.39883110781912
"G3H625",0.912561936759065
"G3H632",0.314308367913821
"G3H633",12.3670587991927
"G3H635",13.6134684193688
"G3H636",29.1700146285212
"G3H638",43.020331697033
"G3H653",1.7496497830996
"G3H656",9.1220104481078
"G3H661",2.98567613609317
"G3H675",8.22868558128287
"G3H678",0.980913252075674
"G3H683",26.4514651984374
"G3H691",1.25217300027558
"G3H694",18.2049359114827
"G3H697",437.525351329184
"G3H6A3",5.41239753508602
"G3H6A7",23.516541235776
"G3H6A8",26.7903655713889
"G3H6B1",78.2041563303634
"G3H6B2",17.8239993740783
"G3H6B4",9.20311005398104
"G3H6B5",57.5199477723546
"G3H6B9",4.73408655676928
"G3H6C5",159.25871546936
"G3H6D0",17.7834896943873
"G3H6D1",4.70471151631092
"G3H6D5",11.3276818036699
"G3H6D9",27.8008513962506
"G3H6E0",46.9877665745405
"G3H6E1",78.399699446556
"G3H6E2",27.2045056754881
"G3H6F2",38.0915192925562
"G3H6F9",33.8001421353991
"G3H6H0",1.22118495881801
"G3H6H1",11.3938381975908
"G3H6H5",8.3673304295476
"G3H6J1",2.02249171904852
"G3H6J7",31.8355062202156
"G3H6K1",5.43511333762119
"G3H6K2",2.6841137305221
"G3H6K5",7.35549135101627
"G3H6K9",12.3647712439017
"G3H6L8",9.90859315004922
"G3H6M3",0.21779841877946
"G3H6M5",202.150779374419
"G3H6P9",20.7237736411264
"G3H6Q4",0.796877461569578
"G3H6R7",17.9316539166136
"G3H6S8",199.883968355511
"G3H6T5",173.510405973756
"G3H6T7",5.37977683552713
"G3H6T8",30.6060601401449
"G3H6T9",3.43876211001555
"G3H6U1",443.89783667396
"G3H6U2",9.46423548974997
"G3H6U4",10.2168260128066
"G3H6V0",0.705806802721582
"G3H6V6",1.37935126696504
"G3H6V7",5.52143917275501
"G3H6W0",28.8948356644114
"G3IPF9",0.454144303286041
"G3H6X1",13.497601194317
"G3H6X3",16.3329629073004
"G3H6X4",94.3678183672027
"G3H6X6",12.4620044545345
"G3H6Y0",23.0063305220435
"G3H6Y5",640.455031520235
"G3H6Y6",202.07562316357
"G3H6Z2",2.84326889042206
"G3H6Z3",10.7251063589476
"G3H6Z4",43.4932904693501
"G3H6Z8",48.5247572548989
"G3H710",2.56600716399828
"G3H725",9.68962214562207
"G3H742",1.64318053108923
"G3H746",26.0119263039271
"G3H748",31.7293560924905
"G3H750",16.5072738572938
"G3H761",3.16976729253244
"G3H767",44.3228603893148
"G3H768",13.7488786775019
"G3H771",17.0964456052421
"G3H773",2.98698667037494
"G3H775",12.8775231082494
"G3H777",786.653852684977
"G3H786",2.37693036333494
"G3H787",0.833289931593857
"G3H799",3.9406301809026
"G3H7A8",58.2547831903198
"G3H7B1",8.37636527416782
"G3H7B2",14.7105966171087
"G3H7B3",115.532965345276
"G3H7B6",5.03704412859901
"G3H7B8",5.95617211374023
"G3H7B9",1.44937935064943
"G3H7C1",69.051605083339
"G3H7C7",9.04285901048119
"G3H7D4",72.2981864106442
"G3H7E0",1.63836084590706
"G3H7F1",21.8786475874494
"G3H7F8",10.3067515272199
"G3H7F9",22.623621848133
"G3H7H3",29.3923362653127
"G3H7H4",496.361698719935
"G3H7H9",10.8664234989199
"G3H7I2",0.75734373938646
"G3H7I4",3.78127592210324
"G3H7I9",55.471010338784
"G3H7J1",12.1589479367315
"G3H7J2",5.1472787550138
"G3H7K5",639.674750900147
"G3H7M2",14.3564575528624
"G3H7M3",29.3641019052506
"G3H7M6",9.61621360799394
"G3H7M8",593.888842135729
"G3H7N4",5.19419631195351
"G3H7N6",7.51726778754212
"G3H7N7",1.6743588773145
"G3H7N9",1.40023060220882
"G3H7R2",78.7543895336501
"G3H7R3",2.02001155500559
"G3H7R4",30.6885237282114
"G3H7T0",13.1123761853345
"G3H7T2",47.4250351988159
"G3H7T5",1.12721285729333
"G3H7T9",10.5721285576575
"G3H7U0",548.308159175724
"G3H7U2",48.2497499949188
"G3H7U6",0.196091052579139
"G3H7U7",10.1845454979837
"G3H7V9",184.190071756021
"G3H7W5",1.94608401549854
"G3H7X9",25.6815519285305
"G3H7Y0",59.8457495137547
"G3H7Y1",9.02553701692595
"G3H7Y3",1.30943869518066
"G3H7Y4",28.191989547711
"G3H7Y5",48.9660703847957
"G3H7Z2",1055.68302450617
"G3H811",5.88816455377977
"G3H813",0.665486476628306
"G3H830",0.578916910608385
"G3H832",404.491850114171
"G3H834",5.92311436306532
"G3H839",0.681676111659456
"G3H840",3.01822658905176
"G3H843",2.0828006468799
"G3H853",69.8174172742872
"G3H860",9.13696001486799
"G3H873",13.2281347774379
"G3H877",3.48002241021725
"G3H882",0.106675108062723
"G3H886",6.41184230906475e-07
"G3H887",9.67555171568519
"G3H888",4.84288097893213
"G3H892",20.3656241420179
"G3H894",6.34145832696668
"G3H896",17.3774025482176
"G3H897",20.4214262630726
"G3H8A4",3.25964477902545
"G3H8A6",4.77377998528903
"G3H8A7",0.96679227402214
"G3H8A8",102.074841348747
"G3H8B4",8.84298635888286
"G3H8B8",2.30282047952718
"G3H8C0",0.465592060503174
"G3H8C9",3.09987114017007
"G3H8D0",350.841456096036
"G3H8D3",13.1295659606326
"G3H8D9",1.36518899048885
"G3H8E3",0.69328501175199
"G3H8E7",6.62257637559697
"G3H8F2",7.71272032659328
"G3H8F4",2.126854600271
"G3H8F9",647.036624787414
"G3H8G0",19.0209360281491
"G3H8G1",2.68335190453043
"G3H8H1",106.61575359405
"G3H8H3",7.27071167398676
"G3H8H7",39.7691062963549
"G3H8I0",5.37721643812795
"G3H8I1",20.0680971396041
"G3H8I3",24.4596800588815
"G3H8I5",4.91312400280003
"G3H8I7",6.34000337668061
"G3H8J6",0.737351365446415
"G3H8K2",1.55917090945178
"G3H8K3",27.0848179203507
"G3H8L1",0.0736674398967051
"G3H8L7",20.8086893799347
"G3H8M2",70.1598831983711
"G3H8N0",0.242394007726654
"G3H8N3",787.845273318745
"G3H8N4",284.554038588066
"G3H8N5",3.12436730059238
"G3H8P7",1.80774536774045
"G3H8Q6",37.0432030286493
"G3H8R0",0.487979455123496
"G3H8R2",12.3933666737993
"G3H8R8",3.69579648042402
"G3H8R9",53.7340434482281
"G3H8S7",1.75340640150443
"G3H8T2",0.316358851600503
"G3H8T3",6.92821399636493
"G3H8U1",2.49952719767877
"G3H8U6",40.5534881480639
"G3H8V1",0.829591844082008
"G3H8V3",1.43156856156152
"G3H8V5",134.120437321323
"G3H8V9",6.41184230906475e-07
"G3H8W0",1.90183566182829
"G3H8W5",108.827206510081
"G3H8W6",18.605835966886
"G3H8W8",0.736558294993991
"G3H8X2",1.76478518385775
"G3H8X6",1.42687709452163
"G3H8X7",0.877130814414699
"G3H8X9",1.74363973959529
"G3H8Y0",28.2436847255702
"G3H8Y6",2.582309882907
"G3H8Z0",24.6783971147112
"G3H8Z4",76.2253361524498
"G3H8Z6",35.3174954268736
"G3H8Z7",8.21107813025288
"G3H8Z9",368.709915856575
"G3H902",10.2711647892496
"G3H904",2.68607274393869
"G3H910",10.1262444185331
"G3H916",5.01060831320801
"G3H927",6.41184230906475e-07
"G3H928",435.829954738837
"G3H935",16.0329669561494
"G3H936",1.78916096537265
"G3H937",5.99381607523559
"G3H938",4.58228783940618
"G3H940",0.899072996419787
"G3H942",56.464533155911
"G3H945",124.195228271377
"G3H949",55.9574885147751
"G3H951",16.0179719227886
"G3H953",217.727232936213
"G3H957",0.708860220254756
"G3H972",3.57774954404426
"G3H973",5.50004852478598
"G3H976",4.47944547568349
"G3H983",21.449989441843
"G3HJP5",0.33952213382072
"G3H9A9",0.473736447240692
"G3H9B2",91.844378024732
"G3H9B3",6.47312000778294
"G3H9C3",19.3736550178673
"G3H9C5",39.6895076203697
"G3H9C9",100.100646590432
"G3H9D1",10.8136929872976
"G3H9D5",0.381709543411393
"G3H9D9",0.571919310904541
"G3H9E2",0.296562779818335
"G3H9F5",24.9545150277198
"G3H9F6",5.7504413089188
"G3H9F7",0.594132682026517
"G3H9G3",5.52478170529916
"G3H9G4",67.333469878254
"G3H9G6",1.59618166282283
"G3H9H3",90.2613525007211
"G3H9H7",55.4577992816041
"G3H9I3",0.256668682504211
"G3H9I6",8.83212543515208
"G3H9I7",11.7944627307473
"G3H9I8",56.2049846086831
"G3H9I9",0.642036404630443
"G3H9J0",21.7201983297928
"G3H9J1",0.675317362427295
"G3H9J6",1.67789576531696
"G3H9J8",17.2270778303587
"G3H9L2",8.27891869084722
"G3H9M9",129.759675667063
"G3H9N3",4.15118322927767
"G3H9N6",4.37181454064804
"G3H9N7",4.56767052935078
"G3H9P3",1.88687842707421
"G3H9P5",2.01278729429959
"G3H9P6",9.26270364318483
"G3H9Q1",17.2120476991663
"G3H9Q4",60.7766598032487
"G3H9Q8",6.41184230906475e-07
"G3H9R6",28.452846578583
"G3H9S0",4.87417001433645
"G3H9S1",22.4649993076766
"G3H9S2",8.92185417264479
"G3H9S4",1.34549753851815
"G3H9T1",297.026351837031
"G3H9U3",680.902036890066
"G3H9U4",4.01139964345704
"G3H9U6",4.90235793239382
"G3H9U8",1.80108434374442
"G3H9V0",157.108919408863
"G3H9V2",0.52559598058909
"G3H9W3",8.14810770310801
"G3H9W6",52.2781733311448
"G3H9W7",4.55549059975596
"G3H9X3",6.9031854302354
"G3H9X8",87.8074408368071
"G3H9Y3",1.35763063060535
"G3H9Y7",18.8898806846536
"G3H9Y8",1.28276100949854
"G3H9Z1",289.824760696183
"G3H9Z3",16.1910192004259
"G3H9Z4",159.283574148493
"G3H9Z5",50.4583970918705
"G3H9Z9",3.33557258860898
"G3HA07",7.98567678132395
"G3HA11",65.1072212099398
"G3HA14",2.09499885661731
"G3HA17",17.3739330379622
"G3HA18",17.8957667266587
"G3HA21",10.3692938100285
"G3HA23",899.826781495067
"G3HA24",61.1139737209647
"G3IPD7",31.7246385768726
"G3HA36",17.4942225170651
"G3HA46",14.3645030390159
"G3HA51",32.6190118178553
"G3HA53",7.9096868650196
"G3HA59",0.302937179686007
"G3HA69",25.0832480889945
"G3HA80",7.11877367974355
"G3HAA1",31.5029411393813
"G3HAA7",3.24595537092911
"G3HAA8",74.804770408949
"G3HAB1",6.41184230906475e-07
"G3HAC2",4.35865691690566
"G3HAC4",8.4981405949242
"G3HAC7",0.91978182085336
"G3HAC9",1.90484909407347
"G3HAE2",3245.69465926413
"G3HAE3",949.154600752271
"G3HAF2",0.722558942063255
"G3HAF3",0.445128343287803
"G3HAF4",133.242968073605
"G3HAF8",0.443352546652299
"G3HAG3",0.603834323835635
"G3HAG8",4.83223089052931
"G3HAH3",95.4433327302161
"G3HAH5",10.2284205292385
"G3HAI0",5.23779085487275
"G3HAI3",20.1657074735051
"G3HAI6",7.53898915753007
"G3HAJ0",9.25125979763256
"G3HAJ2",2.51559883718549
"G3HAJ9",30.5518737163304
"G3HAL0",0.917921499145014
"G3HAL1",0.714770265926073
"G3HAL7",3.02150411512617
"G3HAM1",1.02294638583088
"G3HAN1",49.8610523143087
"G3HAN3",21.5210250717575
"G3HAN5",160.601264290018
"G3HAN8",178.610600666886
"G3HAN9",1.1173744824348
"G3HAP1",38.5080244319421
"G3HAP4",0.441063855434132
"G3HAP5",65.8401764239185
"G3HAP7",133.242968073605
"G3HAQ2",121.471461861042
"G3HAQ4",23.7641879182461
"G3HAQ7",0.292278520733545
"G3HAQ9",39.6324848954235
"G3HAR2",53.2626022910118
"G3HAR3",7.37382324530522
"G3HAR4",39.6942596344708
"G3HAR5",34.8938856439301
"G3HAR7",143.078622015458
"G3HAS6",14.9706288226533
"G3HAT2",52.4735726353485
"G3HAT4",9.36843926370863
"G3HAU1",204.017449378111
"G3HAU3",49.8000141082428
"G3HAU7",2.70882246120652
"G3HAU8",74.1924136231434
"G3HAV4",41.1896756737271
"G3HAX2",19.7381960296369
"G3HAY3",1.07245038017398
"G3HAZ0",0.958476561235771
"G3HAZ8",4.11718839908096
"G3HB00",2.48671573009471
"G3HB02",21.1845471626374
"G3HB04",2792.15620162375
"G3HB11",11.4634299575268
"G3HB38",40.3157441123037
"G3HB42",22.9923253135562
"G3HB49",0.977500862593973
"G3HB51",0.0915601897639059
"G3HB55",20.9122320349179
"G3HB58",1.24835119563671
"G3HB62",69.0032217758366
"G3HB68",1.09971481046592
"G3HB69",16.7301557769731
"G3HB92",6.26335411055649
"G3HB95",23.1837537832853
"G3HBB1",607.242945410305
"G3HBB6",7.99481068864431
"G3HBC0",0.433871884148711
"G3HBC9",5.77398288764483
"G3HBD3",543.081462156438
"G3HBD4",384.252898504012
"G3HEF5",161.906870237404
"G3HBD6",5.97113941165472
"G3HBE7",29.7347478559699
"G3HBE9",768.802716406859
"G3HBF1",11.6220591289587
"G3HBF7",0.864970541409996
"G3HBG4",0.810293024698536
"G3HBG5",96.8677731024429
"G3HBG8",218.581122180947
"G3HBH4",64.2067907089045
"G3HBI1",9.51832612865846
"G3HBI5",4.12005774074566
"G3HBI7",1.01101994393253
"G3HBI9",21.325404457583
"G3HBJ3",487.49077707671
"G3HBJ9",24.9943029451135
"G3HBK0",2.073842379344
"G3HBK3",1.07688725448097
"G3HBK4",11.433766210489
"G3HBL0",81.7591693733524
"G3HBL4",4.35191275328641
"G3HBL5",11.0825570721046
"G3HBL6",14.7899712456656
"G3HBM4",64.8706075080231
"G3HBN6",17.7950635825696
"G3HBN7",37.0218671536337
"G3HBP3",11.4428932509216
"G3HBP4",3.70767397838
"G3HBP7",88.1719729860898
"G3HBP8",1765.93393616608
"G3HBQ0",3.59400928702478
"G3HBQ2",1.2961507622868
"G3HBR5",2.34571690174053
"G3HBR6",3.07330430124508
"G3HBR9",7.18158153256907
"G3HBS0",1.90011377026559
"G3HBS6",19.1578216381078
"G3HBS9",2.58133162513688
"G3HBT3",1.63846794501641
"G3HBU1",9.56981791404241
"G3HBU2",35.1577347868871
"G3HBU3",3.8428117030422
"G3HBV4",2.70675404745013
"G3HBX3",0.0500351011328662
"G3HBY2",56.3840208810563
"G3HBY8",0.375062001672843
"G3HBZ8",13.812008480939
"G3HC01",383.089012449753
"G3HC03",851.755013343051
"G3HC04",4.81359507401034
"G3HC06",7.95951734845921
"G3HC12",24.9416429078812
"G3HC13",2.91002477570605
"G3HC14",4.04668936070213
"G3HC17",118.283116567953
"G3HC18",200.885771210939
"G3HC20",40.4144023663075
"G3HC25",220.063128501773
"G3HC31",1599.66095457789
"G3HC33",5.18507854714643
"G3HC35",51.1865347820221
"G3HC39",68.136138871415
"G3HC45",25.8853837237197
"G3HC47",37.5838446316026
"G3HC48",5.86092401318569
"G3HC54",70.6561316560162
"G3HC59",0.41905907803045
"G3HC66",54.2200205667853
"G3HC67",6.41184230906475e-07
"G3HC68",3.46377974397396
"G3HC69",6.41184230906475e-07
"G3HC70",16.7532578955298
"G3HC77",36.3736854046661
"G3HC79",11.6563049171547
"G3HC83",19.9147406991325
"G3HC84",2623.96979172579
"G3HC89",32.6626891663538
"G3HC95",73.7268898960728
"G3HCB0",14.7830685528341
"G3HCB2",0.83407571309012
"G3HCB6",2.93010496968857
"G3HCC2",3.10326085950304
"G3HCC3",0.606882685084728
"G3HCC4",15.1168177896268
"G3HCC5",0.710944710152913
"G3HCC7",11.5467299616239
"G3HCC8",15.6132799559867
"G3HCD2",3.02467250027341
"G3HCD3",47.7393284271511
"G3HCD4",1.97549340520964
"G3HCD5",11.6517386227388
"G3HCE1",6.47423995606479
"G3HCE3",23.468657062978
"G3HCE4",1.26130440105005
"G3HCF8",19.9414591417663
"G3HCF9",2.38408533306088
"G3HCG1",5.96253865081064
"G3HCH0",273.199918784267
"G3HCH1",0.569683976885832
"G3HCI0",5.95315646290596
"G3HCI2",27.6693375197707
"G3HCI6",6.41184230906475e-07
"G3HCI7",6.33138581699375
"G3HCI9",33.550810242918
"G3HCJ0",6.16794887445598
"G3HCJ1",81.7445742739981
"G3HCJ4",32.0384029108521
"G3HCJ8",4.29454588438103
"G3HCK3",149.896156655739
"G3HCK5",20.4795587474669
"G3HCK7",17.4780281311702
"G3HCK9",334.59408296379
"G3HCL0",1.60827507177909
"G3HCL2",253.339086205734
"G3HCL3",27.1904238725298
"G3HCL7",2.57589707948018
"G3HCL8",53.4149361726546
"G3HCM4",132.390396335353
"G3HCN2",74.1766521478493
"G3I189",3.33732628082852
"G3HCQ6",0.632709803546263
"G3HCR5",4.86240811884864
"G3HCS4",121.964305303565
"G3HCS8",7.59763575339108
"G3HCT1",133.020540899029
"G3HCT2",0.533545118306525
"G3HCT4",1137.12676606278
"G3HCT9",0.151908308222273
"G3HCU7",16.4980373321751
"G3HCU8",160.912091637028
"G3HCU9",30.0219548208741
"G3HCV0",26.2369402881839
"G3HCV1",24.6994534296948
"G3HCV4",0.404457722755017
"G3HCV7",24.2281666324125
"G3HCW0",10.5361709778499
"G3HCW3",30.0819971086929
"G3HCW5",1.416109945444
"G3HCW9",164.531549807004
"G3HCX0",15.6063650852538
"G3HCX3",8.98308572780644
"G3HCX5",15.5671827016043
"G3HCX7",65.0963556814977
"G3HCX8",1029.86522523868
"G3HCY1",3.30105289976354
"G3HCY3",19.5524150234213
"G3HCY4",16.2071733598762
"G3HCY7",3.0184450871894
"G3HCY8",1.66117807606271
"G3HCZ6",16.9704682866493
"G3HD04",1.59639567961698
"G3HD12",69.7460266594423
"G3HD13",7.41307872440552
"G3HD16",1.491961960265
"G3HD18",530.681103265298
"G3HD20",8.37986636170177
"G3HD21",7.63749233143082
"G3HD22",40.9910554822165
"G3HD23",10.0361435902339
"G3HD30",2.47835686151104
"G3HD44",17.6781785910895
"G3HD45",6.41184230906475e-07
"G3HD51",2.18304477820005
"G3HD57",19.6034990988673
"G3HD63",19.4467776537334
"G3HD67",4.04172613722378
"G3HD84",110.519306137566
"G3HD93",136.110881789708
"G3HD97",221.344446570946
"G3HDA0",57.6786753603221
"G3HDA3",33.1279112801378
"G3HDA4",3.05964113719661
"G3HDB3",142.843293090061
"G3HDC4",1.27394325594043
"G3HDC9",44.2453646531509
"G3HDD0",17.7059509715808
"G3HDD1",15.6628394425675
"G3HDD3",2.06661192461434
"G3HDD5",3.15543391136342
"G3HDD7",2.06887809813566
"G3HDD8",45.2817852741744
"G3HDE3",24.8573943738804
"G3HDE5",108.601330244914
"G3HDE8",135.257717396648
"G3HDF4",32.6603281799976
"G3HDG3",85.762590579377
"G3HDG6",58.9754793538623
"G3HDG7",1.10944236017667
"G3HDI7",6.41184230906475e-07
"G3HDI8",1.40172237272933
"G3HDJ0",6.41184230906475e-07
"G3HDJ2",16.9797132967235
"G3HDJ3",11.0859762131094
"G3HDK4",3.81781921724109
"G3HDL6",638.348344921567
"G3HDL7",63.9956229750622
"G3HDM0",0.607618928729837
"G3HDM7",51.997702998634
"G3HDN8",1.45129950312376
"G3HDN9",1.51161245137848
"G3HDP3",3.00151300948723
"G3HDQ1",11.8447150240791
"G3HDQ2",186.700764754937
"G3HDQ7",0.912183653326996
"G3HDR1",5.8797909995016
"G3HDR3",392.569686687623
"G3HDR8",4.31421804940765
"G3HDS7",139.698535923829
"G3HDT6",7035.23240445879
"G3HDU1",30.5966361899252
"G3HDV7",3.22000541478713
"G3HDV8",181.68049161046
"G3HDW2",5.50728984791532
"G3HDW4",12.3373216549476
"G3HDW6",7.84758217339155
"G3HDW7",1.0755138725807
"G3HDW8",6.41184230906475e-07
"G3HDX2",5.31689163459028
"G3HDX9",2.31765799204463
"G3HDY0",2.66300287788888
"G3HDZ2",6.81566485055299
"G3HDZ6",13.7385492425953
"G3HE01",16.9323343528131
"G3HE02",6.16437070950633
"G3HE03",30.9595261790644
"G3HE04",82.041357936742
"G3HE13",10.7121277935568
"G3HE17",14.8060779364267
"G3HE28",79.220910373665
"G3HE29",27.7409630977593
"G3HE31",246.641608973086
"G3HE36",9.25307265337392
"G3HE38",6.19187958659151
"G3HE39",2.92573932824016
"G3HE59",5.86628248324438
"G3HE62",43.237133220696
"G3HE67",21.1391533596279
"G3HE71",7.81929658061231
"G3HE77",1.37434600974191
"G3HE84",74.1402799283994
"G3HEA1",5.04115430422441
"G3HEA6",11.8744128232859
"G3HEA9",7.26374182643599
"G3HEC3",1.43423439077726
"G3HED1",6.15643189733795
"G3HED4",75.9729434223262
"G3HED6",25.2998021175167
"G3HED7",0.808681098507442
"G3HED9",141.035398325776
"G3HEE4",3.21715899723527
"G3HEE6",6.41184230906475e-07
"G3HEE8",0.878022854538364
"G3HEF9",6.80411036790879
"G3HEG0",15.857669037187
"G3HEG1",53.310579939258
"G3HEG2",0.884383428629603
"G3HEG3",0.757009520797915
"G3HEH3",64.5519477264581
"G3HEH4",5.80567411139196
"G3HEH6",8.56255314589996
"G3HEI4",4.09456702551524
"G3HEI9",6.24456010290429
"G3HEJ1",3.51822432504373
"G3HEJ4",1.72250263430214
"G3HEJ5",48.2461632799353
"G3HEJ8",2349.96512957281
"G3HEK2",7.43861529019722
"G3HEN3",16.0191253706864
"G3HEN4",60.452654849457
"G3HEN9",16.8260363368012
"G3HEP5",16.2187123659252
"G3HEP6",2.19580222270197
"G3HEP7",39.8677207978615
"G3HEQ0",6.50481697530302
"G3HEQ1",4.90058215957914
"G3HEQ2",5.67024504080854
"G3HEQ3",523.418521096278
"G3HER0",2.77373123314545
"G3HER1",26.7047477432432
"G3HES1",0.873279639139804
"G3HES3",668.747787059803
"G3HES5",30.5848563849382
"G3HES6",73.5487068674343
"G3HET2",1.90388047392736
"G3HET6",8.82205684185985
"G3HET8",434.25034643388
"G3HEU1",11.055205180245
"G3HEU2",23.7466629768197
"G3HEU4",3.4281204355079
"G3HEU6",11.7841847095943
"G3HEU9",17.3033912237582
"G3HEV1",26.9276072223065
"G3HEV3",3.01473068885381
"G3HEV5",12.6508215857285
"G3HEV6",1.50264053753189
"G3HEW0",63.4961508105815
"G3HEX6",3.21814428635111
"G3HEY6",6.41184230906475e-07
"G3HEY8",24.7801747095111
"G3HEY9",1.09950337298837
"G3HEZ0",773.839991283143
"G3HEZ1",71.2578336048742
"G3HEZ4",1.67157240942875
"G3HEZ7",7.76273539094698
"G3HEZ8",6.32209718646471
"G3HF04",52.4999473625886
"G3HF07",0.0249406303846163
"G3HF18",15.4323737657246
"G3HF22",1.0281148639951
"G3HF36",2.95390142719113
"G3HF38",178.086643639041
"G3HF40",7.22619833090955
"G3HF44",20.6598035029106
"G3HF46",529.608310916648
"G3HF51",0.837449608370786
"G3HF54",10.7745206553035
"G3HF56",28.0052077158313
"G3HF59",14.305889287198
"G3HF60",13.4310781849273
"G3HF62",2.0684464398079
"G3HF65",738.967678229715
"G3HF68",3.64357227464324
"G3HF72",0.705098221110093
"G3HF74",15.1237254963467
"G3HF76",95.6694854944199
"G3HF77",95.5936918176311
"G3HF79",8.458483916341
"G3HF87",42.627320783106
"G3HFA8",3.41221478237494
"G3HFB4",16.8734055884798
"G3HFB8",38.7477891040948
"G3HFC7",2.21375321586004
"G3HFF0",74.1487667276949
"G3HFF9",1.15589752266013
"G3HFG4",943.675383638921
"G3HFG5",0.377124272798794
"G3HFG7",20.5597903891552
"G3HFH0",0.836035033122953
"G3HFH2",5.07470629315572
"G3HFH8",44.0689293065525
"G3HFI4",15.0431419825816
"G3HFI6",123.739076452846
"G3HFI7",2.39080730467515
"G3HFJ1",12.9382279684783
"G3HFJ3",4.61496078954272
"G3HFJ5",78.0499192528891
"G3HFJ7",3.37953350548546
"G3HFL0",0.628712570630666
"G3HFL2",8.32351594096667
"G3HFL6",89.0524162869057
"G3HFL8",2.37096842364013
"G3HFM4",146.225799946635
"G3HFM5",9.20560231055082
"G3HFN0",2.5425371722106
"G3HFN7",22.4789939524207
"G3HFN8",8.99983905873831
"G3HFP0",80.3499193980799
"G3HFP1",557.005655362703
"G3HFP5",20.3772491741862
"G3HFP8",76.8588643840263
"G3HFQ2",0.8162810909352
"G3HFQ4",417.566852062087
"G3HFQ7",48.9074603522042
"G3HFQ8",0.902276552548386
"G3HFR1",2.01602193379326
"G3HFR3",48.8644013759067
"G3HFT4",2.43776974018031
"G3HFT8",11.4520205281818
"G3HFU7",18.7507392495993
"G3HFU8",4.1999838284752
"G3HFV1",15.6881974327582
"G3HFV7",0.902927812535276
"G3HFW3",0.480660704059472
"G3HFW9",48.4984500150625
"G3HFY0",2.44352006276698
"G3HFY1",10.7959282171947
"G3HFY3",55.4385833811967
"G3HFY4",6.09729266712251
"G3HFY6",4.6978397251499
"G3HFY9",5.13049409171624
"G3HFZ6",10.1312444737759
"G3HFZ8",10.3741839976175
"G3HFZ9",5.02082666318657
"G3HG08",32.3074233909169
"G3HG10",1.02579421796835
"G3HG25",57.6666500450762
"G3HG27",15.370167155175
"G3HG37",0.947290896941701
"G3HG40",58.017822770967
"G3HG45",30.1985609083865
"G3HG54",2.94003759182139
"G3HG68",0.659964523111439
"G3HG69",13.1501946573613
"G3HG71",3.82354389948864
"G3HG73",5.04282062270184
"G3HG77",3.10818163412769
"G3HG78",81.7020057184648
"G3HG79",1.45172621490094
"G3HG83",724.573971821346
"G3HG87",28.9112969736577
"G3HG89",1.48929270370602
"G3HG95",1168.27822746651
"G3HGA0",12.3773529683094
"G3HGA1",17.4074725805998
"G3HGA3",12.2012468698819
"G3HGB3",21.7376725109942
"G3HGC0",11.3345249869709
"G3HGD0",23.8845371895413
"G3HGD6",3.9272966182032
"G3HGD9",0.626304247258399
"G3HGE8",8.18534637330298
"G3HGF4",24.3509299846779
"G3HGF9",11.9509528902792
"G3HGG6",0.534154367757282
"G3HGH4",917.623856254027
"G3HGI3",5.12582582713539
"G3HGI4",6.41184230906475e-07
"G3HGK4",34.9305603516531
"G3HGK7",32.8834658668062
"G3HGL0",50.2584583617261
"G3HGL3",2.61905758785934
"G3HGM6",17.6828072226676
"G3HGP1",14.4863525599041
"G3HGP3",6.33082624838295
"G3HGP4",39.5113204707434
"G3HGP6",458.259619201889
"G3HGP7",40.6604877742949
"G3HGQ1",15.0488974830605
"G3HGQ5",0.306374483402727
"G3HGQ9",11.2467143667828
"G3HGR7",27.1986382287648
"G3HGS0",13.5331609734356
"G3HGS2",24.1591941923629
"G3HGS3",1.72454087239005
"G3HGS9",0.261691685976869
"G3HGT4",8.98308572780644
"G3HGU3",5.87175275233676
"G3HGU6",0.429257108544652
"G3HGV6",1.91485910578197
"G3HGV7",151.198847870369
"G3HGW1",11.620917659165
"G3HGW3",0.861047701712948
"G3HGW5",116.203389478328
"G3HGW6",16.5673153648227
"G3HGW7",2171.11211664701
"G3HGX2",10.4535747169338
"G3HGX3",4.00853279631762
"G3HGX4",0.550054400357498
"G3HGX7",6.83484894204108
"G3HGX9",33.2129495498706
"G3HGY3",3.08084721488651
"G3HGY8",1315.6942143439
"G3HGZ3",0.487155787649968
"G3HGZ5",1.71585208777005
"G3HGZ8",9.38056791820364
"G3HGZ9",4.84077308840735
"G3HH02",73.1063404057983
"G3HH07",62.4324852250393
"G3HH11",24.1358151569679
"G3HH18",6.41184230906475e-07
"G3HH22",99.5779165297396
"G3HH25",2.80478736851586
"G3HH26",3.25822099330742
"G3HH30",190.787666909897
"G3HH34",5.75590803158839
"G3HH35",258.36282885804
"G3HH37",0.588921208862957
"G3HH39",3093.6317493297
"G3HH40",5.22188637075806
"G3HH47",10.1925016542293
"G3HH56",16.1333300572192
"G3HH62",6.41184230906475e-07
"G3HH63",25.0879296969048
"G3HH71",110.644589558204
"G3HH79",14.9959495830106
"G3HH86",0.543481788760797
"G3HH92",6.41184230906475e-07
"G3HH98",4.09589109167551
"G3HHA2",1.14139348796118
"G3HHA3",2582.58945673103
"G3HHA7",28.2554340591173
"G3HHA9",27.7386146226755
"G3HHB8",2.94112915539914
"G3HHC3",9.44484695158387
"G3HHD7",12.0240806862944
"G3HHD8",45.446443697143
"G3HHE1",12.3464712974
"G3HHE2",8.50006144184136
"G3HHE3",49.4242639746742
"G3HHE4",47.8612397602578
"G3HHF3",182.579316876856
"G3HHG7",12.8214080265651
"G3HHG9",5.75869724088988
"G3HHH4",0.179492509789179
"G3HHH5",81.9087740260042
"G3HHH8",0.63232561812354
"G3HHI4",0.913318518924913
"G3HHI5",4.75138180889229
"G3HHI6",5.60145509848379
"G3HHJ1",12.1886710123297
"G3HHJ3",4.47712161000574
"G3HHJ4",13.7557651077063
"G3HHK0",27.9640976504576
"G3HHK3",1206.55853375291
"G3HHK4",23.7898919261074
"G3HHL3",48.7376237838716
"G3HHL5",11.7704811350485
"G3HHM7",0.648395148588742
"G3HHN0",22.0126595614986
"G3HHP2",1.5511520918098
"G3HHP3",24.5684458645518
"G3HHQ4",2.44384556589899
"G3HHR3",7561.53701239793
"G3HHR9",18.4262068988672
"G3HHS0",12.416244563429
"G3HHU4",53.7772356438513
"G3HHV6",72.920935948141
"G3HHV8",15.4323737657246
"G3HHX0",0.846609548615723
"G3HHX7",44.0534327036701
"G3HHX8",4.87838676786423
"G3HHY2",8.85667626629607
"G3HHY9",66.6773014989878
"G3HHZ1",3.3561803625133
"G3HHZ8",18.1794547990085
"G3HHZ9",9.43668374375181
"G3HI03",52.5287202839011
"G3HI04",26.9452039539535
"G3HI06",0.456722834526208
"G3HI13",0.313191950686221
"G3HI17",0.813967349911824
"G3HI29",4.6015584288835
"G3HI35",6.00230657927285
"G3HI36",6.73098422083269
"G3HI41",3.28275673962067
"G3HI57",114.625326772751
"G3HI59",46.5458535773777
"G3HI65",9.37977443922281
"G3HI72",14.3323219747392
"G3HI79",1.34315647327409
"G3HI80",29.732394072183
"G3HI82",2.00707317793311
"G3HI85",1.21397221277069
"G3HI88",1.48032514307782
"G3HI96",139.129257693522
"G3HI99",55.102340260408
"G3HIB0",148.941083600496
"G3HIC4",41.5727317933974
"G3HIC5",153.792907838255
"G3HIC6",0.983767738715289
"G3HID0",418.3620409072
"G3HID1",1077.61920500584
"G3HID3",38.3335727278073
"G3HID6",85.3387068650803
"G3HID7",14.2771599070928
"G3HIE4",0.305542925634672
"G3HIG4",16.6689401850495
"G3HIG6",101.729389397092
"G3HIG8",34.3060793146705
"G3HIH0",20.0739068469822
"G3HII2",21.199679133836
"G3HII3",0.140167162729028
"G3HIJ0",5.26393100505599
"G3HIJ4",13.7867554307511
"G3HIJ5",0.795695317019092
"G3HIK1",77.4439973123347
"G3HIK7",11.901828321262
"G3HIL0",233.075777706769
"G3HIL4",5.67537471818673
"G3HIL8",2.58731005525478
"G3HIM1",2.80151777263844
"G3HIM4",202.063097216825
"G3HIN6",5.65641796713936
"G3HIN8",6.6642735434457
"G3HIP2",48.8919111351121
"G3HIP5",18.6869773005152
"G3HIQ0",57.8386198028529
"G3HIQ1",1043.27361600156
"G3HIQ3",106.933512838788
"G3HIQ5",42.4320500383473
"G3HIQ9",15.8357612148912
"G3HIR7",13.4826899353574
"G3HIS0",189.462545730136
"G3HIT4",23.9207626819161
"G3HIT7",25.0844184883074
"G3HIT8",78.0924245451851
"G3HIT9",3.08817206830635
"G3HIU2",25.28692424069
"G3HIU9",3.38304241340881
"G3HIV1",0.399751234589193
"G3HIV5",1.5305232160289
"G3HIW3",4.66780719168698
"G3HIW4",10.7845410441019
"G3HIX0",4.80560901340518
"G3HIX6",60.9971116686808
"G3HIY0",8.5279718091977
"G3HIY3",504.940969115745
"G3HIY6",1458.25372048746
"G3HIY9",1.38808525704011
"G3HIZ0",11.2740815265077
"G3HIZ1",1.382546421095
"G3HJ07",17.3253622628845
"G3HJ09",3.3838100028037
"G3HJ13",14.2093660323251
"G3HJ15",41.9451914686391
"G3HJ21",3.50362256677013
"G3HJ24",163.586009492579
"G3HJ27",68.3622474175401
"G3HJ28",10.8184759722969
"G3HJ29",27.8419536380153
"G3HJ43",6.4012325658443
"G3HJ68",121.027958365399
"G3HJ77",21.1170395782305
"G3HJ86",0.613872981524857
"G3HJ87",0.0533131100789479
"G3HJ89",164.145847484874
"G3HJ91",28.3341586906577
"G3HJA4",31.9463864251479
"G3HJA9",94.4215846535492
"G3HJB0",37.3953025242692
"G3HJB1",207.413955120802
"G3HJB5",20.1424655208765
"G3HJB6",59.6772001386588
"G3HJC1",1.65892803460034
"G3HJC3",26.7633891294917
"G3HJC7",1.19753661649979
"G3HJD1",4.30504470966439
"G3HJD2",26.7094389001105
"G3I5Y2",704.083610894749
"G3HJD9",20.6284023371398
"G3HJE0",241.323152109791
"G3HJG1",7.64785164740404
"G3HJH9",27.3758532371925
"G3HJJ1",43.6112584685608
"G3HJK2",2.4104346368267
"G3HJK3",2.57589707948018
"G3HJK7",7.72116807849506
"G3HJK8",114.485143238748
"G3HJK9",5.39001882136609
"G3HJM2",90.1344564289244
"G3HJM4",5.74887941920098
"G3HJN1",2.73430081137241
"G3HJN3",18.7576955257456
"G3HJN4",23.6146552947724
"G3HJP6",1060.50798716025
"G3HJQ0",2.96536525241867
"G3HJQ2",1.14149933520026
"G3HJQ8",13.9911185041027
"G3HJQ9",6.51904304448116
"G3HJR1",17.577515624569
"G3HJS0",86.628840423678
"G3HJS1",83.768013746656
"G3HJS4",105.441907197441
"G3HJS5",1.90323473606885
"G3HJS7",7.30949946760435
"G3HJS9",6.88994280850618
"G3HJT0",0.283938713583225
"G3HJT1",2.39850580150193
"G3HJT2",18.4806690756176
"G3HJT5",3.87298588633512
"G3HJT6",1221.00525428171
"G3HJU7",4.39758067430514
"G3HJU8",25.1499636828343
"G3HJV5",58.1056267742145
"G3HJV7",2.74573591947304
"G3HJW6",3.17184635519577
"G3HJW9",3.22153813507032
"G3HJX5",10.7602876696847
"G3HJY1",7.087544990227
"G3HK00",1122.0249416019
"G3HK16",4.3202971181638
"G3HK27",2.52613409022924
"G3HK33",2.09996516207786
"G3HK40",13.1799935219245
"G3HK42",113.454843095107
"G3HK46",3.08358030296273
"G3HK50",3.77115149470989
"G3HK55",6.04174784998808
"G3HK56",14.650787257474
"G3HK57",2.67029312612576
"G3HK64",1.71048935438405
"G3HK73",14.3231278164439
"G3HK75",3.31266774421806
"G3HK76",62.2829919648568
"G3HK78",5.0283797915667
"G3HK79",9.40936134544608
"G3HK86",18.562951623035
"G3HK90",102.881043615533
"G3HKA5",37.0728368515562
"G3HKB0",38.4486842265315
"G3HKC1",3.94040977949349
"G3HKD0",18.8388582740638
"G3HKD1",0.860638668968249
"G3HKD3",22.0068324008408
"G3HKD6",284.16139483456
"G3HKE3",0.606913793383475
"G3HKE6",11.764771465461
"G3HKF1",10.7401348097823
"G3HKF3",14.3645030390159
"G3HKF6",45.4858214155552
"G3HKF7",1.89215068273329
"G3HKG8",1436.61943178891
"G3HKH3",0.819652624776926
"G3HKH7",1.33400631199029
"G3HKI1",4.77721763219623
"G3HKJ1",2.08981703313678
"G3HKJ3",5.39257941679836
"G3HKJ6",7.32681560309351
"G3HKJ9",1.86762263642143
"G3HKK8",5.16806752741088
"G3HKL4",0.539824566216919
"G3HKM6",3.65852241677939
"G3HKM7",3.20840130351825
"G3HKN0",84.1271194138489
"G3HKN1",326.855270401188
"G3HKN2",37.2814807406186
"G3HKN8",0.3883097539766
"G3HKP3",317.02490475965
"G3HKQ0",440.814001748835
"G3HKQ1",1.67039356464136
"G3HKQ3",0.384365532076994
"G3HKQ7",79.0374500810947
"G3HKQ8",49.6121274692003
"G3HKQ9",33.153894443332
"G3HKR1",0.778262750272838
"G3HKR2",0.497022162351638
"G3HKR3",2.04762241804021
"G3HKR8",0.277244286162091
"G3HKS3",9.59386562660825
"G3HKS6",0.539555988356285
"G3HKS8",20.4156133104511
"G3HKT3",30.0266638788471
"G3HKU3",10.8344197522958
"G3HKU4",4.48453598513995
"G3HKU5",12.6920302845382
"G3HKU7",0.851075404587114
"G3HKV8",2.45404537757176
"G3HKV9",12.5867278488968
"G3HKW3",8.83563256096895
"G3HKW4",4.88238169637441
"G3HKX1",30.5059355012528
"G3HKX2",203.892152060627
"G3HKX3",17.4005331922699
"G3HKX4",0.495126660921465
"G3HKX7",4.07128780828977
"G3HKX9",4.67090989359583
"G3HKY0",239.912255173761
"G3HKY3",26.5323663604675
"G3HKY4",12.6611233516124
"G3HKZ1",808.069014349881
"G3HL01",5.25391938361855
"G3HL03",17.1207199414863
"G3HL10",3.3162839570105
"G3HL12",16.849142747645
"G3HL13",4547.56739602169
"G3HL16",58.0563116652997
"G3HL18",16.3202671154125
"G3HL28",2.0283151015428
"G3HL30",0.371683533814938
"G3HL33",19.8764075794498
"G3HL60",0.166233447087586
"G3HL72",4.51729679490325
"G3HL74",4.85752609430033
"G3HL79",6.41184230906475e-07
"G3HL83",1.67317996863014
"G3HL93",39.6740637023771
"G3HL97",43.6148334186119
"G3HL99",0.462271874716251
"G3HLB0",1.77358927652168
"G3HLB3",2.32253230278054
"G3HLC2",1.77799185649733
"G3HLD0",105.801253062505
"G3HLE4",2.39655399374625
"G3HLE5",19.8764075794498
"G3HLG7",8.64280836203793
"G3HLH3",6.71595841931664
"G3HLH5",8.70883928965745
"G3HLI3",1.57895638330537
"G3HLJ0",125.243350752961
"G3HLJ2",5.13004948913409
"G3HLJ8",5.74887941920098
"G3HLK2",0.680354248182398
"G3HLK3",71.130699656133
"G3HLK6",0.66039083525606
"G3HLK9",36.4352880892199
"G3HLL4",159.482448123471
"G3HLL8",2.6022037330809
"G3HLM0",116.149258814073
"G3HLM2",97.1380660462418
"G3HLM3",247.423310004547
"G3HLM5",0.922209882426633
"G3HLM6",6.55690946679964
"G3HLN9",20.8738378646099
"G3HLP3",12.9955052002201
"G3HLP4",35.9579563236083
"G3HLR4",152.005458977452
"G3HLR7",10.9356805243066
"G3HLS2",331.449480358496
"G3HLS5",90.8251339483974
"G3HLS6",6.22051093256575
"G3HLT3",10.6997189418357
"G3HLT6",12.9233372377935
"G3HLU0",6.71203394968828
"G3HLU1",77.2643145887209
"G3HLU4",24.7649656975938
"G3HLU5",61.1308410095842
"G3HLU9",14.9176899189395
"G3HLV1",209.269639478884
"G3HLV2",34.9897157451337
"G3HLV6",116.466673035694
"G3HLV8",34.2930732014258
"G3HLW5",545.280616354575
"G3HLW8",0.621675300275624
"G3HLW9",7.59099365065098
"G3HLX0",714.600478105375
"G3HLX1",49.5846046166422
"G3HLX3",2.27185586126362
"G3HLX5",43.0798890218895
"G3HLX7",8.3978243001435
"G3HLX9",3.53282805502848
"G3HLY0",11.7476429977155
"G3HLY4",2.47455767876589
"G3HLY6",33.5590809529335
"G3HLY8",22.2947538949005
"G3HLZ1",6.41184230906475e-07
"G3HLZ2",138.770403816741
"G3HLZ7",14.6737899191329
"G3HM00",873.119852376622
"G3HM03",762.785562272935
"G3HM05",1.84772818568044
"G3HM24",8.96293779784224
"G3HM29",2.02432494737556
"G3HM30",13.8384110030512
"G3HM34",10.9933296570155
"G3HM37",1.85310438025846
"G3HM39",0.946701742622212
"G3HM53",1.13864157190544
"G3HM59",11.6894122906718
"G3HM62",21.3777971347499
"G3HM63",2.05107463105615
"G3HM65",1.50872843250856
"G3HM67",1.44692594292314
"G3HM69",1.13546655301071
"G3HM82",8.62132922883934
"G3HM95",23.8670093669598
"G3HM96",0.727429557672435
"G3HM98",45.3855894066733
"G3HMA2",12.1486597301848
"G3HMA7",3.65643367436138
"G3HMA9",10.6528199922997
"G3HMB1",28.4375690151878
"G3HMB2",77.8604762561901
"G3HMB4",152.129565372041
"G3HMB9",70.5617146546798
"G3HMC0",59.0344471924342
"G3HMC7",5.54907274874531
"G3HMD1",3066.80590915881
"G3HMD2",4.85319897870063
"G3HMD6",0.625058680883818
"G3HME9",35.2145358698815
"G3HMF5",9.8079988382155
"G3HMG1",705.94913599604
"G3HMG2",1.92831610319844
"G3HMG4",15.2895411490176
"G3HMG5",11.8641325421275
"G3HMG7",63.463580967317
"G3HMI3",2.64918583205318
"G3HMI6",2.86060747700584
"G3HMJ8",492.183465327633
"G3HMM0",0.519693434375577
"G3HMM2",150.466814331527
"G3HMN2",9.08464002061451
"G3HMN4",4.81514796920385
"G3HMN6",150.541253137983
"G3I4W4",1344.32746080187
"G3HMP0",36.3748700396889
"G3HMP1",4.81148759945834
"G3HMQ0",273.351713494547
"G3HMQ1",2.64907704570237
"G3HMS8",721.362120793988
"G3HMT0",40.4560075942273
"G3HMT5",2.65516930499
"G3HMU3",22.402026918258
"G3HMU4",46.7226024703962
"G3HMV2",1670.31851080408
"G3HMV3",10.1778397518805
"G3IP81",1.13588987219441
"G3HMV5",6.53965583345534
"G3HMV6",48.7663272058361
"G3HMV7",48.8895189621442
"G3HMW2",8.99474503312201
"G3HMW8",36.8559351297681
"G3HMW9",11.3664616182955
"G3HMX6",68.7770444645308
"G3HMX7",8.38709456389342
"G3HMY0",32.3770502344616
"G3HMY2",0.428518893747952
"G3HMZ1",8.07973839689959
"G3HMZ7",8.40064798909384
"G3HN02",133.564273090968
"G3HN13",68.8375173148911
"G3HN14",227.452842523567
"G3HN24",0.751485166814504
"G3HN25",11.7053962529976
"G3HN37",10.6719430264556
"G3HN44",0.336103779616249
"G3HN47",13.3393399053174
"G3HN48",0.816176392158116
"G3HN60",559.06419416914
"G3HN62",3.52294561641397
"G3HN65",121.471461861042
"G3HN66",23.0530165525732
"G3HN72",1.39863233402309
"G3HN76",9.94606906861889
"G3HN77",211.677811043208
"G3HN81",15.5038062292395
"G3HN88",94.1894191956629
"G3HN89",17.3230494792202
"G3HN98",0.466579013694356
"G3HNA2",0.64297138604264
"G3HNA5",34.2185867367502
"G3HNB2",4.86895472019343
"G3HNB8",543.663563064721
"G3HNC0",11.4965193904856
"G3HNC4",1.38520923307037
"G3HNC8",73.4978000083817
"G3HNC9",33.1409027788975
"G3HND2",1.68132570653774
"G3HND9",227.578586230745
"G3HNE2",116.615547544299
"G3HNE4",3.38622246348686
"G3HNF0",39.845145692849
"G3HNF2",4.27476615737458
"G3HNF6",2.17472131167631
"G3HNG2",27.4380633931837
"G3HNG5",2.35189349931671
"G3HNH2",2.20380388525146
"G3HNI2",4.41737859545727
"G3HNI4",15.159416948526
"G3HNI7",6.41657083833217
"G3HNJ1",14.4760055465484
"G3HNJ3",0.797609792125905
"G3HNJ6",1187.486340338
"G3HNK4",68.2449581244569
"G3HNN8",22.3787052714767
"G3HNP4",106.006085715282
"G3HNP6",167.755173933472
"G3HNQ5",14.8981270868643
"G3HNR0",152.626023862228
"G3HNR3",46.1769010133119
"G3HNS8",71.1137490211733
"G3HNS9",2.62373379957783
"G3HNT8",0.129305894949671
"G3HNT9",380.684865241373
"G3HNU2",9.33046967929304
"G3HNV1",25.9181891309824
"G3HNV4",271.871832258624
"G3HNV5",55.5923166453589
"G3HNW1",2.4766200687303
"G3HNW3",304.55097842048
"G3HNW4",2.14435488243634
"G3HNY0",7.68906822353493
"G3HNY2",1.0413035770657
"G3HNY4",256.999285404748
"G3HNY5",311.700536418087
"G3HP02",2.66594066111845
"G3HP03",38.0452500581727
"G3HP08",60.2527394360929
"G3HP10",7.04363020309068
"G3HP11",44.3025918477304
"G3HP12",8.69685301054936
"G3HP15",68.2776050015179
"G3HP16",7.63253803750503
"G3HP24",77.3796499117531
"G3HP25",3.52393381973628
"G3HP28",5.28918528829482
"G3HP33",5.65764451798052
"G3HP34",6.41184230906475e-07
"G3HP44",13.6742828866911
"G3HP47",3.79118110665098
"G3HP48",4.9822892599863
"G3HP56",2.32794859389805
"G3HP62",0.529177773748432
"G3HP64",0.15950742069144
"G3HP69",205.684141198455
"G3HP71",29.4346894595312
"G3HP75",245.179288183463
"G3HP76",10.3103900134314
"G3HP78",1.06294480584928
"G3HP80",278.43841209167
"G3HP82",0.242585233990158
"G3HP88",0.995525578173457
"G3HP89",777.347088174856
"G3HP95",0.767215786698653
"G3HP98",0.746160480478189
"G3HPA0",27.3981544629609
"G3HPD2",3.01298278819759
"G3HPE0",2.69303850118591
"G3HPE4",13.3255809299689
"G3HPE5",6.12535074263918
"G3HPE8",8.71765972463435
"G3HPE9",30.0243093468572
"G3HPF1",25.1511341832834
"G3HPF7",8.30296636637181
"G3HPH9",11.5398826466129
"G3HPI0",323.522281841917
"G3HPI1",0.969424314406171
"G3HPJ0",0.419929953994832
"G3HPJ4",77.102854546953
"G3HPJ5",1.83128019691678
"G3HPJ9",6.83440017133519
"G3HPK0",25.2974606695023
"G3HPK4",8.44978511100715
"G3HPK6",4.58848958103606
"G3HPL6",20.2621708789837
"G3HPM3",15.7204731667323
"G3HPM4",2.91373490777064
"G3HPN1",11.952095400384
"G3HPN8",23.6929224478059
"G3HPP1",43.8496093030252
"G3HPP2",22.1746746721008
"G3HPP3",137.458988388178
"G3HPP8",8.72195696481534
"G3HPP9",1.39383788619402
"G3HPQ3",1.75587517905894
"G3HPR6",9.5157177547194
"G3HPS0",19.7056802317328
"G3HPT1",64.6979937893523
"G3HPT2",0.808838099714138
"G3HPT5",4.29089911929926
"G3HPT8",0.085505847713616
"G3HPU1",52.9975511576361
"G3HPU8",44.8010466778406
"G3HPV6",650.874726321671
"G3HPX2",2.24653137329625
"G3HPX5",0.405204786332136
"G3HPY5",21.4558117468786
"G3HPZ0",18.9374283302356
"G3HPZ1",2.48107067948829
"G3HPZ2",26.579269261087
"G3HPZ5",74.9224101284381
"G3HPZ6",9.05055802089767
"G3HQ02",366.666353508911
"G3HQ05",54.7193446224511
"G3HQ18",1.48822504464209
"G3HQ29",0.562131493382548
"G3HQ32",11.61863473052
"G3HQ33",6.41184230906475e-07
"G3HQ41",3.61060108595464
"G3HQ45",284.642702520972
"G3HQ46",0.982493192889502
"G3HQ49",26.8830305101647
"G3HQ51",17.7314102320377
"G3HQ60",0.286296137792526
"G3HQ64",70.1707752344983
"G3HQ69",72.7779547464165
"G3HQ70",10.8615259295028
"G3HQ73",4.04834381254724
"G3HQ74",2.76664983421054
"G3HQ83",0.32798973971302
"G3HQ86",24.058669570488
"G3HQ88",31.4192281617258
"G3HQ89",14.0795529369598
"G3HQ97",18.6742257591849
"G3HQ99",31.128057964051
"G3HQA0",3.90757446272013
"G3HQA3",17.424821445071
"G3HQB7",891.399185780675
"G3HQB8",5.35517639830927
"G3HQC3",27.4791480880201
"G3HQD2",2.68607274393869
"G3HQD5",2.32719028844052
"G3HQD6",21.3533466982971
"G3HQG4",0.923355663388635
"G3HQG6",4.99361625458712
"G3HQH0",0.546189062622873
"G3HQH1",15.6282625176289
"G3HQH4",41.8940164899545
"G3HQH5",9.79891747713435
"G3HQI8",23.1475651792073
"G3HQJ6",7.02599940262174
"G3HQK2",65.9259266407972
"G3HQK4",7.60866881602318
"G3HQK5",12.1886710123297
"G3HQL6",63.561292127306
"G3HQM6",2623.83363721083
"G3HQM9",0.901940424343967
"G3HQN3",2.23668546305322
"G3HQP2",3.59829434787996
"G3HQP3",1.48160611522499
"G3HQP7",33.3924980276288
"G3HQP8",5857.65303641899
"G3HQP9",3.28691964687612
"G3HQQ2",14.6852916899801
"G3HQQ3",4.99139520931743
"G3HQQ6",13.8831842409285
"G3HQQ7",15.3563445749477
"G3HQQ9",62.7773285587594
"G3HQR1",18.0648041922475
"G3HQR5",8.87466652997176
"G3HQR6",8.64970466274818
"G3HQR7",146.994345263611
"G3HQR8",6.79771641392692
"G3HQR9",44.384860152409
"G3HQS0",16.0744940437647
"G3HQS5",9.91983544227145
"G3HQS9",0.901898408604906
"G3HQT0",5.60446478279899
"G3HQT1",10.9684914700696
"G3HQV2",24.8339936503867
"G3HQV3",2.35005130089515
"G3HQV4",51.5016069515729
"G3HQV7",4.374247183732
"G3HQW0",0.270454109591442
"G3HQW1",0.828921426646787
"G3HQX0",2038.90479814138
"G3HQY3",0.98106070971771
"G3HQY6",22.6131236474808
"G3HQZ2",1.79882837198444
"G3HQZ8",7.34334588357922
"G3HR00",210.348188810534
"G3HR05",18.5189115974178
"G3HR08",264.741745574243
"G3HR10",24.9638767050964
"G3HR49",5.09270735722826
"G3HR54",43.4349061166228
"G3HR57",1.36742482295427
"G3HR61",27.0719114437439
"G3HR63",133.601348366039
"G3HR69",28.5186606699679
"G3HR70",37.3538036917211
"G3HR76",0.267263017620449
"G3HR77",20.0181359162779
"G3HR78",0.939485572282379
"G3HR89",2.71785876540364
"G3HR92",14.525443445438
"G3HR95",9.35914475267236
"G3HR96",25.0984634186059
"G3HR98",1.03539435755249
"G3HR99",0.169933080357627
"G3HRA6",1.12901157264583
"G3HRC5",110.51562140099
"G3HRC8",28.4211165532055
"G3HRD0",0.903274457147469
"G3HRD3",24.3380681161341
"G3HRD9",138.770403816741
"G3HRE2",8.64506942452088
"G3HRF0",54.0640124076218
"G3HRF8",169.909531042744
"G3HRG4",7.94046331474167
"G3HRG8",132.884619135905
"G3HRG9",2.59883338747312
"G3HRH4",37.9064533462111
"G3HRH7",6.95582739617708
"G3HRI3",24.7275294246477
"G3HRJ1",7.27745689470335
"G3HRJ2",21.5757626467146
"G3HRJ7",36.1450743878999
"G3HRK0",488.44466658575
"G3HRK4",61.8610982347593
"G3HRK5",13.8074169054682
"G3HRK8",38.2552558660203
"G3HRL3",83.1168822058663
"G3HRL6",306.239462582206
"G3HRM7",9.89190081508231
"G3HRM8",247.208964619689
"G3HRM9",27.0554853084771
"G3HRN0",1396.98419209498
"G3HRN3",5.91786587959286
"G3HRN5",23.4055949540123
"G3HRN7",1.7261500630852
"G3HRP1",0.73578612150733
"G3HRP2",234.120346566697
"G3HRP3",745.396863351137
"G3HRP7",0.780353575068336
"G3HRQ3",2.59296280252146
"G3HRQ4",617.566812597041
"G3HRQ6",75.4536827377206
"G3HRR5",367.52205026998
"G3HRR7",89.0268038128089
"G3HRS6",4.22803597367695
"G3HRT6",3.84060950898425
"G3HRU4",2.6564748483231
"G3HRU5",0.626459948724677
"G3HRV6",3.15652798805195
"G3HRW0",19.3771368448349
"G3HRW3",14.7589099539072
"G3HRW5",3.1960323864847
"G3HRW6",3.2802371686408
"G3HRW8",401.852866323313
"G3HRX4",0.683747545702853
"G3HRY2",2.59350635705349
"G3HRY7",6.41184230906475e-07
"G3HRY8",13.324434369544
"G3HRZ4",3.08948404207159
"G3HS06",1310.50243524205
"G3HS21",229.502746094204
"G3HS22",10.4194502190541
"G3HS38",15.4185493683774
"G3HS40",442.034602760646
"G3HS45",2.87674961190043
"G3HS46",8.7270458909456
"G3HS51",0.565865941834825
"G3HS52",11.0130419947983
"G3HS57",1.7707975806783
"G3HS58",1.31188415405309
"G3HS67",64.2357526186977
"G3HS69",32.7217156286135
"G3HS70",9.17467722776716
"G3HS71",5.64816685008812
"G3HS72",20.5214174612406
"G3HS77",7.92964038378637
"G3HS82",3.69007812771445
"G3HS87",35.9176945466922
"G3HS88",182.903928083252
"G3HSA2",282.363059048653
"G3HSA6",0.924753789043636
"G3HSA7",28.0110807426412
"G3HSB4",1004.84707258596
"G3HSB7",29.0771028459203
"G3HSC4",0.350527420504494
"G3HSC6",3.43393482573194
"G3HSC7",18.9177129809396
"G3HSC9",376.325413626874
"G3HSE4",213.409235616623
"G3HSE5",38.5365087874707
"G3HSE8",33.4669253634224
"G3HSF3",88.2500063119393
"G3HSF4",9.36141167890808
"G3HSF6",1.18810271210446
"G3HSF8",11.5672726989348
"G3HSG5",9.54985526841349
"G3HSH0",30.1820762488434
"G3HSH4",1442.62790015727
"G3HSI8",32.8704776640091
"G3HSJ1",64.46384248864
"G3HSJ6",2.33249859530447
"G3HSK4",6.42272887467814
"G3HSK7",1.12425047090007
"G3HSK8",16.2117889302358
"G3HSL4",1774.4025429923
"G3HSM3",46.9340131512924
"G3HSM4",48.1827994127162
"G3HSM8",51.2236692939667
"G3HSN1",71.0362620784459
"G3HSN5",0.649351214116491
"G3HSN6",7.25126409451752
"G3IA30",4216.96255256172
"G3HSP2",2.81154492610104
"G3HSP6",2.88874905467239
"G3HSQ5",11.4371888228868
"G3HSR1",3.90294738625155
"G3HST4",26.3072700598916
"G3HST8",13.2877461319843
"G3HSU8",12.1623774018579
"G3HSV8",34.443244444716
"G3HSV9",33.2294855921092
"G3HSW2",39.1870870103132
"G3HSW8",401.378933700071
"G3HSW9",46.5458535773777
"G3HSX3",20.1540863882003
"G3HSX7",5.51252607454687
"G3HSY4",14.9855909218958
"G3HSY5",8.57408126875123
"G3HSY7",20.216842835488
"G3HSZ2",8.90069228067021
"G3HSZ4",606.152453478697
"G3HSZ7",39.4174857395022
"G3HSZ8",14.0026024704471
"G3HT01",6.41184230906475e-07
"G3HT05",3.10413564534088
"G3HT06",57.824188134181
"G3HT11",31.5418524528397
"G3HT14",1.59682371600528
"G3HT18",706.758014927469
"G3HT19",9.31245005206405
"G3HT22",126.119060168388
"G3HT25",11.2467143667828
"G3HT28",1.07488002324848
"G3HT29",9.12959838626018
"G3HT32",11.7807587673339
"G3HT37",11.9920854900696
"G3HT41",44.1881398663449
"G3HT60",6.45094633112089
"G3HT77",22.0126595614986
"G3HT90",0.844093910610323
"G3HTA4",1.96687378407158
"G3HTA5",0.558149660623827
"G3HTA6",1.31592480220448
"G3HTC0",17.4953792775813
"G3HTD0",6.48857585034737
"G3HTD4",6.60542920928795
"G3HTE0",3.42109971266767
"G3HTE5",93.7874504244517
"G3HTE6",251.92595104792
"G3HTF5",17.7290957046487
"G3HTF6",1.29795766182409
"G3HTF7",150.963095642948
"G3HTF8",74.6689464667304
"G3HTG4",1.75222572176622
"G3HTG6",0.880216349097566
"G3HTG9",53.754439622141
"G3HTH0",2.76381743964075
"G3HTH3",9.42137834836294
"G3HTI3",5.65942860737282
"G3HTI9",3.37624401193983
"G3HTJ2",271.08772781165
"G3HTK1",32.4950729536866
"G3HTL1",27.527278414791
"G3HTM8",3.9844980141154
"G3HTM9",93.5663303912811
"G3HTN5",1.84504027911406
"G3HTP7",6.41184230906475e-07
"G3HTQ7",217.36310739701
"G3HTR9",63.0679611889424
"G3HTS8",9.32650299743131
"G3HTT0",28.0204776688553
"G3HTT9",0.607857436417426
"G3HTU0",2.46978183254587
"G3HTU4",10.8384058166019
"G3HTU8",138.498189972992
"G3HTV2",23.3145150019595
"G3HTV3",17.3889677451291
"G3HTV6",9.86567185480493
"G3HTV9",20.2947161245633
"G3HTW7",71.0277871108455
"G3HTW9",1.67039356464136
"G3HTX6",14.0887419682305
"G3HTY0",1.12276937288067
"G3HTY6",23.4978543515881
"G3HTZ1",41.2550963375886
"G3HTZ5",34.1511987654838
"G3HTZ8",4.86473823224419
"G3HTZ9",1.29232465741068
"G3HU07",0.869502456225018
"G3HU10",91.776009977612
"G3HU11",3.39883396259711
"G3HU13",11.1486665344232
"G3HU16",0.759390932864067
"G3HU20",93.0496355554349
"G3HU22",64.5241881195875
"G3HU24",16.294876495698
"G3HU28",222.663702542192
"G3HU30",36.6449995142926
"G3HU51",35.756662135538
"G3HU68",128.278341031265
"G3HU77",15.395509602325
"G3HU95",0.401531304072936
"G3HUC2",24.3672999551689
"G3HUD4",6.41184230906475e-07
"G3HUD6",1.9951075939442
"G3HUE0",3.22405622703091
"G3HUE5",16.1517898540896
"G3HUF2",8.62302488664752
"G3HUF3",73.6384026933333
"G3HUH3",1.33007024196103
"G3HUH9",13.8717034751113
"G3HUI1",0.751151032666205
"G3HUI7",67.3056721405074
"G3HUK4",82.5182310053251
"G3HUK8",26.7493148152364
"G3HUK9",5.23601125402807
"G3HUL2",10.436625762626
"G3HUM2",5.32790871724854
"G3HUM5",13.1398801773051
"G3HUM7",1.64500142081008
"G3HUN1",83.9834711510384
"G3HUN3",2.18304477820005
"G3HUN6",35.8513842328719
"G3HUN7",67.4168653308853
"G3HUN9",17.3161111885009
"G3HUP4",6.88556619176835
"G3HUQ0",3.87199464171667
"G3HUQ1",0.89967166562111
"G3HUQ2",0.913991053522947
"G3HUR1",29.6747282640437
"G3HUR3",1.74514218738504
"G3HUR7",1.21821483625665
"G3HUS1",1.66503552059789
"G3HUU6",653.841628172176
"G3HUU7",7.75011798696217
"G3HUV1",6.47871981220613
"G3HUV2",22.8102829147084
"G3HUV4",2.12113021425688
"G3HUV6",3.11047808237573
"G3HUV7",7.50601399430467
"G3HUV8",1.9079703123924
"G3HUW2",12.8225531525742
"G3HUW4",21.4464960834981
"G3HUX2",105.549829421019
"G3HUX3",0.541921688823269
"G3HUX4",34.9210957909777
"G3HUX5",18.6730665421976
"G3HUX8",8.77138016941138
"G3HUX9",27.6857756442885
"G3HUY7",26.2908592321335
"G3HUZ2",3.33710706766132
"G3HUZ3",3.99563281021796
"G3HUZ5",3.62818450668941
"G3HUZ7",39.6408005433407
"G3HV07",9.5542786922318
"G3HV08",7.79473251099346
"G3HV10",6.24601433550409
"G3HV16",20.8808184520972
"G3HV18",1108.76992701888
"G3HV33",3.05931324561275
"G3HV37",1.23890448108272
"G3HV39",220.301787046446
"G3HV45",8.94018825492129
"G3HV48",26.347126313435
"G3HV49",4.57608637081403
"G3HV50",104.514905579133
"G3HV51",0.226429227097848
"G3HV59",6.30217848855736
"G3HV63",106.891797516469
"G3HV69",25.113679048286
"G3HV73",42.0392159076373
"G3HV80",46.9435691691204
"G3HV82",12.2046767224154
"G3HV83",94.8395292502394
"G3HV88",43.7125524087005
"G3HV90",20.6249134146616
"G3HV92",27.9312110135099
"G3HV95",1.27458061750078
"G3HV97",15.734306284336
"G3HVA3",0.509080546941821
"G3HVB0",1.85116889168088
"G3HVB2",3.39203453011632
"G3HVB6",7.39193166391544
"G3HVB8",9.58547139070669
"G3HVB9",1.29891428883282
"G3HVC2",13.9279621765664
"G3HVC6",0.851683490980197
"G3HVD1",45.2018494356842
"G3HVD5",2.5670939073405
"G3HVD9",26.1220815226061
"G3HVE0",34.4763559343527
"G3HVF0",2.64940340519075
"G3HVF2",14.6760902498474
"G3HVF4",6.41184230906475e-07
"G3HVG5",8.44571823700452
"G3HVG7",1.14859182617212
"G3HVG9",66.0201352870093
"G3HVJ5",21.1333338704763
"G3HVJ9",0.313597905632581
"G3HVK4",3.4790346099676
"G3HVL0",0.140879061694418
"G3HVL1",175.143440619178
"G3HVL4",2.0209820421882
"G3HVM3",3.51295428975654
"G3HVP4",1.69751380590805
"G3HVR2",2.70348823569396
"G3HVR6",27.935909027417
"G3HVU7",21.3556752720703
"G3HVU9",7.24384523360329
"G3HVV5",0.429821050454332
"G3HVX0",2.76131193853571
"G3HVX5",44.0844260867077
"G3HVZ2",1.8933343160639
"G3HVZ4",31.5843029394037
"G3HW00",0.549806330694045
"G3HW06",40.9696491841696
"G3HW11",1.41888143306468
"G3HW13",17.1519314473918
"G3HW17",3.16145148575529
"G3HW21",0.638774705594334
"G3HW31",6.73322697142228
"G3HW32",3.09735626502691
"G3HW34",2.45415389363083
"G3HW36",696.42751497886
"G3HW44",45.3056476085583
"G3HW48",97.4536426072308
"G3HW49",2.38484423449728
"G3HW50",1.07952853361391
"G3HW54",11.2592573797272
"G3HW57",26.1396608828504
"G3HW60",1.43722031086341
"G3HW62",45.7710446035515
"G3HW66",3.43185038483412
"G3HW90",7.11989709705743
"G3HW96",27.7726681442054
"G3HWA6",35.0820046539103
"G3HWB8",207.73991475688
"G3HWC3",92.1239717188213
"G3HWC5",21.2462412480782
"G3HWD4",2.29773095339414
"G3HWD7",5.33091350484392
"G3HWD9",4.44016636742538
"G3HWE1",12.4951837951059
"G3HWE4",4.05838129158886
"G3HWE6",8.04815496454043
"G3HWE7",10.3282419413476
"G3HWE8",14.8670584244307
"G3HWE9",138.621921382751
"G3HWF1",1.04837496925555
"G3HWF2",0.879733555113325
"G3HWF3",2.4713013874198
"G3HWF4",4.06919178759034
"G3HWF6",3.76696992389369
"G3HWG9",1.74031304083692
"G3HWH2",6.14614548117865
"G3HWH8",105.013932887008
"G3HWI0",33.6536080586715
"G3HWI3",1.9499613539941
"G3HWI4",113.435174445419
"G3HWI5",4.50157949247569
"G3HWJ2",72.3648147241935
"G3HWJ3",136.234543263719
"G3HWJ5",92.9751316946698
"G3HWJ6",17.271014504741
"G3HWJ7",2.70708063567848
"G3HWK1",3.86373459111421
"G3HWL4",0.3781963904688
"G3HWL5",7.13809726032232
"G3HWL7",9.79925802323544
"G3HWM5",25.3653655217335
"G3HWM9",10.2740070332597
"G3HWN6",249.113067058496
"G3HWN7",5.69009549894719
"G3HWP1",0.154684649664429
"G3HWP5",0.506286701406765
"G3HWP7",8.00101291801838
"G3HWP9",133.786729760191
"G3HWQ5",0.305431380798275
"G3HWQ6",3.19537567331012
"G3HWS1",6.41184230906475e-07
"G3HWS2",29.6888501659866
"G3HWS3",58.7468467047572
"G3HWS4",3.24924065788961
"G3HWS5",4.18364129141337
"G3HWS9",46.0157381968641
"G3HWT7",27.2549674158462
"G3HWU6",145.023662216253
"G3HWW4",1.31007662666142
"G3HWW6",11.92010646158
"G3HWW9",6.57651766103824
"G3HWX6",1.09474637988362
"G3HWX8",140.49070069519
"G3HWX9",1.65367832413439
"G3HWY6",52.3381092459738
"G3HWZ6",0.885233717370357
"G3HX09",8.82737391760704
"G3HX30",0.661950590086606
"G3HX33",472.945112751868
"G3HX34",227.075624974881
"G3HX36",2.50973447244319
"G3HX39",171.367028568529
"G3HX40",187.200536690109
"G3HX41",2.42529414377461
"G3HX42",3.25603059326499
"G3HX43",3.46114603125469
"G3HX45",0.521210140257978
"G3HX52",0.150738771114604
"G3HX53",7.34154661061968
"G3HX54",6.14894064758532
"G3HX55",9.16425635146218
"G3HX58",0.523552546241449
"G3HX62",15.5372218665049
"G3HX65",6.55455661155999
"G3HX68",27.6364622239609
"G3HX69",38.5341350650095
"G3HX77",208.492192764937
"G3HX78",0.568235301597485
"G3HX81",7.34537008280133
"G3HX83",194.076756760198
"G3HX91",0.466229459997833
"G3HX92",6.73771254549955
"G3HX93",23.3974206405443
"G3HXA1",3.37898524932511
"G3HXA2",167.804975539738
"G3HXB4",0.980934317408962
"G3HXD9",8.60697309438197
"G3HXE0",11.6814205760673
"G3HXE4",0.344692483144698
"G3HXF1",11.1042122109391
"G3HXF2",19.497852738608
"G3HXF9",15.0788272392999
"G3HXI0",12.3704901579377
"G3HXI5",7.7500053345776
"G3HXI6",7.10664114042236
"G3HXJ8",2.26795918583633
"G3HXK5",669.620362373852
"G3HXK8",94.8419735471728
"G3HXK9",2.75031039689784
"G3HXL1",584.200567750905
"G3HXL6",10.4011382367867
"G3HXL9",2.80075488478958
"G3HXM0",21.4767724704878
"G3HXM1",6.14089068029783
"G3HXM9",4.81448244069711
"G3HXN0",0.842857144643369
"G3HXN5",3.50768451164521
"G3HXN7",19.6185929504409
"G3HXN9",2.95837760607251
"G3HXP0",15.826537163541
"G3HXP6",1.17030154698584
"G3HXQ1",2.16683118983062
"G3HXR1",2.97453735101398
"G3HXR8",47.9174179917689
"G3HXS1",9.48997548655096
"G3HXS4",1.55778088474481
"G3HXS7",0.335106972135936
"G3HXT1",2.07524539848629
"G3HXT3",6.9220407579458
"G3HXT4",20.5946768910785
"G3HXT8",0.606550866459591
"G3HXU0",63.8785854755523
"G3HXU5",7.45571625954748
"G3HXU8",14.1783452227746
"G3HXV5",121.533063739511
"G3HXV9",5.82542818078743
"G3HXW0",7.55013199784853
"G3HXW1",5.80266097078803
"G3HXW2",3.66610817587814
"G3HXW6",5.11760112611882
"G3HXW9",110.742854294077
"G3HXX3",0.900890049976044
"G3HXX9",1.08534008709411
"G3HXY1",48.7376237838716
"G3HXZ2",5.34894338644558
"G3HXZ3",4.75559506542209
"G3HY02",0.184148825605856
"G3HY03",57.5139356435518
"G3HY08",519.375120151647
"G3HY10",17.0964456052421
"G3HY23",851.295603186763
"G3HY27",139.154007347562
"G3HY31",6.41184230906475e-07
"G3HY32",1.53575974716568
"G3HY34",10.3178945231464
"G3HY38",22.1735089578949
"G3HY52",5.52756719934164
"G3HY54",7.21304836578716
"G3HY68",12.7195051695669
"G3HY75",28.452846578583
"G3IAE0",3.77225193315936
"G3HY90",12.3727777476367
"G3HY94",7.57512091696688
"G3HY95",0.766923221915583
"G3HY96",1.75748531222453
"G3HYA2",0.307814671645637
"G3HYA9",0.374551595393308
"G3HYB2",9.93130527864405
"G3HYB3",0.230085517077925
"G3HYB5",0.451586788606942
"G3HYB7",472.49441448944
"G3HYC4",21.4604696279142
"G3HYD7",0.141492179615075
"G3HYE2",1.9357456759789
"G3HYF3",3.75541636900763
"G3HYF4",18.3787016160469
"G3HYF9",0.746692893635907
"G3HYG1",29.6041220355746
"G3HYG2",8.45509473678478
"G3HYG7",81.1802955792511
"G3HYG9",157.854405691896
"G3HYH7",405.414345675377
"G3HYI1",15.9972103228451
"G3HYI7",96.0056906531598
"G3HYJ8",3915.88753892621
"G3HYJ9",573.908452590047
"G3HYL0",55.7520697667444
"G3HYL1",6.71909804873577
"G3HYM9",0.420155366762153
"G3HYN8",0.238510162885961
"G3HYP1",6.14223231768562
"G3HYP6",393.427283659418
"G3HYQ4",4.42998883290422
"G3HYR8",0.853455409419596
"G3HYS3",16.9057578082257
"G3HYS7",1.64350185980169
"G3HYS9",9.12665378887681
"G3HYT5",4.72798936140224
"G3HYU3",2.60263862673297
"G3HYU5",11.021588162771
"G3HYU6",88.2195242767681
"G3HYU7",26.8912418292154
"G3HYV1",44.2084067027877
"G3HYW2",28.6420754012084
"G3HYW3",20.5016504999342
"G3HYW4",87.2333111816712
"G3HYW8",0.521530008144417
"G3HYY2",0.767853172540454
"G3HYY3",15.6974188508133
"G3HYZ0",5.19019332664979
"G3HYZ6",0.273818199968834
"G3HZ09",2.65865080025752
"G3HZ16",6.88983058643418
"G3HZ17",24.6573413841576
"G3HZ24",11.9486678807294
"G3HZ25",66.5927278134312
"G3HZ28",35.0110124835455
"G3HZ30",1.58558900062615
"G3HZ31",53.0922930018888
"G3HZ33",2.07783566872762
"G3HZ34",66.8029602747004
"G3HZ36",23.1837537832853
"G3HZ42",421.491970494277
"G3HZ48",8.67446498573598
"G3HZ50",110.215942885347
"G3HZ55",310.506452501927
"G3HZ57",1.33719799754662
"G3HZ68",2.64875068752195
"G3HZ73",3.16736001223856
"G3HZ74",125.514676100005
"G3HZ92",9.77462618262603
"G3HZ95",12.0892223155407
"G3HZA1",1.22776249435522
"G3HZA3",8.25645366659613
"G3HZA8",226.509836881514
"G3HZB5",0.532326687321575
"G3HZC7",2.27575275412559
"G3HZD7",3.97986800067541
"G3HZE2",0.0827297069321226
"G3HZE8",50.409307946797
"G3HZE9",33.8533249403775
"G3HZF4",145.494564297568
"G3HZG2",194.939975492784
"G3HZG6",34.4810862316318
"G3HZH3",55.0182898925805
"G3HZH7",0.812438932433026
"G3HZI0",4.83921992502103
"G3I071",1064.47424479012
"G3HZI4",2.55677045069311
"G3HZI9",8.26650059277942
"G3HZJ9",1.98066576556791
"G3HZK4",1.18757278958461
"G3HZM3",3.99408931280637
"G3HZM5",0.54948591276787
"G3HZM6",2.21299615036097
"G3HZM8",1.32879376002496
"G3HZP1",1.17824741522446
"G3HZP5",23.446467913825
"G3HZP7",22.9993278831205
"G3HZP8",41.9475717496574
"G3HZQ8",0.361880439392131
"G3HZR3",9.49519179810606
"G3HZS5",15.1156665151554
"G3HZU1",0.83689424733159
"G3HZU2",1.40864912589339
"G3HZU7",2.05517437950798
"G3HZV0",1198.7001771778
"G3HZW3",1922.33926333935
"G3HZX6",2.45437092621723
"G3HZX7",1.37125795520528
"G3HZY0",1.90312711378528
"G3HZY1",142.22406675724
"G3HZY5",100.250014368408
"G3HZZ9",76.5602838519105
"G3I000",32.4041942224505
"G3I003",441.777625004502
"G3I004",797.483525670385
"G3I008",4.08022386910823
"G3I010",1.65828518383941
"G3I011",69.424193437797
"G3I013",13.7018244102084
"G3I014",6.41184230906475e-07
"G3I016",17.7441403083267
"G3I018",73.1426960159803
"G3I021",49.2854752893822
"G3I027",282.477027043837
"G3I029",0.141640527595406
"G3I054",13.3175550744032
"G3I059",8.85452656582569
"G3I061",46.190033605467
"G3I063",4.24217478503995
"G3I064",306.79812560386
"G3I067",3.67743279502799
"G3I069",29.1806001266096
"G3I070",1.27181879235051
"G3I072",594.667241024584
"G3I073",335.167090087103
"G3I075",15.4680886560716
"G3I086",2.32372385160485
"G3I088",1.65217850635576
"G3I098",6.41184230906475e-07
"G3I0A3",6.41184230906475e-07
"G3I0B7",2.40381931761431
"G3I0C0",380.22455287144
"G3I0C6",20.6225874770089
"G3I0C8",415.117467394661
"G3I0D0",6.46102496820534
"G3I0D8",494.001629365557
"G3I0D9",21.6922405912285
"G3I0E0",10.3849881662329
"G3I0F4",17.3727765395522
"G3I0F7",65.869162006481
"G3I0F9",1599.25901572505
"G3I0G1",6.3563442110454
"G3I0G6",0.224330739486102
"G3I0H0",19.4537421813344
"G3I0H1",4.85120189074682
"G3I0H2",950.037167185927
"G3I0I7",124.145911930061
"G3I0J2",20.9657550068559
"G3I0J3",32.0301446695822
"G3I0L2",0.147707283999252
"G3I0L3",17.0386540819125
"G3I0M2",27.4063708529175
"G3I0M4",0.513009268856686
"G3I0N2",0.989846269362097
"G3I0N6",6.96458360974399
"G3I0P3",4.19170187835567
"G3I0Q0",10.0169451674428
"G3I0Q1",1531.91435364297
"G3I0Q2",41.7131352053884
"G3I0Q4",253.717648156794
"G3I0Q7",2.99812696622635
"G3I0Q8",2.91231630970607
"G3I0R3",26.7246853450191
"G3I0R8",38.9507959485068
"G3I0S4",0.656554348906468
"G3I0T5",0.399914908391874
"G3I0T8",4.0791206172464
"G3I0U4",7.52897231391739
"G3I0U6",0.99039413431488
"G3I0V6",95.7538388184665
"G3I0V9",16.7001245744438
"G3I0W6",8.32216097309245
"G3I0X3",12.6130507804738
"G3I0X4",73.0275719350681
"G3I0X5",103.981632843887
"G3I0X8",30.0925932114721
"G3I0Y0",5.34493657499622
"G3I0Y6",0.0917054782707895
"G3I0Y8",0.584115135799002
"G3I0Z2",118.870332700257
"G3I0Z9",3.05778310000592
"G3I105",1.07995115779844
"G3I114",13.3393399053174
"G3I116",27.9570504080013
"G3I127",6.41184230906475e-07
"G3I130",1.76811339276235
"G3I131",47.0474949465542
"G3I132",9.35291079763761
"G3I141",14.0990798614571
"G3I142",90.8959197643901
"G3I150",64.9973613632906
"G3I163",7.52053149013611
"G3I167",0.574051422068716
"G3I171",1.08417769523616
"G3I179",122.814612391342
"G3I180",58.973072544036
"G3I181",3.26807838587735
"G3I185",3.41166635452938
"G3I191",5.1702910867624
"G3I196",1796.45395789992
"G3I1A6",1.79603539161742
"G3I1C8",6.23147250555462
"G3I1D1",111.744087525862
"G3I1D2",70.2663854665195
"G3I1D5",25.3208754667939
"G3I1D8",4.288136485597
"G3I1E0",28.7972498878034
"G3I1F9",14.892373471707
"G3I1G0",0.131278534650376
"G3I1H0",187.525411732378
"G3I1H4",18.6301771605693
"G3I1H5",117.649226579932
"G3I1H7",4.9890631463861
"G3I1H8",12.2870025712313
"G3I1I2",1.93800703460366
"G3I1J6",98.029838984426
"G3I1J8",7.17079393547952
"G3I1J9",24.8012338426862
"G3I1K2",1.70308968075884
"G3I1K4",1.40673083692408
"G3I1L1",1.1264722369251
"G3I1P0",13.5434853499874
"G3I1P5",170.283209724101
"G3I1P6",123.640456217763
"G3I1Q3",3.74947499077469
"G3I1Q8",8.88292660832131
"G3I1R1",4.14930665441023
"G3I1R2",94.6293273858182
"G3I1S5",1769.02549698786
"G3I1T4",32.8752006275313
"G3I1T8",1.47797678781414
"G3I1T9",2.86060747700584
"G3I1U6",0.897760170776755
"G3I1V3",0.248566025822852
"G3I1V4",268.912857145183
"G3I1W0",2.33239025857988
"G3I1W1",6.17040890203268
"G3I1W2",3.32910610788392
"G3I1X5",24.1007479853444
"G3I1X8",235.605657147094
"G3I1Y9",29.8924651549415
"G3I1Z1",1.85192157386454
"G3I1Z2",13.8384110030512
"G3I1Z5",1.00074219868971
"G3I1Z7",76.7374856238855
"G3I210",2.85166513619721
"G3I216",245.242313413219
"G3I220",1074.23328135286
"G3I229",16.0318134758418
"G3I230",52.9591762816661
"G3I245",4.07779672782538
"G3I249",2.63058548299702
"G3I253",0.228196865651436
"G3I254",4.87749902042243
"G3I255",1412.32688672566
"G3I270",106.288211640493
"G3I277",262.581189921409
"G3I278",85.7528453594702
"G3I2A9",1.02927525093617
"G3I2B6",86.1353722463438
"G3I2D3",566.549507297355
"G3I2D8",53.253006930027
"G3I2E7",3.08412693003683
"G3I2E9",437.525351329184
"G3I2F0",8.01713944609673
"G3I2F1",2.78778682702886
"G3I2F2",46.6604990251343
"G3I2F5",45.5896407140138
"G3I2F6",5.44246322977109
"G3I2F8",46.6091462839706
"G3I2F9",31.3744270123525
"G3I2G0",32.9921010009069
"G3I2G1",8.47430067145797
"G3I2G3",4.09070524545321
"G3I2H0",30.3516467070445
"G3I2H2",31.3355224392738
"G3I2H6",4.24493645074685
"G3I2I1",126.649515671311
"G3I2I9",916.505451390516
"G3I2J2",3.42537790992554
"G3I2J3",2.72352056263511
"G3I2J5",68.7455992658166
"G3I2J6",4.03378539213886
"G3I2J8",49.9125177887114
"G3I2K6",13.123835954138
"G3I2K8",65.4126873900268
"G3I2L7",131.229209346587
"G3I2L9",73.409321768849
"G3I2M0",16.0018239360113
"G3I2M1",798.76716685229
"G3I2M2",27.5977179729038
"G3I2M4",106.515156697468
"G3I2M7",3.3553033519243
"G3I2N0",28.8877809109703
"G3I2N1",2183.8332276196
"G3I2N4",220.791691453855
"G3I2P4",2.00621071573299
"G3I2P6",50.4583970918705
"G3I2P8",31.2400360615717
"G3I2Q1",14.6185855052293
"G3I2Q4",13.1834319935832
"G3I2Q7",117.036366756539
"G3I2S4",13.1043545410088
"G3I2S7",88.9389914360932
"G3I2T6",86.653211596371
"G3I2T9",1.37328113782653
"G3I2V0",2.39427695005604
"G3I2V6",1.09738907100056
"G3I2W1",0.987718118371669
"G3I2W3",15.649008374308
"G3I2W4",8.06090065109716
"G3I2W7",3.82409436440572
"G3I2X1",13.3806195997161
"G3I2X3",44.3562445268101
"G3I2X6",3.75805707974007
"G3I2X8",4.23344830598206
"G3I2X9",6.51142581082973
"G3I2Y0",6.41184230906475e-07
"G3I2Y1",496.68414094816
"G3I2Z3",1.27479307365854
"G3I303",67.7565249130279
"G3I306",171.242440320108
"G3I308",357.793954199947
"G3I310",92.73697664983
"G3I315",3.82816788488349
"G3I316",0.712143381916261
"G3I318",6.99377357250255
"G3I319",84.3012123241318
"G3I321",24.7088119793826
"G3I322",0.400006975863584
"G3I334",340.720535131796
"G3I341",14.0198289943831
"G3I346",22.998160783376
"G3I347",1.1614042582021
"G3I351",2261.2940445141
"G3I358",0.140572535258875
"G3I360",5.32434755889271
"G3I366",9.61575982505628
"G3I367",0.349315365483224
"G3I369",67.0917629265077
"G3I373",5.77487552087072
"G3I383",204.205400047667
"G3I385",14.919991483485
"G3I386",2.68509323141844
"G3I387",24.4818997533949
"G3I388",263.073897494052
"G3I390",17.2617643760727
"G3I391",6.41184230906475e-07
"G3I399",5.37899757994747
"G3I3A2",26.6930199683701
"G3I3A8",44.3264372220745
"G3I3B3",35.6572127182307
"G3I3B5",67.2295324239999
"G3I3B6",17.6596644591136
"G3I3B7",16.9808689344984
"G3I3C3",0.643667456484376
"G3I3C7",122.937861224646
"G3I3D0",1.26905716228954
"G3I3D5",139.797548546141
"G3I3E0",13.7890511004493
"G3I3E7",3.08379895341413
"G3I3E9",4.34472672359122
"G3I3F3",56.3479718205904
"G3I3F8",0.887795241455657
"G3I3G3",2.30314535533016
"G3I3G7",1.78959059187467
"G3I3G8",116.811185430193
"G3I3H0",35.4429535987848
"G3I3H1",0.456414618568842
"G3I3H2",2604.36591344721
"G3I3H3",0.74826932654381
"G3I3H5",23.9008968681603
"G3I3H9",49.4182814420298
"G3I3I0",32.7051878697566
"G3I3J1",9.34996388412178
"G3I3K5",1.2651274874167
"G3I3K7",0.711278247003076
"G3I3K9",32.4006536603169
"G3I3L7",10.61013867911
"G3I3M5",0.623418808319267
"G3I3N1",6.85818633826174
"G3I3N5",2.59796364393851
"G3I3S7",1.44063303806281
"G3I3T1",3.80945287634936
"G3I3T2",0.33291026802016
"G3I3T3",17.3473342084395
"G3I3T4",3.03789347805032
"G3I3U0",1.54056931813204
"G3I3U5",10.8993415829315
"G3I3V3",73.1439078797788
"G3I3V5",0.76228446646153
"G3I3V6",0.277901363260974
"G3I3W0",149.077510440917
"G3I3W4",51.9018269797529
"G3I3W6",1320.48721748841
"G3I3W7",2.30347023262391
"G3I3X5",9.02451810978692
"G3I3X6",101.332534267287
"G3I3X8",0.522489650082038
"G3I3X9",34.5508605671508
"G3I3Y3",0.817903977811101
"G3I3Y5",56.1004552254872
"G3I3Y6",177.78726212774
"G3I3Y9",6.92855072360831
"G3I3Z1",26.9229148237009
"G3I3Z5",265.82855792601
"G3I3Z8",2.08668655058807
"G3I403",73.5111326463473
"G3I404",0.428436872434034
"G3I409",3.90988806780897
"G3I410",33.6713328533441
"G3I411",3.01866358584158
"G3I412",30.1314466264686
"G3I413",27.9300365140495
"G3I419",12.3945105356735
"G3I420",6.56049482283301
"G3I426",4.29421435611863
"G3I429",4.13462616959081
"G3I432",120.067215717832
"G3I437",1.05597580704949
"G3I443",0.870142441390003
"G3I447",1.74031304083692
"G3I449",5.51597984450891
"G3I453",10.0887465667844
"G3I457",3.10457304126735
"G3I458",11.547871193637
"G3I459",17.1634917334644
"G3I474",2.87947661525684
"G3I478",1.82794818192503
"G3I486",168.278114761344
"G3I488",1.79152395264449
"G3I4A0",0.864603406154918
"G3I4A6",83.193548914761
"G3I4A7",48.3442032758312
"G3I4B6",12.1235119744814
"G3I4B7",15.592535642834
"G3I4B9",19.8775691538267
"G3I4C0",5.10637621473147
"G3I4C8",528.987933135616
"G3I4D4",21.6514709906384
"G3I4E3",3.49385257035
"G3I4E6",10.7988889462169
"G3I4F4",7.42455295117914
"G3I4G0",8.25126102915502
"G3I4H1",12.7160707032697
"G3I4H5",14.2426871335719
"G3I4H6",697.953299550493
"G3I4I2",7.76611516605988
"G3I4I8",52.3536929496749
"G3I4I9",27.1270586967364
"G3I4J1",7.85445686271835
"G3I4J2",18.2698021571903
"G3I4K2",3.26753072755432
"G3I4K4",23.3390353907609
"G3I4K5",164.170730616713
"G3I4L0",12.8053766119102
"G3I4L6",16.8745609901758
"G3I4N2",1.26109201840517
"G3I4N3",143.648417838741
"G3I4N5",29.7265096392367
"G3I4N6",1.02642710450909
"G3I4P0",22.6247883246561
"G3I4P1",2.46804523564591
"G3I4R2",10.7939923701919
"G3I4S4",2.85831727859752
"G3I4T2",14.9165391409985
"G3I4T6",5.91183589402906
"G3I4U4",29.3664547348697
"G3I4U8",0.561024761799731
"G3I4W7",404.543098073533
"G3I4X1",27.587151665962
"G3I4X8",6.41184230906475e-07
"G3I4Y5",9.71844590705093
"G3I4Z0",20.5725818831035
"G3I4Z3",3.91881239012391
"G3I4Z5",9.80629606216909
"G3I4Z6",0.47338672032475
"G3I4Z7",874.853953086024
"G3I4Z9",21.443002743664
"G3I500",39.500630071843
"G3I501",686.245373303723
"G3I505",72.5392692117125
"G3I516",13.9773381492635
"G3I518",172.66292066095
"G3I519",25.6862371275505
"G3I525",3.51976146706102
"G3I529",1.12795349349194
"G3I531",221.68365945158
"G3I534",0.155200435338522
"G3I536",7.86786870516654
"G3I538",5.17662840154338
"G3I539",619.554317361678
"G3I542",17.892293896957
"G3I557",7.02319208305538
"G3I563",1.54217261708218
"G3I581",39.8879199285354
"G3I585",0.91991845947941
"G3I591",10.2754850102542
"G3I592",19.9890905574093
"G3I593",0.854598307893301
"G3I595",6.41184230906475e-07
"G3I597",3.32592781792927
"G3I598",2.00383900688833
"G3I5A0",0.677960534955325
"G3I5A2",28.9912562384498
"G3I5A4",277.792916042278
"G3I5B0",3.13847730319493
"G3I5B3",7.62386827489608
"G3I5C5",0.215181248231913
"G3I5D2",30.7827766553256
"G3I5D5",6.19031393387625
"G3I5E0",33.4149437992099
"G3I5E7",0.293919061058209
"G3I5E8",0.441884866246361
"G3I5F0",11.2683798565054
"G3I5F3",2.44959635362594
"G3I5F4",43.9425775662186
"G3I5F7",47.0283815989783
"G3I5G5",21.8064087207679
"G3I5H3",293.462874200019
"G3I5K4",0.692639327385724
"G3I5L3",515.965507294799
"G3I5M1",3.14941671026797
"G3I5M6",3.14383745793937
"G3I5M8",0.38498875451135
"G3I5N5",13.408141698506
"G3I5N6",134.441810874489
"G3I5P1",0.459558738272008
"G3I5P3",2.31960767636044
"G3I5P4",5.19119406356309
"G3I5P6",5.57983150785081
"G3I5P7",3.28604323108797
"G3I5Q4",804.334753402749
"G3I5Q9",402.339626863586
"G3I5R2",2448.25397223571
"G3I5R3",20.0123267347622
"G3I5R6",0.368051009615904
"G3I5R8",4.48442531989131
"G3I5S2",196.003531800656
"G3I5S4",1.04763609431425
"G3I5S7",131.661527304842
"G3I5S9",19.94029744612
"G3I5T3",44.27993912882
"G3I5T6",2.21797130631966
"G3I5U3",2.73397411682566
"G3I5U4",85.2156959512788
"G3I5U5",125.502342715434
"G3I5V0",1.38648744198804
"G3I5V3",60.3779851267919
"G3I5V6",83.4685944188698
"G3I5V9",8.70578612985887
"G3I5W2",562.301388785668
"G3I5W3",616.761477712224
"G3I5W9",23.0611869243212
"G3I5X3",0.752821751718457
"G3I5Y6",42.6475639296638
"G3I5Z2",2.8669330966315
"G3I5Z4",10.6984666983928
"G3I5Z5",138.708535507497
"G3I5Z8",24.7439075673593
"G3I600",11.7362244704758
"G3I620",37.8566329146974
"G3I624",11.3196982597942
"G3I627",2.48324180340398
"G3I638",268.255450525957
"G3I644",1.09263237637589
"G3I651",2.46489775509747
"G3I661",0.727711188946117
"G3I662",3.25373072481017
"G3I664",9.23052608258116
"G3I665",1.47402755505079
"G3I668",22.4136880378891
"G3I683",179.583796284097
"G3I692",48.8213436339047
"G3I695",1.59564662492171
"G3I6A1",14.5001489516768
"G3I6A4",12.2092499079018
"G3I6B2",22.8102829147084
"G3I6B8",67.1811912025569
"G3I6C1",43.475417437372
"G3I6D0",5.98666648053062
"G3I6E3",53.772436455258
"G3I6E6",119.882486122343
"G3I6F7",0.641766307132395
"G3I6F9",36.7054320960129
"G3I6G7",26.3201645153459
"G3I6H3",64.6424708807026
"G3I6H4",32.9342395330014
"G3I6H5",67.1304341378873
"G3I6H6",20.1564105878265
"G3I6I1",75.3590636161327
"G3I6I6",3446.88151376323
"G3I6I9",0.0329389987144534
"G3I6J0",4.79485069779286
"G3I6J4",323.789388757786
"G3I6J6",214.701828863459
"G3I6K0",88.3402351430122
"G3I6L2",25.2131732410164
"G3I6L7",1.08523441343288
"G3I6L8",6.79367822799172
"G3I6P4",8.9058977281264
"G3I6Q9",26.4866386291192
"G3I6R2",86.0111058478338
"G3I6S5",11.7396499907168
"G3I6T1",68.1446023884509
"G3I6T7",3.95947598210529
"G3I6U3",18.4690809406416
"G3I6U8",25.8350066249686
"G3I6V1",47.5947212542384
"G3I6V2",6.09740444396343
"G3I6V9",3.49538936487804
"G3I6W1",4.2437213106328
"G3I6W3",14.6070854383677
"G3I6W5",58.0575144566258
"G3I6W6",3.91341364690937
"G3I6W8",2473.25413671208
"G3I6W9",0.826082823452094
"G3I6X2",0.478849587596028
"G3I6X8",5.75233790784353
"G3I6Y6",1.36465666697517
"G3I6Z3",27.2573145475517
"G3I6Z5",0.546571422787032
"G3I700",11.9292458737479
"G3I710",55.9382670054199
"G3I713",2.29729781915587
"G3I715",4.11994738024852
"G3I716",5.37988815805255
"G3I717",0.977479799663374
"G3I722",81.2131272743622
"G3I729",2.86551524582198
"G3I732",13.7018244102084
"G3I737",647.973313619273
"G3I740",15.1225742047645
"G3I757",34.602898649407
"G3I764",0.51991009783836
"G3I775",5.28684882401238
"G3I780",5.72232940890414
"G3I782",1397.11758329454
"G3I783",28.9254069099838
"G3I784",13.7041196185117
"G3I798",7.30545173214427
"G3I7A8",69.7181970635823
"G3I7B0",1.16691184325749
"G3I7B2",1.52229555953629
"G3I7B3",26.7586976646476
"G3I7C4",2.0976978882188
"G3I7C7",23.3320294798351
"G3I7D2",4.34163132221648
"G3I7D3",3.02991696116956
"G3I7D7",467.511914431502
"G3I7D8",5.42987952059182
"G3I7E2",3.24256068803774
"G3I7E3",5.80634370510243
"G3I7E4",15.48076232686
"G3I7E7",10.3248306672988
"G3I7G1",3.71207336604308
"G3I7G8",5.48935421492745
"G3I7H3",6.41184230906475e-07
"G3I7H7",77.2084700232017
"G3I7H8",14.6082354318038
"G3I7I0",9.1367335003406
"G3I7I8",1.86869820922169
"G3I7I9",43.5695514225496
"G3I7J6",349.170969780279
"G3I7K2",0.776057128185353
"G3I7K5",137.075537970774
"G3I7L1",14.0795529369598
"G3I7L3",12.3910789603544
"G3I7L9",134.404728034076
"G3I7M1",63.3694933642976
"G3I7M2",286.188132263357
"G3I7M3",2.08582299607101
"G3I7M5",27.5401918952705
"G3I7M6",1.27617406675244
"G3I7M7",2.35276043246603
"G3I7M8",2.44655814683038
"G3I7N3",0.951015469448511
"G3I7N4",1.14732142428686
"G3I7N8",1.38851135116199
"G3I7P9",2.65658364454317
"G3I7Q5",30.580144504266
"G3I7Q6",1.21386615335632
"G3I7Q9",3.14022752508534
"G3I7R7",14.5288928056667
"G3I7S8",1.4975145112644
"G3I7T2",5.8736506395421
"G3I7T3",27.4216300754177
"G3I7T9",2.39687929144898
"G3I7U7",1.93100787000849
"G3I7U9",11.0563447984924
"G3I7V5",42.3344256189628
"G3I7V6",6.27968848840715
"G3I7W3",15.6213474310897
"G3I7W4",28.5480435567544
"G3I7W5",5.94042426307954
"G3I7W8",7.3884448374799
"G3I7X0",3.30707930434991
"G3I7X1",16.3791321278377
"G3I7X2",27.1305788580678
"G3I7X3",36.6023431728959
"G3I7X7",12.0252234231425
"G3I7Y4",5.22844817002405
"G3I7Y6",0.475948149923637
"G3I7Z1",1.47872397860443
"G3I7Z8",68.9246012552218
"G3I801",7.97316049739766
"G3I803",0.736255683326019
"G3I804",12.3087304456975
"G3I831",29.4241009750058
"G3I834",830.591209857999
"G3I837",21.7318477331355
"G3I841",2.18963942640368
"G3I846",5.76806930594036
"G3I847",4.55604420995897
"G3I854",20.2703070310613
"G3I858",6.41184230906475e-07
"G3I863",15.1444492321647
"G3I871",2.29599843238236
"G3I873",42.3760936836054
"G3I874",10.97828980258
"G3I877",347.182027550736
"G3I881",220.439961627748
"G3I883",1.80559656294081
"G3I885",1.43668709603505
"G3I886",102.555107221568
"G3I887",185.601419830477
"G3I8B3",1.82354162689113
"G3I8B9",108.638156854952
"G3I8D0",59.8180581979963
"G3I8D4",0.61705784930012
"G3I8D6",2.53102206451272
"G3I8D7",1.6488576389417
"G3IP32",22.7006134908925
"G3I8H1",5.77733028538388
"G3I8H3",18.7403049927973
"G3I8H4",4.70936678619426
"G3I8H6",1.73494783372186
"G3I8H9",24.6655296543414
"G3I8K2",1.74793255918144
"G3I8K9",30.5165364281942
"G3I8L1",2.51462141214913
"G3I8L4",16.3987553293226
"G3I8N1",7.67330146917094
"G3I8P7",18.697410590341
"G3I8R5",26.3799505833797
"G3I8R8",17.7719160512406
"G3I8R9",3813.0290282287
"G3I8S0",0.483346915983129
"G3I8S7",308.017141542274
"G3I8S9",15.95107657375
"G3I8T1",6.41184230906475e-07
"G3I8T3",29.8477365975979
"G3I8T9",0.336876880219396
"G3I8U4",19.7625840218029
"G3I8U6",6.41184230906475e-07
"G3I8V9",8.9163089199219
"G3I8W0",32.0619982674203
"G3I8W2",1.11240347071621
"G3I8X0",60.6995680173591
"G3I8X2",30.3127840819803
"G3I8X6",14.6565378128171
"G3I8Y1",21.6118686269496
"G3I8Y5",23.9441349146274
"G3I8Y6",4.25079137530405
"G3I8Z2",0.891154981656338
"G3I8Z3",8.6465391254514
"G3I8Z5",9.65717038275921
"G3I903",35.1719347779538
"G3I904",58.3438018119857
"G3I905",2.16726350110282
"G3I909",12.0663642999653
"G3I916",5.01438458104186
"G3I923",15.3252452497804
"G3I935",7.25868320236066
"G3I936",33.4303017150277
"G3I948",485.518738731219
"G3I952",301.187614747627
"G3I956",1.02028864182948
"G3I958",10.7059802305543
"G3I962",0.860837940541256
"G3I966",0.230256324316367
"G3I968",150.317940313095
"G3I970",4.65162990535097
"G3I971",10.5532389523862
"G3I973",536.964166614176
"G3I979",3091.7153661352
"G3I985",3.19537567331012
"G3I987",1.27744887276035
"G3I994",124.910386690588
"G3I9A3",101.219856215644
"G3I9A4",2.68509323141844
"G3I9B1",20.5469991540948
"G3I9B3",9.75328778701509
"G3I9C1",3.08707877068564
"G3I9C6",1.37892526459328
"G3I9D3",81.8637700648662
"G3I9E3",40.2753321541776
"G3I9F0",34.8240888590059
"G3I9F1",149.077510440917
"G3I9F9",9.37251987552502
"G3I9G5",2.84414119014002
"G3I9G7",148.172208446033
"G3I9G8",6.28550654603585
"G3I9G9",0.819181420524977
"G3I9K2",11.9658057986713
"G3I9L2",6.31560659967828
"G3I9L4",13.9176283905834
"G3I9L7",1.38702004035317
"G3I9M0",0.866963649769614
"G3I9M1",3.21595476831363
"G3I9M5",49.8646428727465
"G3I9M7",1.1181149075176
"G3I9P1",37.1214379890472
"G3I9P4",2.31040130299592
"G3I9R6",9.33194303224385
"G3I9S0",90.6310923841535
"G3I9S1",6.27655576076534
"G3I9S3",1203.10702281022
"G3I9S5",9.23403824476063
"G3I9S8",1.32400730832058
"G3I9T8",9.79335527865905
"G3I9V5",15.7596680272769
"G3I9W1",1.61384117571378
"G3I9W4",11.2307511903188
"G3I9W5",26.7833281534909
"G3I9W6",751.187287705099
"G3I9W7",1050.10546877789
"G3I9X3",75.4294210563266
"G3I9X6",143.685580993112
"G3I9X8",102.5367283524
"G3I9Y0",2.88722176266926
"G3I9Y6",14.3886403767384
"G3I9Y8",2.21494290723151
"G3I9Z3",188.100235489374
"G3I9Z9",15.9072535319843
"G3IA04",4.33698835477673
"G3IA10",4.34174187102967
"G3IA13",16.0641119443184
"G3IA25",5.35606684784784
"G3IA26",5.29830894641334
"G3IA29",10.0305770605434
"G3IA31",753.213626204284
"G3IA32",44.7032493840757
"G3IA34",1.49772808430985
"G3IA72",53.8084307092652
"G3IA73",11.4794037791637
"G3IA75",9.34985054189759
"G3IA76",6.18192672804071
"G3IA77",4.16100810080788
"G3IA80",4.44038762661057
"G3IA85",5.02782440190154
"G3IA86",1.42271916814596
"G3IA94",298.497802603061
"G3IAA6",17.7105798395004
"G3IAB7",3.39631154080703
"G3IAD2",37.2388004841919
"G3IAE3",138.894143126784
"G3IAF9",77.3784358265824
"G3IAG0",15.0028554864169
"G3IAG1",28.1414722394057
"G3IAH2",20.039049423713
"G3IAH6",9.83410927424042
"G3IAI5",166.522737775237
"G3IAI6",38.6041618760622
"G3IAI7",8.62472055530286
"G3IAJ4",19.8926698216241
"G3IAJ8",18.0289083561576
"G3IAK3",2.90085922714342
"G3IAL3",13.4219034373316
"G3IAM0",1.95157698575481
"G3IAM3",84.955078060376
"G3IAN1",23.5772769437185
"G3IAP8",6.8115141377615
"G3IAQ0",2219.57345586186
"G3IAQ6",3.76895064915179
"G3IAR7",0.895365737702638
"G3IAS6",13.3278740604464
"G3IAS8",242.368900748235
"G3IAU0",21.6421525752598
"G3IAV2",6.41184230906475e-07
"G3IAV4",0.559421678484892
"G3IAW1",1.26703917161639
"G3IAW2",2.88078560671539
"G3IAX4",99.0442608358809
"G3IAY2",32.7512301591141
"G3IAY3",8.39206407046595
"G3IB32",67.0301321822263
"G3IB33",1.09453497355256
"G3IB34",24.032956161896
"G3IB40",3.09374808194403
"G3IB49",22.7437791905092
"G3IB53",69.4798453425012
"G3IB69",0.716479994150143
"G3IB70",5.87465541143356
"G3IB71",67.3515990387943
"G3IB72",7.98883414296971
"G3IB74",8.52718078616596
"G3IB76",2.34669211885163
"G3IB78",252.758660295655
"G3IB80",0.89999726308417
"G3IB81",22.3763731502697
"G3IB99",31.8272496857221
"G3IBA9",30.160882116959
"G3IBB9",35.5411998028162
"G3IBC0",0.0576683377333895
"G3IBC1",1.76564405694646
"G3IBC6",0.199550393950754
"G3IBF1",3138.13002433004
"G3IBF4",9.79097151076835
"G3IBF6",25.0013245562847
"G3IBF7",45.008590752229
"G3IBG3",159.208998489789
"G3IBG4",0.500999357930082
"G3IBH0",10.0204666820465
"G3IBI0",32.2413414103167
"G3IBI3",3.37821769556239
"G3IBI4",4.15460528977932
"G3IBI6",143.821848567122
"G3IBJ1",1.01922349809374
"G3IBJ2",13.2613784960112
"G3IBK2",245.859988529113
"G3IBK3",49.7234205872935
"G3IBK4",7.01521949458149
"G3IBK8",14.2875022674788
"G3IBK9",1.46879801989611
"G3IBL0",68.9270203046795
"G3IBL4",38.9626687608747
"G3IBL5",2.74094387569758
"G3IBM7",5.08604005472425
"G3IBN5",9.11204451295174
"G3IBQ9",74.4094480800897
"G3IBR7",0.966497500002738
"G3IBS8",2.08021017540142
"G3IBT1",116.417459683197
"G3IBT3",4.39536879590711
"G3IBT8",1.80720815874686
"G3IBU1",25.7412902972062
"G3IBV7",167.145143329813
"G3IBV8",10.1838635511398
"G3IBW2",2.3600214052103
"G3IBX8",3.65225630599141
"G3IBY2",20.3853868250812
"G3IBY4",79.7373462270129
"G3IC04",20.7272631063261
"G3IC05",24.9041979702168
"G3IC07",1.6692147469173
"G3IC08",9.36571888795149
"G3IC10",9.72423369074612
"G3IC14",1.2111087144657
"G3IC16",5.68373864599202
"G3IC17",3.33973765657692
"G3IC31",6.14379757335362
"G3IC53",18.5409311848529
"G3IC54",893.92324942636
"G3IC63",79.3217586749158
"G3IC73",31.3921114281331
"G3IC74",0.355540048391002
"G3IC82",3.62543691411743
"G3IC91",19.9124174113812
"G3IC98",18.2269432605976
"G3IC99",145.717640494338
"G3ICB5",14.1829407590643
"G3ICB6",26.9897840134232
"G3ICB9",77.9466952502101
"G3ICC2",12.6668466727209
"G3ICD3",52.6042516410694
"G3ICD7",6.53114159881357
"G3ICE3",35.3766720065665
"G3ICG1",10.4598312683291
"G3ICG3",5.8518819564104
"G3ICG5",37.2494703991853
"G3ICG9",48.5594356889986
"G3ICH6",39.2773410704278
"G3ICH9",50.0070751352153
"G3ICI5",10.8950130686604
"G3ICJ7",7.28352776724894
"G3ICJ8",52.8176767490412
"G3ICK2",4.18364129141337
"G3ICK8",18.4540167187924
"G3ICL7",10.5993269655315
"G3ICM4",25.7471472429453
"G3ICS0",5.37688247617327
"G3ICS3",8.47927185006961
"G3ICT9",0.436518410275504
"G3ICU7",0.378584419340402
"G3ICU8",19.9646935168546
"G3ICV1",3.3978469207286
"G3ICV2",0.403690238431054
"G3ICV6",14.5530390728741
"G3ICV7",1.46975850141712
"G3ICV9",1.56751190312371
"G3ICW1",54.7985779648752
"G3ICY6",839.904821892331
"G3ID08",166.896172044602
"G3ID11",2.04061069354031
"G3ID18",11.6494554973598
"G3ID20",58.4905718866741
"G3ID21",1.63407706843628
"G3ID32",5.71139821531511
"G3ID41",4.58151264089333
"G3ID44",10.4473182873514
"G3ID46",0.536922090150194
"G3ID56",1.8731082681426
"G3ID61",15.2757209345806
"G3ID62",6.49406408273264
"G3ID64",0.411766534199877
"G3ID92",2.67061957030971
"G3ID93",41.390706273592
"G3IDB0",247.032449430292
"G3IDC2",506.670301153146
"G3IDC3",3.34752020992984
"G3IDD4",776.666566367642
"G3IDD9",1796.31947125655
"G3IDE2",39.3105942678358
"G3IDE4",54.945049406234
"G3IDE5",13.0860199539459
"G3IDE7",1.92271761994121
"G3IDF3",15.2342627330587
"G3IDF4",2.31960767636044
"G3IDF5",1.10288653119181
"G3IDF8",1.10637576671075
"G3IDF9",22.4311800873659
"G3IDI9",3.28418087278804
"G3IDJ2",21.192695103453
"G3IDJ8",22.1723432456826
"G3IDK1",2.43885467296474
"G3IDL0",6.41184230906475e-07
"G3IDL3",246.477714130309
"G3IDL7",3487.55028053292
"G3IDM2",2336.26406310579
"G3IDM7",39.5968470473701
"G3IDM9",9.70267192877962
"G3IDN0",2.07092851519347
"G3IDN7",38.727609024856
"G3IDN8",4.58295229866993
"G3IDN9",262.795956194664
"G3IDP3",6.41184230906475e-07
"G3IDP5",2.60513931109785
"G3IDP6",1.81687871404418
"G3IDQ5",6.60498093676487
"G3IDR5",8.13806549340267
"G3IDS0",45.914274727853
"G3IDS2",189.100065008451
"G3IDS3",10.1155627514481
"G3IDS7",105.463981905505
"G3IDT3",4.4697076342859
"G3IDT6",443.756478962276
"G3IDU1",74.2906221913376
"G3IDU3",5.98588451045512
"G3IDU7",22.4778277211975
"G3IDW2",2.13528007968084
"G3IDW3",10.0287594399571
"G3IDW9",17.3866546857234
"G3IDY0",1.30295363314519
"G3IE01",11.7978888025596
"G3IE04",233.528825056387
"G3IE05",124.182899126314
"G3IE06",2.02195254453156
"G3IE21",47.9903333593298
"G3IE24",2.71938305771665
"G3IE25",71.7276877349516
"G3IE45",2.29080112463312
"G3IE47",0.998929454269191
"G3IE48",157.991090617326
"G3IE78",0.714426251314575
"G3IE98",14.9418569224806
"G3IEA6",3.82794769098096
"G3IEA7",24.0785396349753
"G3IEA9",50.317120341479
"G3IEB3",32.353447368363
"G3IEB4",26.3752613205733
"G3IEE4",193.251186126311
"G3IEE6",195.928451067129
"G3IEE7",9.47931635738022
"G3IEE8",1.42847640199424
"G3IEF0",15.0373865537367
"G3IEF1",2.01828628191385
"G3IEF4",8.16187408293526
"G3IEG2",35.2121690985494
"G3IEG4",1.78357612651981
"G3IEG5",13.6318265743793
"G3IEG6",11.481685812736
"G3IEH3",6.61876576924598
"G3IEJ5",0.674266430567615
"G3IEK1",241.310553626045
"G3IEK4",12.1063667500818
"G3IEK5",6.03247336820706
"G3IEK8",2.66452615974347
"G3IEL3",12.839730441774
"G3IEL5",13.2980643661215
"G3IEM6",0.241558708483051
"G3IEM9",6.41184230906475e-07
"G3IEN3",21.8530135517194
"G3IEP3",1.92368655029255
"G3IER1",14.2553268357189
"G3IER2",31.2294270495703
"G3IES1",6.09226277829053
"G3IES2",7.20664225494362
"G3IES8",292.626104274766
"G3IET4",17.5694171190855
"G3IET7",4.08463697357443
"G3IEU2",427.394710100581
"G3IEU6",5.87510197851318
"G3IEV7",3.68095135446598
"G3IEX0",85.9160825421305
"G3IEX2",152.030279992754
"G3IEX3",113.231118754671
"G3IEX5",4.61905928502522
"G3IEY0",71.2348278669557
"G3IEY5",28.8431021078795
"G3IEY6",4.40742397181244
"G3IEY9",76.4765424496902
"G3IEZ1",18.3149812917333
"G3IEZ3",6.27163300581837
"G3IEZ6",51.5663063481137
"G3IEZ7",1.50114538768767
"G3IF31",1.72861758358934
"G3IF39",19.2367193389255
"G3IF40",40.4655175560986
"G3IF52",48.8177555444844
"G3IF62",148.990692890493
"G3IF70",3.13246115771194
"G3IF79",6.92361211073961
"G3IF80",2180.31438068013
"G3IF87",4.52714868761952
"G3IFA4",0.236599179054764
"G3IFA9",21.7877676952236
"G3IFB0",44.1237648628602
"G3IFB3",2.90718771970621
"G3IFB6",2.57894037914606
"G3IFC0",0.197260609449287
"G3IFE7",12.7172155220163
"G3IFH1",237.481611467533
"G3IFH7",55.897422011532
"G3IFH8",7.24272118532368
"G3IFH9",14.4921010045544
"G3IFJ2",16.0768012066038
"G3IFK1",33.1007477729068
"G3IFK8",0.771761454954604
"G3IFK9",1.80914213542521
"G3IFL1",7.38428321148735
"G3IFL2",185.389070751509
"G3IFL3",77.4524961556803
"G3IFL5",0.137834543605354
"G3IFL6",6.25999790305084
"G3IFM4",15.3989654957693
"G3IFN9",86.3875778575533
"G3IFQ2",12.3967982697239
"G3IFQ3",3.98394681285751
"G3IFQ5",5.69767941519404
"G3IFQ8",53.61407105554
"G3IFS3",29.948967497096
"G3IFT0",15.1352385689447
"G3IFT9",31.6432650272576
"G3IFV2",0.68037506428301
"G3IFV3",32.7394242430401
"G3IFV9",30.397577350853
"G3IFX0",40.9922447316615
"G3IFX1",307.115562523144
"G3IFX2",5.0450424085339
"G3IFY1",56.8443129549403
"G3IFY3",0.415821985734979
"G3IFY8",34.3238151821381
"G3IFZ0",4.1642096265477
"G3IG05",1197.55873073532
"G3IG19",20.447003893891
"G3IG20",19.0812545645408
"G3IG23",77.5690547812437
"G3IG24",4.02209577639016
"G3IG25",38.3276394498545
"G3IG37",4.09478770224147
"G3IG39",4.3390887247907
"G3IG41",1.83160266045301
"G3IG44",241.09638267699
"G3IG47",6.40918144850123
"G3IG52",0.316338547657913
"G3IG71",0.562845217707846
"G3IG95",8.54119354735213
"G3IG96",23.6228320657371
"G3IGA2",294.502605549217
"G3IGA9",13.4150225105122
"G3IGB1",10.0155820113108
"G3IGB3",2.35048475512229
"G3IGD1",35.6086752063287
"G3IGF6",10.6562347379837
"G3IGG2",3.10107393000896
"G3IGG3",11.5900993545504
"G3IGH5",0.686537538193445
"G3IGH6",23.2152743874855
"G3IGH9",102.077291498569
"G3IGI0",653.932724204039
"G3IGI5",39.750097185862
"G3IGI6",3.62642603964247
"G3IGI9",13.3657125648391
"G3IGK3",1.65239276332767
"G3IGK5",0.797076234842351
"G3IGL0",799.998477574892
"G3IGL3",20.4411907045334
"G3IGL7",1.41696269208826
"G3IGN5",0.407599784920711
"G3IGN7",10.9321489812924
"G3IGP2",6.12289130163129
"G3IGQ2",67.5111424922839
"G3IGQ3",1849.19772345466
"G3IGS4",244.750730604543
"G3IGS8",77.4039317452865
"G3IGT2",0.435861858864687
"G3IGT5",14.1599635623133
"G3IGT7",6.41184230906475e-07
"G3IGU3",51.5579192402572
"G3IGU8",0.663042489627019
"G3IGW0",22.9129677120373
"G3IGX9",25.0270710126417
"G3IGY2",7.20113539543899
"G3IGY6",5.70158302953869
"G3IGY7",20.8063627709306
"G3IGZ0",10.2860584319352
"G3IGZ4",3.57950723840247
"G3IGZ5",1.04119804570351
"G3IGZ6",2.06207982016482
"G3IGZ7",8.5610839116018
"G3IGZ8",132.242141187882
"G3IH20",3.03374123344384
"G3IH34",60.3671462230957
"G3IH35",81.4867415095863
"G3IH36",1213.82102954365
"G3IH46",237.003134215723
"G3IH47",31.8874060314257
"G3IH48",18.8968386337375
"G3IH63",212.242355574975
"G3IH68",9.27913373044409
"G3IH72",17.89808195864
"G3IH79",554.921475138036
"G3IH96",155.469255305897
"G3IHA0",9.82480007717609
"G3IHA7",0.379493274418756
"G3IHB4",140.230755572262
"G3IHC0",131.809761243705
"G3IHC7",126.23007974332
"G3IHD0",0.611808810192059
"G3IHD1",38.0654184738753
"G3IHE1",22.9281383279003
"G3IHE5",507.134930571052
"G3IHE8",19.9170639957011
"G3IHF5",3.04051604347252
"G3IHH1",2.75020147789057
"G3IHH3",2.51592464827662
"G3IHH6",7.6157617740314
"G3IHH7",5.21999573259677
"G3IHH8",2.26038294070583
"G3IHH9",12.2641324747255
"G3IHI0",11.0939543421798
"G3IHI1",0.46156270938182
"G3IHI9",5.93651543238124
"G3IHJ0",0.882063640360049
"G3IHJ3",15.4473506508053
"G3IHJ8",13.8372630332087
"G3IHK1",0.306668588492116
"G3IHK4",1.38222689486293
"G3IHN4",5.06681759212405
"G3IHN6",393.145677941362
"G3IHQ3",5.35361812320712
"G3IHQ5",2.54949051204444
"G3IHQ6",42.9107532296129
"G3IHQ7",168.626771362257
"G3IHR8",16.9334898855501
"G3IHS1",3.07592785515004
"G3IHS6",4.34782219670874
"G3IHT0",0.687151802551781
"G3IHT6",2.17093826012816
"G3IHT7",1.1220288476995
"G3IHW0",477.491505666528
"G3IHW1",0.877645045708705
"G3IHW5",3.60126102573082
"G3IHX5",80.1724519636898
"G3IHY5",241.562527365029
"G3IHZ2",19.4142775982004
"G3IHZ9",18.8284224252702
"G3II01",36.1533651589551
"G3II02",27.0085552816614
"G3II12",9.19914514559878
"G3II14",23.8144284128055
"G3II19",23.855324384521
"G3II25",4.57353941825042
"G3II26",9.69461503864898
"G3II27",52.0588269631547
"G3II28",12.8614894145286
"G3II33",93.94016753309
"G3II42",5.26203987351855
"G3II46",3.71284327632866
"G3II47",298.14260318279
"G3II51",17.25829561939
"G3II52",12.4688689101686
"G3II56",47.8457014790831
"G3II57",5.83312951047393
"G3II69",61.7682941520016
"G3II70",2.15267454939826
"G3II80",48.7723071546
"G3II81",8.39296762740243
"G3IIA0",167.381677226108
"G3IIA1",25.9779453069242
"G3IIB2",1.06452887687892
"G3IIB5",39.0160978725264
"G3IIC0",1.10140635787507
"G3IID6",23.7314750345584
"G3IID9",0.798990817818633
"G3IIE6",2.95521150550215
"G3IIE7",101.688966660251
"G3IIF3",8.53373504903215
"G3IIG7",2.35156840206561
"G3IIH3",60.158810724748
"G3III4",0.346983308769738
"G3IIK9",10.3803252696412
"G3IIM7",5.84574254725861
"G3IIN9",1.18004872148166
"G3IIQ4",0.157164897462842
"G3IIQ7",4.53080181393793
"G3IIS0",11.2022473545002
"G3IIT5",92.8432279839693
"G3IIT6",5.34204282749081
"G3IIU8",34.3971265956274
"G3IIV0",43.1072862910154
"G3IIV1",0.581401929267958
"G3IIV2",19.7858115912904
"G3IIV4",6.41184230906475e-07
"G3IIV5",16.7740506883771
"G3IIV7",2.63776405975956
"G3IIW0",16.099873427161
"G3IIW2",2.40338554686308
"G3IIY2",2.58796227483697
"G3IIY3",0.617794491056107
"G3IIY8",0.413179650764293
"G3IIZ6",21.6794270193643
"G3IJ02",42.1511020004783
"G3IJ14",0.615377168219647
"G3IJ15",9.7625947730222
"G3IJ16",1541.41451988898
"G3IJ17",4.78509125566556
"G3IJ19",2.39275896006162
"G3IJ21",6.37156703974226
"G3IJ22",3.26654495009795
"G3IJ29",55.2200177811121
"G3IJ36",37.503206496553
"G3IJ61",0.245766344951652
"G3IJ63",0.0959337768671947
"G3IJ65",44.7938905426197
"G3IJ66",3.75849720406536
"G3IJ85",270.278407055588
"G3IJ86",28.5362902839261
"G3IJ98",36.3582852635973
"G3IJ99",12.7229396660323
"G3IJA8",8.88111615880069
"G3IJA9",3.64346235450766
"G3IJB1",0.927171762558743
"G3IJB6",47.1048365045196
"G3IJB9",4.06643391912924
"G3IJD1",156.351126305848
"G3IJD9",10.5204692355985
"G3IJE1",2.93337933965833
"G3IJF2",87.0663368475398
"G3IJF3",2.61546905140837
"G3IJF5",18.2315764969102
"G3IJG2",78.387553448841
"G3IJI2",2.10277237337167
"G3IJJ0",188.75010506798
"G3IJJ1",5.15483799317189
"G3IJJ7",6.41184230906475e-07
"G3IJL8",44.5303321880478
"G3IJM5",1.42357204393156
"G3IJN4",10.9467310759371
"G3IJQ0",2.92333831574811
"G3IJQ5",55.1227531222835
"G3IJQ6",101.995212521282
"G3IJS1",5.1530593164371
"G3IJS6",4.22803597367695
"G3IJU1",2.88733085408376
"G3IJU2",4.39061337998626
"G3IJU9",24.1054235123791
"G3IJV4",0.593562766383382
"G3IJV7",54.1408145968993
"G3IJZ9",48.8380881646172
"G3IK01",58.8142301663911
"G3IK05",29.0853351460084
"G3IK12",2.45241765542135
"G3IK13",131.575060013933
"G3IK27",12.8351497581835
"G3IK30",4.39028161303291
"G3IK36",1.72282445615492
"G3IK38",60.5815273940079
"G3IK39",16.9889584705506
"G3IK43",3.02423547521079
"G3IK45",19.6000159560284
"G3IK55",1.08016247190843
"G3IK64",0.750566309542335
"G3IK69",1.7742335343331
"G3IK71",8.77149327639852
"G3IK75",1.31571212643871
"G3IK83",5.60268125981909
"G3IK87",2.15634850174793
"G3IKA0",5.05959589218232
"G3IKA3",9.13050442244049
"G3IKC3",58.1862178091004
"G3IKE2",1990.98342437434
"G3IKF0",42.4987245736453
"G3IKF1",14.9614216187166
"G3IKF2",47.1430654715698
"G3IKH3",12.9325006983558
"G3IKH9",139.500517529247
"G3IKI1",3.80350873411408
"G3IKI2",10.1346536483793
"G3IKJ7",0.26600105980732
"G3IKL1",2.43006716945896
"G3IKM4",1.34283724738354
"G3IKM7",5.0302681313538
"G3IKN5",11.3858531406873
"G3IKP7",9.58172809232242
"G3IKQ5",11.4691348107544
"G3IKQ6",10.7377438740922
"G3IKQ7",3.06608990383989
"G3IKR0",3.88554236518838
"G3IKR1",1.74836186001797
"G3IKS9",50.5266455575552
"G3IKT0",6.41184230906475e-07
"G3IKT2",4.62337944887275
"G3IKT6",19.1833462102814
"G3IKU2",4.05948436055106
"G3IKV0",3.74144361453399
"G3IKV4",3.57873824366507
"G3IKV5",5.64593688573703
"G3IKW0",7.47236842957208
"G3IKW4",1.36817012688083
"G3IKX0",2.64396425124153
"G3IL21",3.18804267464399
"G3IL30",14.3472628911465
"G3IL47",5.65998613906032
"G3IL48",39.8641562799438
"G3IL62",19.8067171623176
"G3IL63",5.29441463952495
"G3IL75",2.90162298691683
"G3IL79",0.609713752380335
"G3IL89",1.57499864000379
"G3IL93",2.5992682627915
"G3ILA5",0.0970472494991465
"G3ILA7",2.88024019125571
"G3ILB1",126.526147465486
"G3ILB6",18.0034353019503
"G3ILC1",2.90075011913832
"G3ILC2",8.79230576897471
"G3ILC3",1.33538934526636
"G3ILC4",1.95933262329839
"G3ILE4",12.187527773476
"G3ILF1",158.550296247274
"G3ILF3",10.9673521475548
"G3ILF4",4.39348872773747
"G3ILF9",0.427442404675214
"G3ILG2",21.1775632945056
"G3ILH7",69.0104792016256
"G3ILI6",48.9899935030949
"G3ILI7",20.564441811554
"G3ILJ8",35.7933659807444
"G3ILK3",0.649777301552823
"G3ILM1",14.0037508839372
"G3ILM5",14.4955501069516
"G3ILN4",9.32876966606207
"G3ILN5",544.038705506119
"G3ILP2",0.650463217491943
"G3ILP4",890.505302289826
"G3ILQ1",56.1244844083391
"G3ILQ3",1.05682045469064
"G3ILQ9",2.26005826292589
"G3ILR6",8.24787458374285
"G3ILS1",4.36827622931932
"G3ILS7",33.182240467783
"G3ILT7",5.88648981191586
"G3ILU5",5.45738673098826
"G3ILU8",9.46979150799269
"G3ILW0",4.47678963239733
"G3ILW1",11.0825570721046
"G3ILX2",285.010034097076
"G3ILX5",16.0802619710576
"G3ILY8",7.1004627912984
"G3IM06",19.0116568050964
"G3IM13",678.830231393414
"G3IM26",0.509358927925977
"G3IM40",52.1631026427083
"G3IM56",3.29294521110968
"G3IM70",9.9283526062908
"G3IM75",668.291978858565
"G3IM96",6.36406740991948
"G3IM98",91.435415312023
"G3IMD1",47.1263401743475
"G3IMD7",1.28594863526892
"G3IMD8",6.11227135735431
"G3IMF7",10.4069388134175
"G3IMF9",2.5711149877925
"G3IMH4",5.38100138742806
"G3IMH5",0.895628275031051
"G3IMH7",13.2132333026177
"G3IMH8",1.10743318153806
"G3IMI7",3.88642357121765
"G3IMJ8",7.00533838555286
"G3IMK2",57.980537446657
"G3IMN3",14.4380685571368
"G3IMN8",3.51536969069452
"G3IMP1",3.0683853340859
"G3IMQ5",1.54527248210013
"G3IMT0",16.5892553751598
"G3IMU0",95.7990727561924
"G3IMU1",1.82268185163656
"G3IMV0",10.7106478141942
"G3IMV1",1304.11347194503
"G3IMX2",7.60923174134281
"G3IMX4",49.8550680689375
"G3IMX7",21.324240223389
"G3IMY2",2.73277624768704
"G3IMZ7",11.1201695083192
"G3IN12",11.8195880086199
"G3IN17",1.66203526080141
"G3IN18",947.112944940534
"G3IN30",13.7534696185076
"G3IN68",61.6031864178275
"G3IN79",0.338901456236868
"G3IN81",7.29240952547239
"G3IN86",110.242961993229
"G3INA5",1.32188017700288
"G3INC5",48.3226817466022
"G3IND2",92.4109197128423
"G3INF7",28.2895080249757
"G3ING0",32.1339675922624
"G3ING7",12.4986163043997
"G3INK7",11.3094339725403
"G3INM4",25.8631236817811
"G3INN8",98.1558584172782
"G3INR3",10.0319402830147
"G3INS2",10.4689319240336
"G3INT7",0.889412064894525
"G3INU6",361.125061452798
"G3INV1",24.1428287902661
"G3INW0",18.1574493185984
"G3INX6",21.5315063848122
"G3INY0",6.71068843442561
"G3INY5",1.87945504310473
"G3INZ0",30.9559908662487
"G3INZ6",10.0011556456753
"G3IP00",120.904772323805
"G3IP08",4.27310877335478
"G3IP10",1.62775916370004
"G3IP18",26.8560510364447
"G3IP36",2.71622562592906
"G3IP37",6.19020210203233
"G3IP49",14.1323925273318
"G3IP52",1.79356479598149
"G3IP58",22.4638331000804
"G3IP80",22.15019509257
"G3IP86",52.1702943190026
"G3IPA5",17.8899786893377
"G3IPB5",88.7194728390108
"G3IPB7",250.853654409821
"G3IPB8",38.5424431144326
"G3IPC0",2.35731200190914
"G3IPD2",1.24856350814216
"G3IPE1",31.2070306315136
"G3IPE5",6.41184230906475e-07
"G3IPE9",59.3076497025909
"G3IPH0",46.5828735000875
"G3IPK2",48.8811463867438
"G3IPK9",347.233021448466
"G3IPL0",11.6734290393199
"G3IPL4",3.70184505131815
"G3IPM2",5.19575305556767
"G3IPN0",36.1142806371355
"G3IPN3",161.123465392522
"G3IPP2",10.005585717476
"G3IPP8",16.7370863036402
"G3IPQ9",28.4904540251279
"G3IPR4",29.3488086622352
"G3IPS2",1094.68633171353
"G3IPU3",1584.38959491313
"G3IPV2",10.1993213775371
"G3IPV5",8.92196734223537
"G3IPV6",290.06556570422
"G3IPX1",60.3719635058121
"G3IPX3",7.09237503496523
"G3IPY4",38.87837434372
"G3IPZ1",28.4375690151878
"G3IPZ7",212.029077447906
"G3IQ27",585.471290360652
"G3IQ49",110.386658139552
"G3IQ51",27.7174786380514
"G3IQ56",86.380267212555
"G3IQ85",6.68299519709215
"G3IQ91",345.652324068696
"G3IQA4",24.8468639595839
"P05044",45.3354761014781
"P12269",270.265762043672
"P21448",10.9184788421871
"P26636",60.6333198083752
"P27465",0.98090271941455
"P35950",13.1582172127071
"P55262",18.4250481859864
"P83337",37.617050206227
"Q27PP9",225.730381943079
"Q27PQ0",26.1970894719638
"Q27PQ1",12.7263741926582
"Q27PQ4",2.41932829142469
"Q2MH30",35.8762501333962
"Q3HR12",27.8466511628173
"Q4U3P9",6.08376816172197
"Q63980",44.1607205101296
"Q6E6J6",39.6835676287713
"Q6V9Y0",13.04820750843
"Q6WRU0",76.1598085002445
"Q80WN8",0.160222312415646
"Q80Z93",21.3102695743775
"Q8WBA9",287.036967470643
"Q920N5",3.19701746447708
"Q9EPP7",656.392472935849
"Q9ERF7",277.223401218715
"Q9JI68",1.44671260951291
"Q9JJN7",145.358245431178
"Q9WVM7",51.9929090610164
"Q9Z2J2",136.073784060043
